<?xml version="1.0" encoding="UTF-8"?>
<assets PGFVersion="0.22" GSCVersion="0.13.14"><sounds><sound name="MissleLaunch"><file premulAlpha="0" name="MissleLaunch.ogg" size="16855"/></sound><sound name="BigExplosion"><file premulAlpha="0" name="BigExplosion.ogg" size="60806"/></sound><music name="3 New Worlds - Lost Star"><file premulAlpha="0" name="3 New Worlds - Lost Star.m4a" size="1058856"/></music><sound name="AlienAlarm"><file premulAlpha="0" name="AlienAlarm.ogg" size="251709"/></sound><sound name="Warning"><file premulAlpha="0" name="Warning.ogg" size="8473"/></sound><sound name="a13-launch"><file premulAlpha="0" name="a13-launch.ogg" size="29787"/></sound><sound name="a13-roger"><file premulAlpha="0" name="a13-roger.ogg" size="4720"/></sound><sound name="a13-problemhere"><file premulAlpha="0" name="a13-problemhere.ogg" size="11448"/></sound><sound name="blow"><file premulAlpha="0" name="blow.ogg" size="54022"/></sound><sound name="whistleandreport"><file premulAlpha="0" name="whistleandreport.ogg" size="29419"/></sound><sound name="Coin2"><file premulAlpha="0" name="Coin2.ogg" size="4732"/></sound><music name="Lander_11khzMono_5-25-15"><file premulAlpha="0" name="Lander_11khzMono_5-25-15.m4a" size="149260"/></music></sounds><images><image name="bg_asteroids"><file premulAlpha="0" name="bg_asteroids.png" size="177900"/></image><image name="StarField_Alpha"><file premulAlpha="0" name="StarField_Alpha.png" size="8578"/></image><image name="jp_jetflame2"><file premulAlpha="0" name="jp_jetflame2.png" size="34309"/></image><image name="smoke6"><file premulAlpha="0" name="smoke6.png" size="57282"/></image><image name="as_flame"><file premulAlpha="0" name="as_flame.png" size="37885"/></image><image name="orbYellow"><file premulAlpha="0" name="orbYellow.png" size="3286"/></image><image name="smoke2"><file premulAlpha="0" name="smoke2.png" size="29804"/></image><image name="Fireworks"><file premulAlpha="0" name="Fireworks.png" size="6406"/></image><image name="scratcharea"><file premulAlpha="0" name="scratcharea.png" size="4827"/></image><image name="optionsgs"><file premulAlpha="0" name="optionsgs.png" size="9092"/></image><image name="bubble"><file premulAlpha="0" name="bubble.png" size="17874"/></image><image name="0"><file premulAlpha="0" name="0.png" size="1170"/></image><image name="1"><file premulAlpha="0" name="1.png" size="991"/></image><image name="2"><file premulAlpha="0" name="2.png" size="1126"/></image><image name="3"><file premulAlpha="0" name="3.png" size="1118"/></image><image name="4"><file premulAlpha="0" name="4.png" size="15044"/></image><image name="5"><file premulAlpha="0" name="5.png" size="1097"/></image><image name="6"><file premulAlpha="0" name="6.png" size="1136"/></image><image name="7"><file premulAlpha="0" name="7.png" size="15498"/></image><image name="8"><file premulAlpha="0" name="8.png" size="15604"/></image><image name="9"><file premulAlpha="0" name="9.png" size="1128"/></image><image name="starsrotater"><file premulAlpha="0" name="starsrotater.png" size="50192"/></image><image name="overlaymenyaoverlay"><file premulAlpha="0" name="overlaymenyaoverlay.png" size="45909"/></image><image name="LB8_options"><file premulAlpha="0" name="LB8_options.png" size="5120"/></image><image name="$"><file premulAlpha="0" name="$.png" size="4966"/></image><image name="Close"><file premulAlpha="0" name="Close.png" size="5145"/></image><image name="Euro"><file premulAlpha="0" name="Euro.png" size="5033"/></image><image name="Info"><file premulAlpha="0" name="Info.png" size="4804"/></image><image name="Music"><file premulAlpha="0" name="Music.png" size="5001"/></image><image name="NoMusic"><file premulAlpha="0" name="NoMusic.png" size="5031"/></image><image name="Options"><file premulAlpha="0" name="Options.png" size="5203"/></image><image name="Play"><file premulAlpha="0" name="Play.png" size="4904"/></image><image name="Tweet"><file premulAlpha="0" name="Tweet.png" size="5155"/></image><image name="Facebook"><file premulAlpha="0" name="Facebook.png" size="4762"/></image><image name="Mail"><file premulAlpha="0" name="Mail.png" size="5521"/></image><image name="ss_snow"><file premulAlpha="0" name="ss_snow.png" size="1989"/></image><image name="ss_snowMist"><file premulAlpha="0" name="ss_snowMist.png" size="14937"/></image><image name="InfoPanel"><file premulAlpha="0" name="InfoPanel.png" size="108004"/></image><image name="L8b_Railings"><file premulAlpha="0" name="L8b_Railings.png" size="6804"/></image><image name="FrostBit Logo"><file premulAlpha="0" name="FrostBit Logo.png" size="41648"/></image><image name="gradiant2"><file premulAlpha="0" name="gradiant2.png" size="104703"/></image><image name="smoke5"><file premulAlpha="0" name="smoke5.png" size="50635"/></image><image name="cloud1"><file premulAlpha="0" name="cloud1.png" size="145826"/></image><image name="cloud2"><file premulAlpha="0" name="cloud2.png" size="98410"/></image><image name="cloudBottom1"><file premulAlpha="0" name="cloudBottom1.png" size="49171"/></image><image name="cloudBottom2"><file premulAlpha="0" name="cloudBottom2.png" size="110435"/></image><image name="cloudBottomTile"><file premulAlpha="0" name="cloudBottomTile.png" size="63505"/></image><image name="cloudBack1"><file premulAlpha="0" name="cloudBack1.png" size="204249"/></image><image name="cloudBottom"><file premulAlpha="0" name="cloudBottom.png" size="63505"/></image><image name="cloudBottom2-1"><file premulAlpha="0" name="cloudBottom2-1.png" size="124929"/></image><image name="HiGH-Score"><file premulAlpha="0" name="HiGH-Score.png" size="1101"/></image><image name="AC-Unit"><file premulAlpha="0" name="AC-Unit.png" size="1225"/></image><image name="Antenna's-1"><file premulAlpha="0" name="Antenna's-1.png" size="1833"/></image><image name="Antenna's-2"><file premulAlpha="0" name="Antenna's-2.png" size="2141"/></image><image name="Cafe-Sign"><file premulAlpha="0" name="Cafe-Sign.png" size="10127"/></image><image name="Fence"><file premulAlpha="0" name="Fence.png" size="4142"/></image><image name="Roof-Tank"><file premulAlpha="0" name="Roof-Tank.png" size="1692"/></image><image name="Street-Light"><file premulAlpha="0" name="Street-Light.png" size="1437"/></image><image name="HD-Logo"><file premulAlpha="0" name="HD-Logo.png" size="77901"/></image><image name="CoolPixelShip"><file premulAlpha="0" name="CoolPixelShip.png" size="3091"/></image><image name="B&amp;W-Railing"><file premulAlpha="0" name="B&amp;W-Railing.png" size="3991"/></image><image name="B&amp;W-Landing-Pad"><file premulAlpha="0" name="B&amp;W-Landing-Pad.png" size="14564"/></image><image name="City1_Layer3"><file premulAlpha="0" name="City1_Layer3.png" size="21332"/></image><image name="City1_Layer1"><file premulAlpha="0" name="City1_Layer1.png" size="14093"/></image><image name="City2_Layer1"><file premulAlpha="0" name="City2_Layer1.png" size="11118"/></image><image name="City2_Layer2"><file premulAlpha="0" name="City2_Layer2.png" size="50524"/></image><image name="City2_Layer3"><file premulAlpha="0" name="City2_Layer3.png" size="20932"/></image><image name="City3_Layer1"><file premulAlpha="0" name="City3_Layer1.png" size="5244"/></image><image name="City3_Layer2"><file premulAlpha="0" name="City3_Layer2.png" size="66689"/></image><image name="City3_Layer3"><file premulAlpha="0" name="City3_Layer3.png" size="40574"/></image><image name="City1_Layer2"><file premulAlpha="0" name="City1_Layer2.png" size="153662"/></image><image name="UI_Top"><file premulAlpha="0" name="UI_Top.png" size="8724"/></image><image name="UI_FuelBar"><file premulAlpha="0" name="UI_FuelBar.png" size="3032"/></image><image name="UI_LANDING-RATING"><file premulAlpha="0" name="UI_LANDING-RATING.png" size="1451"/></image><image name="UI_Fuel"><file premulAlpha="0" name="UI_Fuel.png" size="1467"/></image><image name="UI_Fuel-Bar"><file premulAlpha="0" name="UI_Fuel-Bar.png" size="1307"/></image><image name="UI_HOME"><file premulAlpha="0" name="UI_HOME.png" size="1253"/></image><image name="UI_REFILL-FUEL"><file premulAlpha="0" name="UI_REFILL-FUEL.png" size="15374"/></image><image name="UI_SUCCESS_Text"><file premulAlpha="0" name="UI_SUCCESS_Text.png" size="1663"/></image><image name="UI_CRASH"><file premulAlpha="0" name="UI_CRASH.png" size="1723"/></image><image name="UI_BEST"><file premulAlpha="0" name="UI_BEST.png" size="1216"/></image><image name="Refuel_Button"><file premulAlpha="0" name="Refuel_Button.png" size="1120"/></image><image name="UI_Mine"><file premulAlpha="0" name="UI_Mine.png" size="5477"/></image><image name="UI_cannister2"><file premulAlpha="0" name="UI_cannister2.png" size="2663"/></image><image name="UI_cannister1"><file premulAlpha="0" name="UI_cannister1.png" size="7886"/></image><image name="RetryButtonVideo"><file premulAlpha="0" name="RetryButtonVideo.png" size="3806"/></image><image name="RetryBtn"><file premulAlpha="0" name="RetryBtn.png" size="3261"/></image><image name="L8B"><file premulAlpha="0" name="L8B.png" size="7815"/></image><image name="L8B1Gold"><file premulAlpha="0" name="L8B1Gold.png" size="10778"/></image><image name="Face1"><file premulAlpha="0" name="Face1.png" size="3510"/></image><image name="Face2"><file premulAlpha="0" name="Face2.png" size="3538"/></image><image name="Face3"><file premulAlpha="0" name="Face3.png" size="3324"/></image><image name="Helmet"><file premulAlpha="0" name="Helmet.png" size="6249"/></image><image name="LBB0"><file premulAlpha="0" name="LBB0.png" size="14325"/></image><image name="Credit-Disk"><file premulAlpha="0" name="Credit-Disk.png" size="26328"/></image><image name="UI_Coin3"><file premulAlpha="0" name="UI_Coin3.png" size="5283"/></image><image name="UI_Disc_Core"><file premulAlpha="0" name="UI_Disc_Core.png" size="4368"/></image><image name="UI_Disc7"><file premulAlpha="0" name="UI_Disc7.png" size="41814"/></image><image name="UI_Disc6"><file premulAlpha="0" name="UI_Disc6.png" size="40712"/></image><image name="UI_Disc5"><file premulAlpha="0" name="UI_Disc5.png" size="35228"/></image><image name="UI_Disc4"><file premulAlpha="0" name="UI_Disc4.png" size="29993"/></image><image name="UI_Disc3"><file premulAlpha="0" name="UI_Disc3.png" size="24005"/></image><image name="UI_Disc2"><file premulAlpha="0" name="UI_Disc2.png" size="16314"/></image><image name="UI_Disc1"><file premulAlpha="0" name="UI_Disc1.png" size="10714"/></image><image name="sparkle2"><file premulAlpha="0" name="sparkle2.png" size="2617"/></image><image name="Cafe-Sign2"><file premulAlpha="0" name="Cafe-Sign2.png" size="10064"/></image><image name="Cafe-Sign3"><file premulAlpha="0" name="Cafe-Sign3.png" size="9705"/></image><image name="TinyZepplin"><file premulAlpha="0" name="TinyZepplin.png" size="1403"/></image><image name="TinyZepplin2"><file premulAlpha="0" name="TinyZepplin2.png" size="1646"/></image><image name="L8BShakeDown"><file premulAlpha="0" name="L8BShakeDown.png" size="21678"/></image><image name="L8BShakeUp"><file premulAlpha="0" name="L8BShakeUp.png" size="21779"/></image><image name="Face_0011_Face2"><file premulAlpha="0" name="Face_0011_Face2.png" size="15956"/></image><image name="Face_0010_Face2-copy-6"><file premulAlpha="0" name="Face_0010_Face2-copy-6.png" size="15978"/></image><image name="Face_0009_Face2-copy-7"><file premulAlpha="0" name="Face_0009_Face2-copy-7.png" size="12137"/></image><image name="Face_0008_Face2-copy-8"><file premulAlpha="0" name="Face_0008_Face2-copy-8.png" size="9599"/></image><image name="Face_0007_Face2-copy"><file premulAlpha="0" name="Face_0007_Face2-copy.png" size="16163"/></image><image name="Face_0006_Face2-copy-2"><file premulAlpha="0" name="Face_0006_Face2-copy-2.png" size="14634"/></image><image name="Face_0005_Face2-copy-3"><file premulAlpha="0" name="Face_0005_Face2-copy-3.png" size="9731"/></image><image name="Face_0004_Layer-4"><file premulAlpha="0" name="Face_0004_Layer-4.png" size="5032"/></image><image name="Face_0000_Layer-3"><file premulAlpha="0" name="Face_0000_Layer-3.png" size="2492"/></image><image name="UI_OpenCargoBtn"><file premulAlpha="0" name="UI_OpenCargoBtn.png" size="2583"/></image><image name="UI_CargoCountDownBtn"><file premulAlpha="0" name="UI_CargoCountDownBtn.png" size="2945"/></image><image name="UI_Fuel-Bar2"><file premulAlpha="0" name="UI_Fuel-Bar2.png" size="16165"/></image><image name="UI_Results.png2"><file premulAlpha="0" name="UI_Results.png2.png" size="11157"/></image><image name="UI_NoCreditBtn"><file premulAlpha="0" name="UI_NoCreditBtn.png" size="2689"/></image><image name="UI_CreditForFuelBtn"><file premulAlpha="0" name="UI_CreditForFuelBtn.png" size="3177"/></image><image name="UI_Fuel_Menu2"><file premulAlpha="0" name="UI_Fuel_Menu2.png" size="16510"/></image><image name="L8BR"><file premulAlpha="0" name="L8BR.png" size="9362"/></image><image name="Light-Beam"><file premulAlpha="0" name="Light-Beam.png" size="3305"/></image><image name="Mid-Range-Zepplin"><file premulAlpha="0" name="Mid-Range-Zepplin.png" size="7623"/></image></images><behaviors/></assets>
