<?xml version="1.0" encoding="UTF-8"?>
<game GSCVersion="0.13.14" PGFVersion="0.22" title="L8B"><resolutionIndependence>0</resolutionIndependence><instructions>Add game instructions here.</instructions><resolution>1</resolution><scenes><scene id="id791382" label="Splash"/><scene id="id453577" label="Main"/><scene id="id659294" label="Main Game"/><scene id="id945546" label="Galaxy"/><scene id="id999305" label="Space"/><scene id="id498210" label="Ads"/><scene id="id894271" label="Prize"/><scene id="id352972" label="ShipReward"/></scenes><longDescription>L8B</longDescription><prototypes><actor id="id996330"/><actor id="id359394"/><actor id="id656424"/><actor id="id247556"/><actor id="id992707"/><actor id="id466209"/><actor id="id437681"/><actor id="id868425"/><actor id="id132903"/><actor id="id708529"/><actor id="id666638"/><actor id="id399957"/><actor id="id352469"/><actor id="id539295"/><actor id="id200690"/><actor id="id902496"/><actor id="id162853"/><actor id="id559845"/><actor id="id448302"/><actor id="id650609"/><actor id="id874228"/><actor id="id503845"/><actor id="id722225"/><actor id="id472953"/><actor id="id395067"/><actor id="id452586"/><actor id="id352487"/><actor id="id306193"/><actor id="id585783"/><actor id="id303394"/><actor id="id607977"/><actor id="id160543"/><actor id="id140204"/><actor id="id244122"/><actor id="id476039"/><actor id="id336675"/><actor id="id904975"/><actor id="id324123"/><actor id="id509381"/><actor id="id260626"/><actor id="id198799"/><actor id="id206010"/><actor id="id730752"/><actor id="id755985"/><actor id="id716845"/><actor id="id518465"/><actor id="id879304"/><actor id="id621125"/><actor id="id954333"/><actor id="id401351"/><actor id="id650146"/><actor id="id114209"/><actor id="id310959"/><actor id="id182394"/><actor id="id542594"/><actor id="id158609"/><actor id="id207744"/><actor id="id711423"/><actor id="id400541"/><actor id="id792561"/><actor id="id253135"/><actor id="id405914"/><actor id="id174343"/><actor id="id209767"/><actor id="id917114"/><actor id="id928267"/><actor id="id530157"/><actor id="id876030"/><actor id="id259550"/><actor id="id732362"/><actor id="id375003"/><actor id="id503035"/><actor id="id980145"/><actor id="id326019"/><actor id="id451769"/><actor id="id656773"/><actor id="id819089"/><actor id="id775067"/><actor id="id317416"/><actor id="id221744"/><actor id="id869856"/><actor id="id573060"/><actor id="id458632"/><actor id="id717348"/><actor id="id675175"/><actor id="id174716"/><actor id="id785176"/><actor id="id274633"/><actor id="id677891"/><actor id="id267884"/><actor id="id104009"/><actor id="id929714"/><actor id="id610707"/><actor id="id936074"/><actor id="id586073"/><actor id="id242152"/><actor id="id649616"/><actor id="id805530"/><actor id="id443071"/><actor id="id789777"/><actor id="id797980"/><actor id="id614311"/><actor id="id888059"/><actor id="id239381"/><actor id="id662970"/><actor id="id458009"/><actor id="id483372"/><actor id="id795195"/><actor id="id237439"/><actor id="id536144"/><actor id="id922673"/><actor id="id531616"/><actor id="id515144"/><actor id="id371981"/><actor id="id982732"/><actor id="id627243"/><actor id="id938824"/><actor id="id493528"/><actor id="id211298"/><actor id="id675338"/><actor id="id592691"/><actor id="id542733"/><actor id="id304239"/><actor id="id197432"/><actor id="id914227"/><actor id="id526047"/><actor id="id112112"/><actor id="id333344"/><actor id="id265335"/><actor id="id707564"/><actor id="id943040"/></prototypes><plugins><attributes id="playhaven"/><attributes id="qqgamecenter"><boolean id="enabled">false</boolean></attributes></plugins><networkEnabled>0</networkEnabled><attributes><text id="name">default name</text><real id="time">0</real><size id="displaySize"><real id="width">320</real><real id="height">480</real></size><text id="actorTags">Rocks	UI	buttons	Numbers</text><enumeration id="playerType">1</enumeration><playermap id="player1 Keymap"><text id="dpadUp"></text><text id="dpadDown"></text><text id="dpadLeft"></text><text id="dpadRight"></text><text id="buttonX"></text><text id="buttonY"></text><text id="buttonA"></text><text id="buttonB"></text><text id="start"></text><text id="select"></text><text id="leftShoulder1"></text><text id="rightShoulder1"></text><text id="leftShoulder2"></text><text id="rightShoulder2"></text><text id="leftStickClick"></text><text id="rightStickClick"></text></playermap><playermap id="player2 Keymap"><text id="dpadUp"></text><text id="dpadDown"></text><text id="dpadLeft"></text><text id="dpadRight"></text><text id="buttonX"></text><text id="buttonY"></text><text id="buttonA"></text><text id="buttonB"></text><text id="start"></text><text id="select"></text><text id="leftShoulder1"></text><text id="rightShoulder1"></text><text id="leftShoulder2"></text><text id="rightShoulder2"></text><text id="leftStickClick"></text><text id="rightStickClick"></text></playermap><playermap id="player3 Keymap"><text id="dpadUp"></text><text id="dpadDown"></text><text id="dpadLeft"></text><text id="dpadRight"></text><text id="buttonX"></text><text id="buttonY"></text><text id="buttonA"></text><text id="buttonB"></text><text id="start"></text><text id="select"></text><text id="leftShoulder1"></text><text id="rightShoulder1"></text><text id="leftShoulder2"></text><text id="rightShoulder2"></text><text id="leftStickClick"></text><text id="rightStickClick"></text></playermap><playermap id="player4 Keymap"><text id="dpadUp"></text><text id="dpadDown"></text><text id="dpadLeft"></text><text id="dpadRight"></text><text id="buttonX"></text><text id="buttonY"></text><text id="buttonA"></text><text id="buttonB"></text><text id="start"></text><text id="select"></text><text id="leftShoulder1"></text><text id="rightShoulder1"></text><text id="leftShoulder2"></text><text id="rightShoulder2"></text><text id="leftStickClick"></text><text id="rightStickClick"></text></playermap><playermap id="player5 Keymap"><text id="dpadUp"></text><text id="dpadDown"></text><text id="dpadLeft"></text><text id="dpadRight"></text><text id="buttonX"></text><text id="buttonY"></text><text id="buttonA"></text><text id="buttonB"></text><text id="start"></text><text id="select"></text><text id="leftShoulder1"></text><text id="rightShoulder1"></text><text id="leftShoulder2"></text><text id="rightShoulder2"></text><text id="leftStickClick"></text><text id="rightStickClick"></text></playermap><playermap id="player6 Keymap"><text id="dpadUp"></text><text id="dpadDown"></text><text id="dpadLeft"></text><text id="dpadRight"></text><text id="buttonX"></text><text id="buttonY"></text><text id="buttonA"></text><text id="buttonB"></text><text id="start"></text><text id="select"></text><text id="leftShoulder1"></text><text id="rightShoulder1"></text><text id="leftShoulder2"></text><text id="rightShoulder2"></text><text id="leftStickClick"></text><text id="rightStickClick"></text></playermap><playermap id="player7 Keymap"><text id="dpadUp"></text><text id="dpadDown"></text><text id="dpadLeft"></text><text id="dpadRight"></text><text id="buttonX"></text><text id="buttonY"></text><text id="buttonA"></text><text id="buttonB"></text><text id="start"></text><text id="select"></text><text id="leftShoulder1"></text><text id="rightShoulder1"></text><text id="leftShoulder2"></text><text id="rightShoulder2"></text><text id="leftStickClick"></text><text id="rightStickClick"></text></playermap><playermap id="player8 Keymap"><text id="dpadUp"></text><text id="dpadDown"></text><text id="dpadLeft"></text><text id="dpadRight"></text><text id="buttonX"></text><text id="buttonY"></text><text id="buttonA"></text><text id="buttonB"></text><text id="start"></text><text id="select"></text><text id="leftShoulder1"></text><text id="rightShoulder1"></text><text id="leftShoulder2"></text><text id="rightShoulder2"></text><text id="leftStickClick"></text><text id="rightStickClick"></text></playermap><index name="ImpactSpeed" id="id915473">0</index><real name="Fuel" id="id461361">325</real><integer name="altitude" id="id569220">0</integer><boolean name="Thrust" id="id751059">false</boolean><index name="Impact" id="id696662">0</index><table name="Landing" id="id848836">Landing</table><boolean name="TouchDown" id="id398273">false</boolean><integer name="Fuel2" id="id825418">0</integer><integer name="Score" id="id233852">0</integer><integer name="SuccessfulLandings" id="id307433">0</integer><integer name="Best" id="id580598">0</integer><boolean name="crash" id="id272795">false</boolean><real name="LanderHeight" id="id539126">0</real><boolean name="LanderAlive" id="id456466">false</boolean><boolean name="LanderDead" id="id812472">false</boolean><integer name="LanderSpeed" id="id778643">0</integer><boolean name="AdsOn" id="id106849">false</boolean><real name="AdRotator" id="id418431">1</real><real name="LanderX" id="id753835">0</real><real name="LanderY" id="id120206">0</real><boolean name="ChuteOpen" id="id407074">false</boolean><real name="Drop" id="id123485">0</real><real name="OptionsTap" id="id986209">0</real><integer name="InfoIN/Out" id="id733004">0</integer><integer name="Option1Expand" id="id916901">0</integer><integer name="Option2Expand" id="id260969">0</integer><integer name="Option3Expand" id="id794159">0</integer><integer name="Option4Expand" id="id512305">0</integer><real name="ExpandSpeed" id="id561421">0.5</real><integer name="SoundOn/Off" id="id781482">1</integer><table name="Settings" id="id578074">Settings</table><table name="PurchaseTable" id="id395449">PurchaseTable</table><table name="PlanetTable" id="id140252">PlanetTable</table><table name="ShipStore" id="id850003">ShipStore</table><real name="WorldRed" id="id341245">0.8156862745098</real><real name="WorldGreen" id="id220432">0.7843137254902</real><real name="WorldBlue" id="id109646">0.88235294117647</real><real name="coinReward" id="id562385">0</real><table name="Galaxies" id="id291466">Galaxies</table><table name="Ship Settings" id="id966040">Ship Settings</table><real name="coinBank" id="id584946">0</real><text name="LandingMessage" id="id654077"></text><boolean name="CloseUI" id="id602623">false</boolean><real name="City" id="id674643">1</real><boolean name="PopUpUI" id="id556827">false</boolean><real name="PrizeTime" id="id747840">0</real><text name="SceneName" id="id857293"></text><real name="StartTime" id="id227408">0</real><real name="MyTimer" id="id172005">1</real><text name="ShipSkin" id="id289745"></text></attributes></game>
