<?xml version="1.0" encoding="UTF-8"?>
<scene id="id791382" GSCVersion="0.13.14" PGFVersion="0.22"><layers><layer id="id155036"><actors><actor id="id250139" prototype="id405914"><attributes><point id="position"><real id="x">166.671875</real><real id="y">491.21875</real></point><size id="size"><real id="width">30</real><real id="height">24</real></size><real name="emitStartUpTime" id="id105304">0</real></attributes><aspects/></actor><actor id="id541443" prototype="id174343"><attributes><point id="position"><real id="x">166.56640625</real><real id="y">511.18359375</real></point><size id="size"><real id="width">24</real><real id="height">24</real></size></attributes><aspects/></actor><actor id="id809775" prototype="id326019"><attributes><point id="position"><real id="x">160</real><real id="y">240</real></point><size id="size"><real id="width">246</real><real id="height">300</real></size></attributes><aspects/></actor></actors><attributes><text id="name">Background</text><boolean id="scrollable">true</boolean></attributes></layer></layers><attributes><text id="name">Splash</text><real id="time">0</real><size id="size"><real id="width">320</real><real id="height">480</real></size><boolean id="wrapX">false</boolean><boolean id="wrapY">false</boolean><point id="gravity"><real id="x">0</real><real id="y">0</real></point><color id="color"><real id="red">0.104576818645</real><real id="green">0.14981056749821</real><real id="blue">0.19179813563824</real><real id="alpha">1</real></color><rect id="camera"><point id="origin"><real id="x">0</real><real id="y">0</real></point><size id="size"><real id="width">320</real><real id="height">480</real></size><size id="trackingArea"><real id="width">240</real><real id="height">400</real></size><real id="rotation">0</real></rect><attributes id="autorotate"><boolean id="landscapeLeft">false</boolean><boolean id="portrait">true</boolean><boolean id="landscapeRight">false</boolean><boolean id="portraitUpsideDown">false</boolean></attributes></attributes></scene>
