<?xml version="1.0" encoding="UTF-8"?>
<scene id="id453577" GSCVersion="0.13.14" PGFVersion="0.22"><layers><layer id="id328997"><actors><actor id="id156198" prototype="id666638"><attributes><point id="position"><real id="x">158.69955444336</real><real id="y">242.486328125</real></point><size id="size"><real id="width">320</real><real id="height">478.29296875</real></size><color id="color"><real id="red">1</real><real id="green">1</real><real id="blue">1</real><real id="alpha">0.5</real></color></attributes><aspects><physics><attributes><boolean id="movable">true</boolean></attributes></physics></aspects><behaviors><behavior id="id606216" class="MoveBehavior" enabled="true"><attributes><text id="name">Move</text><text id="bundleName">Move.behavior</text><angle id="direction">90</angle><index id="space">1</index><index id="moveType">0</index><real id="speed">50</real><boolean id="haltWhenBehaviorStops">true</boolean></attributes></behavior></behaviors></actor><actor id="id672908" prototype="id352469"><attributes><point id="position"><real id="x">-9.296875</real><real id="y">7.2109375</real></point></attributes><aspects/><behaviors><behavior id="id800227" class="ParticlesBehavior" enabled="true"><attributes><text id="name">Particles</text><text id="bundleName">Particles.behavior</text><index id="numParticles">4</index><real id="size"><expression><string xml:space="preserve">4</string></expression></real><real id="lifetime"><expression><string xml:space="preserve">4</string></expression></real><real id="startupTime">0</real><angle id="direction">90</angle><real id="speed"><expression><string xml:space="preserve">250</string></expression></real><image id="image"></image><angle id="rotation">0</angle><real id="angularVelocity">0</real><index id="directionRelativity">0</index><real id="emitterOffsetX"><expression><string xml:space="preserve">random(2,318)</string></expression></real><real id="emitterOffsetY"><expression><string xml:space="preserve">0</string></expression></real><boolean id="colorChange">true</boolean><boolean id="sizeChange">false</boolean><real id="colorTransitionTime"><expression><string xml:space="preserve">1.4</string></expression></real><real id="sizeTarget">5</real><real id="sizeTransitionTime">0</real><color id="color"><real id="red">0.5</real><real id="green">0</real><real id="blue">0.5</real><real id="alpha">1</real></color><color id="colorTarget"><real id="red">1</real><real id="green">1</real><real id="blue">1</real><real id="alpha">0</real></color><boolean id="affectedByGravity">false</boolean><enumeration id="blendingMode">0</enumeration></attributes></behavior></behaviors></actor><actor id="id917884" prototype="id539295"><attributes><point id="position"><real id="x">-9.07421875</real><real id="y">18.65234375</real></point></attributes><aspects/><behaviors><behavior id="id800227" class="ParticlesBehavior" enabled="true"><attributes><text id="name">Particles</text><text id="bundleName">Particles.behavior</text><index id="numParticles">2</index><real id="size"><expression><string xml:space="preserve">3</string></expression></real><real id="lifetime"><expression><string xml:space="preserve">1</string></expression></real><real id="startupTime">0</real><angle id="direction">90</angle><real id="speed"><expression><string xml:space="preserve">300</string></expression></real><image id="image"></image><angle id="rotation">0</angle><real id="angularVelocity">0</real><index id="directionRelativity">0</index><real id="emitterOffsetX"><expression><string xml:space="preserve">random(2,318)</string></expression></real><real id="emitterOffsetY"><expression><string xml:space="preserve">0</string></expression></real><boolean id="colorChange">true</boolean><boolean id="sizeChange">false</boolean><real id="colorTransitionTime"><expression><string xml:space="preserve">4</string></expression></real><real id="sizeTarget">5</real><real id="sizeTransitionTime">0</real><color id="color"><real id="red">1</real><real id="green">0</real><real id="blue">0</real><real id="alpha">1</real></color><color id="colorTarget"><real id="red">1</real><real id="green">1</real><real id="blue">1</real><real id="alpha">0</real></color><boolean id="affectedByGravity">false</boolean><enumeration id="blendingMode">0</enumeration></attributes></behavior><behavior id="id413291" class="TimerBehavior" enabled="true"><attributes><text id="name">Timer</text><text id="bundleName">Timer.behavior</text><index id="timerType">0</index><real id="interval"><expression><string xml:space="preserve">random(1,5)</string></expression></real><boolean id="runToCompletion">false</boolean></attributes><behaviors><behavior id="id971189" class="SpawnAction" enabled="true"><attributes><text id="name">Spawn Actor</text><text id="bundleName">Spawn.behavior</text><text id="prototypeKey">id917114</text><angle id="direction">0</angle><index id="directionSpace">1</index><real id="x"><expression><string xml:space="preserve">random(10,350)</string></expression></real><real id="y">0</real><index id="positionSpace">1</index><index id="layerOrder">3</index></attributes></behavior></behaviors></behavior></behaviors></actor><actor id="id295693" prototype="id399957"><attributes><point id="position"><real id="x">-9.01953125</real><real id="y">31.4453125</real></point><size id="size"><real id="width">10</real><real id="height">10</real></size><angle id="rotation">0</angle></attributes><aspects/></actor><actor id="id233003" prototype="id399957"><attributes><text id="name">Audio Controls</text><point id="position"><real id="x">-9.84765625</real><real id="y">45.546875</real></point><size id="size"><real id="width">10</real><real id="height">10</real></size><angle id="rotation">0</angle><color id="color"><real id="red">1</real><real id="green">1</real><real id="blue">0</real><real id="alpha">1</real></color></attributes><aspects/><behaviors><behavior id="id984572" class="PlaySoundAction" enabled="true"><attributes><text id="name">Play Sound</text><text id="bundleName">PlaySound.behavior</text><sound id="soundName">a13-launch</sound><boolean id="loop">false</boolean><boolean id="runToCompletion">true</boolean><boolean id="positional">false</boolean><boolean id="dopplerShift">false</boolean><real id="volume">1</real><real id="pitch">1</real></attributes></behavior><behavior id="id263219" class="PlayMusicAction" enabled="true"><attributes><text id="name">Play Music</text><text id="bundleName">PlayMusic.behavior</text><music id="musicName">Lander_11khzMono_5-25-15</music><boolean id="loop">true</boolean></attributes></behavior><behavior id="id236304" class="TimerBehavior" enabled="true"><attributes><text id="name">Timer</text><text id="bundleName">Timer.behavior</text><index id="timerType">1</index><real id="interval">1</real><boolean id="runToCompletion">true</boolean></attributes><behaviors><behavior id="id489467" class="PlaySoundAction" enabled="true"><attributes><text id="name">Play Sound</text><text id="bundleName">PlaySound.behavior</text><sound id="soundName">a13-problemhere</sound><boolean id="loop">false</boolean><boolean id="runToCompletion">true</boolean><boolean id="positional">false</boolean><boolean id="dopplerShift">false</boolean><real id="volume">1</real><real id="pitch">1</real></attributes></behavior></behaviors></behavior><behavior id="id404522" class="TimerBehavior" enabled="true"><attributes><text id="name">Timer</text><text id="bundleName">Timer.behavior</text><index id="timerType">1</index><real id="interval">2</real><boolean id="runToCompletion">true</boolean></attributes><behaviors><behavior id="id459609" class="PlaySoundAction" enabled="true"><attributes><text id="name">Play Sound</text><text id="bundleName">PlaySound.behavior</text><sound id="soundName">AlienAlarm</sound><boolean id="loop">true</boolean><boolean id="runToCompletion">true</boolean><boolean id="positional">false</boolean><boolean id="dopplerShift">false</boolean><real id="volume">0.78157943487167</real><real id="pitch">1</real></attributes></behavior><behavior id="id540144" class="TimerBehavior" enabled="true"><attributes><text id="name">Timer</text><text id="bundleName">Timer.behavior</text><index id="timerType">0</index><real id="interval">1</real><boolean id="runToCompletion">false</boolean></attributes><behaviors><behavior id="id831244" class="PlaySoundAction" enabled="true"><attributes><text id="name">Play Sound</text><text id="bundleName">PlaySound.behavior</text><sound id="soundName">Warning</sound><boolean id="loop">false</boolean><boolean id="runToCompletion">true</boolean><boolean id="positional">false</boolean><boolean id="dopplerShift">false</boolean><real id="volume">1</real><real id="pitch">1</real></attributes></behavior></behaviors></behavior></behaviors></behavior></behaviors></actor><actor id="id580450" prototype="id992707"><attributes><text id="name">High Score Name</text><point id="position"><real id="x">160</real><real id="y">510</real></point><size id="size"><real id="width">165</real><real id="height">23</real></size><angle id="rotation">0</angle><color id="color"><real id="red">1</real><real id="green">1</real><real id="blue">1</real><real id="alpha">1</real></color><image id="image">HiGH-Score</image></attributes><aspects/><behaviors><behavior id="id206185" class="TimerBehavior" enabled="true"><attributes><text id="name">Timer</text><text id="bundleName">Timer.behavior</text><index id="timerType">1</index><real id="interval">0.3</real><boolean id="runToCompletion">false</boolean></attributes><behaviors><behavior id="id393577" class="InterpolateBehavior" enabled="true"><attributes><text name="Name" id="name">Interpolate</text><text name="Bundle Name" id="bundleName">Interpolate.behavior</text><boolean name="Run To Completion" id="runToCompletion">true</boolean><text name="Target Attribute" id="targetAttribute">self.attributes.position.y</text><real name="Final Value" id="finalValue">375</real><real name="Duration" id="duration">0.3</real><index name="Easing" id="easing">0</index></attributes></behavior></behaviors></behavior></behaviors></actor><actor id="id361299" prototype="id992707"><attributes><text id="name">Warning</text><point id="position"><real id="x">160</real><real id="y">165.05859375</real></point><size id="size"><real id="width">100</real><real id="height">50</real></size><angle id="rotation">0</angle><image id="image"></image></attributes><aspects><physics><attributes><boolean id="movable">true</boolean></attributes></physics></aspects><behaviors><behavior enabled="true" id="id603503" class="RuleBehavior"><attributes><text id="name">Rule</text><text id="bundleName">Rule.behavior</text><real id="compoundConditionKind">0</real></attributes><conditions><condition id="id836758" pluginPredicateTypeIndex="0" eventType="mouse position"><attributes><index id="conditionType">1</index><text id="subjectAttribute">self.attributes.position.x</text></attributes><predicate type="number"><attributes><text id="operator">=</text><real id="RHS">640</real></attributes></predicate></condition></conditions><behaviors><behavior id="id109518" class="ChangeAttributeAction" enabled="true"><attributes><text id="name">Change Attribute</text><text id="bundleName">ChangeAttribute.behavior</text><text id="targetAttribute">self.attributes.position.x</text><text id="RHS">-160</text></attributes></behavior></behaviors><elseBehaviors/></behavior><behavior id="id644177" class="DisplayTextBehavior" enabled="true"><attributes><text name="Name" id="name">Display Text</text><text name="Bundle Name" id="bundleName">DisplayText.behavior</text><text name="Text" id="text">Warning...Landing Computers offline!...Warning</text><text name="Font" id="font">American Typewriter</text><real name="Size" id="size">18</real><index name="Alignment" id="alignment">1</index><boolean name="Wrap" id="wrap">false</boolean><color id="color"><real name="Red" id="red">1</real><real name="Green" id="green">0</real><real name="Blue" id="blue">0</real><real name="Alpha" id="alpha">1</real></color><real id="offsetx">0</real><real id="offsety">0</real><index id="space">0</index><index id="directionSpace">0</index><angle id="direction">0</angle></attributes></behavior><behavior id="id676232" class="MoveBehavior" enabled="true"><attributes><text id="name">Move</text><text id="bundleName">Move.behavior</text><angle id="direction">0</angle><index id="space">1</index><index id="moveType">0</index><real id="speed">50</real><boolean id="haltWhenBehaviorStops">true</boolean></attributes></behavior></behaviors></actor><actor id="id502299" prototype="id996330"><attributes><point id="position"><real id="x">160</real><real id="y">230</real></point><size id="size"><real id="width">123</real><real id="height">45</real></size><angle id="rotation">0</angle><image id="image">L8B</image></attributes><aspects/><behaviors><behavior id="id864764" class="ChangeAttributeAction" enabled="true"><attributes><text id="name">Change Attribute</text><text id="bundleName">ChangeAttribute.behavior</text><text id="targetAttribute">game.attributes.id857293</text><text id="RHS"><expression><reference keypath="scene.attributes.name"/></expression></text></attributes></behavior><behavior id="id407826" class="TimerBehavior" enabled="true"><attributes><text id="name">Right Smoke Timer</text><text id="bundleName">Timer.behavior</text><index id="timerType">0</index><real id="interval">1</real><boolean id="runToCompletion">true</boolean></attributes><behaviors><behavior id="id531851" class="ParticlesBehavior" enabled="true"><attributes><text id="name">Smokes</text><text id="bundleName">Particles.behavior</text><index id="numParticles"><expression><string xml:space="preserve">10</string></expression></index><real id="size"><expression><string xml:space="preserve">25</string></expression></real><real id="lifetime"><expression><string xml:space="preserve">3</string></expression></real><real id="startupTime">2</real><angle id="direction"><expression><string xml:space="preserve">180</string></expression></angle><real id="speed"><expression><string xml:space="preserve">100</string></expression></real><image id="image">smoke6</image><angle id="rotation">0</angle><real id="angularVelocity">0</real><index id="directionRelativity">0</index><real id="emitterOffsetX">0</real><real id="emitterOffsetY">-22</real><boolean id="colorChange">true</boolean><boolean id="sizeChange">true</boolean><real id="colorTransitionTime">1</real><real id="sizeTarget"><expression><string xml:space="preserve">15</string></expression></real><real id="sizeTransitionTime"><expression><string xml:space="preserve">2</string></expression></real><color id="color"><real id="red">1</real><real id="green">1</real><real id="blue">1</real><real id="alpha">0.07</real></color><color id="colorTarget"><real id="red">1</real><real id="green">1</real><real id="blue">1</real><real id="alpha">0.25</real></color><boolean id="affectedByGravity">false</boolean><enumeration id="blendingMode">0</enumeration></attributes></behavior></behaviors></behavior><behavior id="id998229" class="CompoundBehavior" enabled="true"><attributes><text id="name">Right Engine</text><text id="bundleName">Group.behavior</text></attributes><behaviors><behavior id="id936765" class="ParticlesBehavior" enabled="true"><attributes><text id="name">Small Fire</text><text id="bundleName">Particles.behavior</text><index id="numParticles">10</index><real id="size">10</real><real id="lifetime">1.2</real><real id="startupTime">0.2</real><angle id="direction">270</angle><real id="speed">20</real><image id="image">Fireworks</image><angle id="rotation">0</angle><real id="angularVelocity">0</real><index id="directionRelativity">1</index><real id="emitterOffsetX">0</real><real id="emitterOffsetY">-22</real><boolean id="colorChange">true</boolean><boolean id="sizeChange">true</boolean><real id="colorTransitionTime">1</real><real id="sizeTarget">5</real><real id="sizeTransitionTime">0.5</real><color id="color"><real id="red">1</real><real id="green">0.899544</real><real id="blue">0</real><real id="alpha">1</real></color><color id="colorTarget"><real id="red">1</real><real id="green">0.348097</real><real id="blue">0</real><real id="alpha">1</real></color><boolean id="affectedByGravity">false</boolean><enumeration id="blendingMode">0</enumeration></attributes></behavior><behavior id="id111429" class="TimerBehavior" enabled="true"><attributes><text id="name">Timer</text><text id="bundleName">Timer.behavior</text><index id="timerType">0</index><real id="interval">0.5</real><boolean id="runToCompletion">true</boolean></attributes><behaviors><behavior id="id628306" class="ParticlesBehavior" enabled="true"><attributes><text id="name">Particles</text><text id="bundleName">Particles.behavior</text><index id="numParticles">2</index><real id="size">10</real><real id="lifetime">1.2</real><real id="startupTime">0.2</real><angle id="direction"><expression><string xml:space="preserve">270</string></expression></angle><real id="speed">405.77936746988</real><image id="image">Fireworks</image><angle id="rotation">0</angle><real id="angularVelocity">0</real><index id="directionRelativity">1</index><real id="emitterOffsetX">0</real><real id="emitterOffsetY">-22</real><boolean id="colorChange">true</boolean><boolean id="sizeChange">true</boolean><real id="colorTransitionTime">1</real><real id="sizeTarget">5</real><real id="sizeTransitionTime">1</real><color id="color"><real id="red">0</real><real id="green">0.625718</real><real id="blue">1</real><real id="alpha">1</real></color><color id="colorTarget"><real id="red">1</real><real id="green">1</real><real id="blue">1</real><real id="alpha">1</real></color><boolean id="affectedByGravity">true</boolean><enumeration id="blendingMode">2</enumeration></attributes></behavior></behaviors></behavior></behaviors></behavior><behavior id="id916657" class="TimerBehavior" enabled="true"><attributes><text id="name">Timer</text><text id="bundleName">Timer.behavior</text><index id="timerType">0</index><real id="interval">1</real><boolean id="runToCompletion">false</boolean></attributes><behaviors><behavior id="id310860" class="InterpolateBehavior" enabled="true"><attributes><text id="name">Interpolate</text><text id="bundleName">Interpolate.behavior</text><boolean id="runToCompletion">true</boolean><text id="targetAttribute">self.attributes.position.y</text><real id="finalValue"><expression><string xml:space="preserve">random(220,240)</string></expression></real><real id="duration"><expression><string xml:space="preserve">2</string></expression></real><index id="easing">1</index></attributes></behavior><behavior id="id757219" class="InterpolateBehavior" enabled="true"><attributes><text id="name">Interpolate</text><text id="bundleName">Interpolate.behavior</text><boolean id="runToCompletion">true</boolean><text id="targetAttribute">self.attributes.rotation</text><real id="finalValue"><expression><string xml:space="preserve">random(-10,10)</string></expression></real><real id="duration"><expression><string xml:space="preserve">2</string></expression></real><index id="easing">2</index></attributes></behavior></behaviors></behavior></behaviors></actor><actor id="id897798" prototype="id650609"><attributes><point id="position"><real id="x">-11.13671875</real><real id="y">70.57421875</real></point></attributes><aspects/></actor><actor id="id237371" prototype="id140204"><attributes><point id="position"><real id="x">343.2265625</real><real id="y">320</real></point><size id="size"><real id="width">38</real><real id="height">48</real></size></attributes><aspects/><behaviors><behavior id="id172716" class="LoadAttributeAction" enabled="true"><attributes><text name="Name" id="name">Load Attribute</text><text name="Bundle Name" id="bundleName">LoadAtribute.behavior</text><text name="Target Attribute" id="targetAttribute">game.attributes.id580598</text><text name="Key" id="key">HighScore</text></attributes></behavior><behavior id="id454906" class="InterpolateBehavior" enabled="true"><attributes><text name="Name" id="name">Interpolate</text><text name="Bundle Name" id="bundleName">Interpolate.behavior</text><boolean name="Run To Completion" id="runToCompletion">true</boolean><text name="Target Attribute" id="targetAttribute">self.attributes.position.x</text><real name="Final Value" id="finalValue">200</real><real name="Duration" id="duration">0.3</real><index name="Easing" id="easing">0</index></attributes></behavior><behavior id="id207729" class="ConstrainAttributeBehavior" enabled="true"><attributes><text id="name">Constrain Attribute</text><text id="bundleName">ConstrainAttribute.behavior</text><text id="targetAttribute">self.attributes.image</text><text id="RHS"><expression><string xml:space="preserve">floor((</string><reference keypath="game.attributes.id580598"/><string xml:space="preserve">%</string><reference keypath="self.attributes.id726654"/><string xml:space="preserve">)/(</string><reference keypath="self.attributes.id726654"/><string xml:space="preserve">/10))..&quot;.png&quot;</string></expression></text></attributes></behavior></behaviors></actor><actor id="id576142" prototype="id140204"><attributes><point id="position"><real id="x">-16.31640625</real><real id="y">320</real></point><size id="size"><real id="width">38</real><real id="height">48</real></size><integer name="Div" id="id726654">100</integer></attributes><aspects/><behaviors><behavior id="id172716" class="LoadAttributeAction" enabled="true"><attributes><text name="Name" id="name">Load Attribute</text><text name="Bundle Name" id="bundleName">LoadAtribute.behavior</text><text name="Target Attribute" id="targetAttribute">game.attributes.id580598</text><text name="Key" id="key">HighScore</text></attributes></behavior><behavior id="id706071" class="InterpolateBehavior" enabled="true"><attributes><text name="Name" id="name">Interpolate</text><text name="Bundle Name" id="bundleName">Interpolate.behavior</text><boolean name="Run To Completion" id="runToCompletion">true</boolean><text name="Target Attribute" id="targetAttribute">self.attributes.position.x</text><real name="Final Value" id="finalValue">160</real><real name="Duration" id="duration">0.3</real><index name="Easing" id="easing">0</index></attributes></behavior><behavior id="id207729" class="ConstrainAttributeBehavior" enabled="true"><attributes><text id="name">Constrain Attribute</text><text id="bundleName">ConstrainAttribute.behavior</text><text id="targetAttribute">self.attributes.image</text><text id="RHS"><expression><string xml:space="preserve">floor((</string><reference keypath="game.attributes.id580598"/><string xml:space="preserve">%</string><reference keypath="self.attributes.id726654"/><string xml:space="preserve">)/(</string><reference keypath="self.attributes.id726654"/><string xml:space="preserve">/10))..&quot;.png&quot;</string></expression></text></attributes></behavior></behaviors></actor><actor id="id102606" prototype="id140204"><attributes><point id="position"><real id="x">-30</real><real id="y">320</real></point><size id="size"><real id="width">38</real><real id="height">48</real></size><integer name="Div" id="id726654">1000</integer></attributes><aspects/><behaviors><behavior id="id172716" class="LoadAttributeAction" enabled="true"><attributes><text name="Name" id="name">Load Attribute</text><text name="Bundle Name" id="bundleName">LoadAtribute.behavior</text><text name="Target Attribute" id="targetAttribute">game.attributes.id580598</text><text name="Key" id="key">HighScore</text></attributes></behavior><behavior id="id706071" class="InterpolateBehavior" enabled="true"><attributes><text name="Name" id="name">Interpolate</text><text name="Bundle Name" id="bundleName">Interpolate.behavior</text><boolean name="Run To Completion" id="runToCompletion">true</boolean><text name="Target Attribute" id="targetAttribute">self.attributes.position.x</text><real name="Final Value" id="finalValue">120</real><real name="Duration" id="duration">0.3</real><index name="Easing" id="easing">0</index></attributes></behavior><behavior id="id207729" class="ConstrainAttributeBehavior" enabled="true"><attributes><text id="name">Constrain Attribute</text><text id="bundleName">ConstrainAttribute.behavior</text><text id="targetAttribute">self.attributes.image</text><text id="RHS"><expression><string xml:space="preserve">floor((</string><reference keypath="game.attributes.id580598"/><string xml:space="preserve">%</string><reference keypath="self.attributes.id726654"/><string xml:space="preserve">)/(</string><reference keypath="self.attributes.id726654"/><string xml:space="preserve">/10))..&quot;.png&quot;</string></expression></text></attributes></behavior></behaviors></actor><actor id="id713275" prototype="id509381"><attributes><point id="position"><real id="x">159.875</real><real id="y">517.2421875</real></point><size id="size"><real id="width">24</real><real id="height">24</real></size><color id="color"><real id="red">0</real><real id="green">1</real><real id="blue">1</real><real id="alpha">0</real></color></attributes><aspects/><behaviors><behavior id="id519612" class="TimerBehavior" enabled="true"><attributes><text id="name">Timer</text><text id="bundleName">Timer.behavior</text><index id="timerType">2</index><real id="interval">2</real><boolean id="runToCompletion">false</boolean></attributes><behaviors><behavior id="id885285" class="ConstrainAttributeBehavior" enabled="true"><attributes><text id="name">Constrain Attribute</text><text id="bundleName">ConstrainAttribute.behavior</text><text id="targetAttribute">self.attributes.position.y</text><text id="RHS"><expression><string xml:space="preserve">(30*cos(</string><reference keypath="self.attributes.time"/><string xml:space="preserve">*66))*cos(</string><reference keypath="self.attributes.time"/><string xml:space="preserve">*700)</string></expression></text></attributes></behavior><behavior id="id477707" class="MoveBehavior" enabled="false"><attributes><text id="name">Move</text><text id="bundleName">Move.behavior</text><angle id="direction">0</angle><index id="space">0</index><index id="moveType">0</index><real id="speed">200</real><boolean id="haltWhenBehaviorStops">true</boolean></attributes></behavior><behavior id="id854262" class="TimerBehavior" enabled="true"><attributes><text id="name">Timer</text><text id="bundleName">Timer.behavior</text><index id="timerType">0</index><real id="interval">0</real><boolean id="runToCompletion">false</boolean></attributes><behaviors><behavior id="id798464" class="SpawnAction" enabled="true"><attributes><text id="name">Spawn Actor</text><text id="bundleName">Spawn.behavior</text><text id="prototypeKey">id198799</text><angle id="direction"><expression><string xml:space="preserve">random(260,280)</string></expression></angle><index id="directionSpace">0</index><real id="x"><expression><string xml:space="preserve">0</string></expression></real><real id="y">0</real><index id="positionSpace">0</index><index id="layerOrder">3</index></attributes></behavior></behaviors></behavior></behaviors></behavior></behaviors></actor><actor id="id126594" prototype="id819089"><attributes><point id="position"><real id="x">100</real><real id="y">-25</real></point></attributes><aspects><physics><attributes><boolean id="movable">false</boolean></attributes></physics></aspects><behaviors><behavior id="id508193" class="TimerBehavior" enabled="false"><attributes><text id="name">Timer</text><text id="bundleName">Timer.behavior</text><index id="timerType">1</index><real id="interval">0.3</real><boolean id="runToCompletion">false</boolean></attributes><behaviors><behavior id="id393577" class="InterpolateBehavior" enabled="true"><attributes><text name="Name" id="name">Interpolate</text><text name="Bundle Name" id="bundleName">Interpolate.behavior</text><boolean name="Run To Completion" id="runToCompletion">true</boolean><text name="Target Attribute" id="targetAttribute">self.attributes.position.y</text><real name="Final Value" id="finalValue">30</real><real name="Duration" id="duration">0.3</real><index name="Easing" id="easing">0</index></attributes></behavior><behavior id="id659258" class="SpawnAction" enabled="true"><attributes><text id="name">Spawn Actor</text><text id="bundleName">Spawn.behavior</text><text id="prototypeKey">id317416</text><angle id="direction">0</angle><index id="directionSpace">0</index><real id="x">20</real><real id="y">0</real><index id="positionSpace">0</index><index id="layerOrder">0</index></attributes></behavior></behaviors></behavior><behavior id="id674161" class="InterpolateBehavior" enabled="true"><attributes><text name="Name" id="name">Interpolate</text><text name="Bundle Name" id="bundleName">Interpolate.behavior</text><boolean name="Run To Completion" id="runToCompletion">true</boolean><text name="Target Attribute" id="targetAttribute">self.attributes.position.y</text><real name="Final Value" id="finalValue">30</real><real name="Duration" id="duration">0.3</real><index name="Easing" id="easing">0</index></attributes></behavior><behavior id="id671825" class="SpawnAction" enabled="true"><attributes><text id="name">Spawn Actor</text><text id="bundleName">Spawn.behavior</text><text id="prototypeKey">id317416</text><angle id="direction">0</angle><index id="directionSpace">0</index><real id="x">190</real><real id="y">30</real><index id="positionSpace">1</index><index id="layerOrder">0</index></attributes></behavior></behaviors></actor></actors><attributes><text id="name">Background</text><boolean id="scrollable">true</boolean></attributes></layer><layer id="id947333"><actors><actor id="id530434" prototype="id708529"><attributes><text id="name">Play Button</text><point id="position"><real id="x">160</real><real id="y">-25</real></point><size id="size"><real id="width">96</real><real id="height">96</real></size><angle id="rotation">0</angle><image id="image">Play</image></attributes><aspects/><behaviors><behavior id="id696854" class="CompoundBehavior" enabled="true"><attributes><text id="name">Set Prize Timer</text><text id="bundleName">Group.behavior</text></attributes><behaviors><behavior id="id938270" class="ChangeAttributeAction" enabled="true"><attributes><text id="name">Change Attribute</text><text id="bundleName">ChangeAttribute.behavior</text><text id="targetAttribute">game.attributes.id747840</text><text id="RHS">3</text></attributes></behavior><behavior id="id310090" class="ChangeAttributeAction" enabled="true"><attributes><text id="name">Change Attribute</text><text id="bundleName">ChangeAttribute.behavior</text><text id="targetAttribute">game.attributes.id227408</text><text id="RHS"><expression><reference keypath="game.devices.clock.minute"/></expression></text></attributes></behavior></behaviors></behavior><behavior id="id848691" class="InterpolateBehavior" enabled="true"><attributes><text name="Name" id="name">Interpolate</text><text name="Bundle Name" id="bundleName">Interpolate.behavior</text><boolean name="Run To Completion" id="runToCompletion">true</boolean><text name="Target Attribute" id="targetAttribute">self.attributes.position.y</text><real name="Final Value" id="finalValue">100</real><real name="Duration" id="duration">0.3</real><index name="Easing" id="easing">0</index></attributes></behavior><behavior id="id256663" class="ChangeAttributeAction" enabled="true"><attributes><text id="name">Change Attribute</text><text id="bundleName">ChangeAttribute.behavior</text><text id="targetAttribute">game.attributes.id857293</text><text id="RHS"><expression><reference keypath="scene.attributes.name"/></expression></text></attributes></behavior><behavior enabled="true" id="id702543" class="RuleBehavior"><attributes><text id="name">Rule</text><text id="bundleName">Rule.behavior</text><real id="compoundConditionKind">0</real></attributes><conditions><condition id="id942525" pluginPredicateTypeIndex="0" eventType="touch"><attributes><index id="conditionType">0</index></attributes><predicate type="touch" conditionType="pressed"><attributes/></predicate></condition></conditions><behaviors><behavior id="id479003" class="ChangeSceneAction" enabled="true"><attributes><text id="name">Change Scene</text><text id="bundleName">ChangeScene.behavior</text><text id="sceneKey">id659294</text><boolean id="enableAdvertisement">false</boolean><index id="index">1</index></attributes></behavior></behaviors><elseBehaviors/></behavior><behavior id="id606522" class="ChangeAttributeAction" enabled="true"><attributes><text id="name">Change Attribute</text><text id="bundleName">ChangeAttribute.behavior</text><text id="targetAttribute">game.attributes.id539126</text><text id="RHS"><expression><string xml:space="preserve">tableCellValue(</string><reference keypath="game.attributes.id966040"/><string xml:space="preserve">,1,1)</string></expression></text></attributes></behavior></behaviors></actor><actor id="id972276" prototype="id401351"><attributes><point id="position"><real id="x">279</real><real id="y">400</real></point><angle id="rotation">0</angle><color id="color"><real id="red">1</real><real id="green">1</real><real id="blue">1</real><real id="alpha">0</real></color></attributes><aspects/><behaviors><behavior id="id492563" class="ChangeAttributeAction" enabled="true"><attributes><text id="name">Change Attribute</text><text id="bundleName">ChangeAttribute.behavior</text><text id="targetAttribute">self.attributes.id670783</text><text id="RHS"><expression><reference keypath="self.attributes.position.x"/></expression></text></attributes></behavior><behavior id="id922342" class="ChangeAttributeAction" enabled="true"><attributes><text id="name">Change Attribute</text><text id="bundleName">ChangeAttribute.behavior</text><text id="targetAttribute">self.attributes.id160254</text><text id="RHS"><expression><reference keypath="self.attributes.position.y"/></expression></text></attributes></behavior><behavior enabled="true" id="id813078" class="RuleBehavior"><attributes><text id="name">Rule</text><text id="bundleName">Rule.behavior</text><real id="compoundConditionKind">0</real></attributes><conditions><condition id="id932246" eventType="mouse button"><attributes><index id="conditionType">1</index><text id="subjectAttribute">game.attributes.id260969</text></attributes><predicate type="number"><attributes><text id="operator">=</text><real id="RHS">1</real></attributes></predicate></condition></conditions><behaviors><behavior id="id305199" class="InterpolateBehavior" enabled="true"><attributes><text id="name">Interpolate</text><text id="bundleName">Interpolate.behavior</text><boolean id="runToCompletion">true</boolean><text id="targetAttribute">self.attributes.position.y</text><real id="finalValue"><expression><reference keypath="self.attributes.id160254"/><string xml:space="preserve">-48</string><string xml:space="preserve">-48-48-48</string><string xml:space="preserve">-48-48</string></expression></real><real id="duration"><expression><reference keypath="game.attributes.id561421"/></expression></real><index id="easing">0</index></attributes></behavior><behavior id="id591567" class="InterpolateBehavior" enabled="true"><attributes><text id="name">Interpolate</text><text id="bundleName">Interpolate.behavior</text><boolean id="runToCompletion">true</boolean><text id="targetAttribute">self.attributes.color.alpha</text><real id="finalValue"><expression><string xml:space="preserve">1</string></expression></real><real id="duration"><expression><reference keypath="game.attributes.id561421"/></expression></real><index id="easing">0</index></attributes></behavior></behaviors><elseBehaviors><behavior id="id576840" class="InterpolateBehavior" enabled="true"><attributes><text id="name">Interpolate</text><text id="bundleName">Interpolate.behavior</text><boolean id="runToCompletion">true</boolean><text id="targetAttribute">self.attributes.position.y</text><real id="finalValue"><expression><reference keypath="self.attributes.id160254"/></expression></real><real id="duration">1</real><index id="easing">0</index></attributes></behavior><behavior id="id751640" class="InterpolateBehavior" enabled="true"><attributes><text id="name">Interpolate</text><text id="bundleName">Interpolate.behavior</text><boolean id="runToCompletion">true</boolean><text id="targetAttribute">self.attributes.color.alpha</text><real id="finalValue"><expression><string xml:space="preserve">0</string></expression></real><real id="duration">1</real><index id="easing">0</index></attributes></behavior></elseBehaviors></behavior><behavior enabled="true" id="id404698" class="RuleBehavior"><attributes><text id="name">Rule</text><text id="bundleName">Rule.behavior</text><real id="compoundConditionKind">0</real></attributes><conditions><condition id="id546575" eventType="touch"><attributes><index id="conditionType">0</index></attributes><predicate type="touch" conditionType="pressed"><attributes/></predicate></condition><condition id="id745852" eventType="mouse button"><attributes><index id="conditionType">1</index><text id="subjectAttribute">self.attributes.color.alpha</text></attributes><predicate type="number"><attributes><text id="operator">=</text><real id="RHS">1</real></attributes></predicate></condition></conditions><behaviors/><elseBehaviors/></behavior><behavior id="id163596" class="TimerBehavior" enabled="true"><attributes><text id="name">Timer</text><text id="bundleName">Timer.behavior</text><index id="timerType">1</index><real id="interval">2</real><boolean id="runToCompletion">true</boolean></attributes><behaviors><behavior id="id566039" class="InterpolateBehavior" enabled="true"><attributes><text id="name">Interpolate</text><text id="bundleName">Interpolate.behavior</text><boolean id="runToCompletion">true</boolean><text id="targetAttribute">self.attributes.color.alpha</text><real id="finalValue">1</real><real id="duration"><expression><string xml:space="preserve">1</string></expression></real><index id="easing">0</index></attributes></behavior></behaviors></behavior></behaviors></actor><actor id="id404539" prototype="id650146"><attributes><point id="position"><real id="x">279</real><real id="y">400</real></point><color id="color"><real id="red">1</real><real id="green">1</real><real id="blue">1</real><real id="alpha">0</real></color></attributes><aspects/></actor><actor id="id738412" prototype="id310959"><attributes><point id="position"><real id="x">279</real><real id="y">400</real></point><color id="color"><real id="red">1</real><real id="green">1</real><real id="blue">1</real><real id="alpha">0</real></color></attributes><aspects/><behaviors><behavior id="id155000" class="ChangeAttributeAction" enabled="true"><attributes><text id="name">Change Attribute</text><text id="bundleName">ChangeAttribute.behavior</text><text id="targetAttribute">self.attributes.id670783</text><text id="RHS"><expression><reference keypath="self.attributes.position.x"/></expression></text></attributes></behavior><behavior id="id201047" class="ChangeAttributeAction" enabled="true"><attributes><text id="name">Change Attribute</text><text id="bundleName">ChangeAttribute.behavior</text><text id="targetAttribute">self.attributes.id160254</text><text id="RHS"><expression><reference keypath="self.attributes.position.y"/></expression></text></attributes></behavior><behavior enabled="true" id="id102053" class="RuleBehavior"><attributes><text id="name">Rule</text><text id="bundleName">Rule.behavior</text><real id="compoundConditionKind">0</real></attributes><conditions><condition id="id932246" eventType="mouse button"><attributes><index id="conditionType">1</index><text id="subjectAttribute">game.attributes.id260969</text></attributes><predicate type="number"><attributes><text id="operator">=</text><real id="RHS">1</real></attributes></predicate></condition></conditions><behaviors><behavior id="id305199" class="InterpolateBehavior" enabled="true"><attributes><text id="name">Interpolate</text><text id="bundleName">Interpolate.behavior</text><boolean id="runToCompletion">true</boolean><text id="targetAttribute">self.attributes.position.y</text><real id="finalValue"><expression><reference keypath="self.attributes.id160254"/><string xml:space="preserve">-48</string><string xml:space="preserve">-48</string><string xml:space="preserve">-48-48</string></expression></real><real id="duration"><expression><reference keypath="game.attributes.id561421"/></expression></real><index id="easing">0</index></attributes></behavior><behavior id="id591567" class="InterpolateBehavior" enabled="true"><attributes><text id="name">Interpolate</text><text id="bundleName">Interpolate.behavior</text><boolean id="runToCompletion">true</boolean><text id="targetAttribute">self.attributes.color.alpha</text><real id="finalValue"><expression><string xml:space="preserve">1</string></expression></real><real id="duration"><expression><reference keypath="game.attributes.id561421"/></expression></real><index id="easing">0</index></attributes></behavior></behaviors><elseBehaviors><behavior id="id576840" class="InterpolateBehavior" enabled="true"><attributes><text id="name">Interpolate</text><text id="bundleName">Interpolate.behavior</text><boolean id="runToCompletion">true</boolean><text id="targetAttribute">self.attributes.position.y</text><real id="finalValue"><expression><reference keypath="self.attributes.id160254"/></expression></real><real id="duration">1</real><index id="easing">0</index></attributes></behavior><behavior id="id751640" class="InterpolateBehavior" enabled="true"><attributes><text id="name">Interpolate</text><text id="bundleName">Interpolate.behavior</text><boolean id="runToCompletion">true</boolean><text id="targetAttribute">self.attributes.color.alpha</text><real id="finalValue"><expression><string xml:space="preserve">0</string></expression></real><real id="duration">1</real><index id="easing">0</index></attributes></behavior></elseBehaviors></behavior><behavior enabled="true" id="id419486" class="RuleBehavior"><attributes><text id="name">Rule</text><text id="bundleName">Rule.behavior</text><real id="compoundConditionKind">0</real></attributes><conditions><condition id="id546575" eventType="touch"><attributes><index id="conditionType">0</index></attributes><predicate type="touch" conditionType="pressed"><attributes/></predicate></condition><condition id="id745852" eventType="mouse button"><attributes><index id="conditionType">1</index><text id="subjectAttribute">self.attributes.color.alpha</text></attributes><predicate type="number"><attributes><text id="operator">=</text><real id="RHS">1</real></attributes></predicate></condition></conditions><behaviors/><elseBehaviors/></behavior><behavior id="id313110" class="TimerBehavior" enabled="true"><attributes><text id="name">Timer</text><text id="bundleName">Timer.behavior</text><index id="timerType">1</index><real id="interval">2</real><boolean id="runToCompletion">true</boolean></attributes><behaviors><behavior id="id566039" class="InterpolateBehavior" enabled="true"><attributes><text id="name">Interpolate</text><text id="bundleName">Interpolate.behavior</text><boolean id="runToCompletion">true</boolean><text id="targetAttribute">self.attributes.color.alpha</text><real id="finalValue">1</real><real id="duration"><expression><string xml:space="preserve">1</string></expression></real><index id="easing">0</index></attributes></behavior></behaviors></behavior></behaviors></actor><actor id="id130037" prototype="id542594"><attributes><point id="position"><real id="x">279</real><real id="y">400</real></point><size id="size"><real id="width">48</real><real id="height">48</real></size></attributes><aspects/><behaviors><behavior id="id155000" class="ChangeAttributeAction" enabled="true"><attributes><text id="name">Change Attribute</text><text id="bundleName">ChangeAttribute.behavior</text><text id="targetAttribute">self.attributes.id670783</text><text id="RHS"><expression><reference keypath="self.attributes.position.x"/></expression></text></attributes></behavior><behavior id="id201047" class="ChangeAttributeAction" enabled="true"><attributes><text id="name">Change Attribute</text><text id="bundleName">ChangeAttribute.behavior</text><text id="targetAttribute">self.attributes.id160254</text><text id="RHS"><expression><reference keypath="self.attributes.position.y"/></expression></text></attributes></behavior><behavior enabled="true" id="id102053" class="RuleBehavior"><attributes><text id="name">Rule</text><text id="bundleName">Rule.behavior</text><real id="compoundConditionKind">0</real></attributes><conditions><condition id="id932246" eventType="mouse button"><attributes><index id="conditionType">1</index><text id="subjectAttribute">game.attributes.id916901</text></attributes><predicate type="number"><attributes><text id="operator">=</text><real id="RHS"><expression><string xml:space="preserve">1</string></expression></real></attributes></predicate></condition></conditions><behaviors><behavior id="id305199" class="InterpolateBehavior" enabled="true"><attributes><text id="name">Interpolate</text><text id="bundleName">Interpolate.behavior</text><boolean id="runToCompletion">true</boolean><text id="targetAttribute">self.attributes.position.y</text><real id="finalValue"><expression><reference keypath="self.attributes.id160254"/><string xml:space="preserve">-144</string></expression></real><real id="duration"><expression><reference keypath="game.attributes.id561421"/></expression></real><index id="easing">0</index></attributes></behavior><behavior id="id591567" class="InterpolateBehavior" enabled="true"><attributes><text id="name">Interpolate</text><text id="bundleName">Interpolate.behavior</text><boolean id="runToCompletion">true</boolean><text id="targetAttribute">self.attributes.color.alpha</text><real id="finalValue"><expression><string xml:space="preserve">1</string></expression></real><real id="duration"><expression><reference keypath="game.attributes.id561421"/></expression></real><index id="easing">0</index></attributes></behavior></behaviors><elseBehaviors><behavior id="id576840" class="InterpolateBehavior" enabled="true"><attributes><text id="name">Interpolate</text><text id="bundleName">Interpolate.behavior</text><boolean id="runToCompletion">true</boolean><text id="targetAttribute">self.attributes.position.y</text><real id="finalValue"><expression><reference keypath="self.attributes.id160254"/></expression></real><real id="duration">1</real><index id="easing">0</index></attributes></behavior><behavior id="id751640" class="InterpolateBehavior" enabled="true"><attributes><text id="name">Interpolate</text><text id="bundleName">Interpolate.behavior</text><boolean id="runToCompletion">true</boolean><text id="targetAttribute">self.attributes.color.alpha</text><real id="finalValue"><expression><string xml:space="preserve">0</string></expression></real><real id="duration">1</real><index id="easing">0</index></attributes></behavior></elseBehaviors></behavior><behavior enabled="true" id="id497835" class="RuleBehavior"><attributes><text id="name">Rule</text><text id="bundleName">Rule.behavior</text><real id="compoundConditionKind">0</real></attributes><conditions><condition id="id546575" eventType="touch"><attributes><index id="conditionType">0</index></attributes><predicate type="touch" conditionType="pressed"><attributes/></predicate></condition><condition id="id745852" eventType="mouse button"><attributes><index id="conditionType">1</index><text id="subjectAttribute">self.attributes.color.alpha</text></attributes><predicate type="number"><attributes><text id="operator">=</text><real id="RHS">1</real></attributes></predicate></condition></conditions><behaviors/><elseBehaviors/></behavior><behavior id="id313110" class="TimerBehavior" enabled="true"><attributes><text id="name">Timer</text><text id="bundleName">Timer.behavior</text><index id="timerType">1</index><real id="interval">2</real><boolean id="runToCompletion">true</boolean></attributes><behaviors><behavior id="id566039" class="InterpolateBehavior" enabled="true"><attributes><text id="name">Interpolate</text><text id="bundleName">Interpolate.behavior</text><boolean id="runToCompletion">true</boolean><text id="targetAttribute">self.attributes.color.alpha</text><real id="finalValue">1</real><real id="duration"><expression><string xml:space="preserve">1</string></expression></real><index id="easing">0</index></attributes></behavior></behaviors></behavior></behaviors></actor><actor id="id908843" prototype="id182394"><attributes><point id="position"><real id="x">279</real><real id="y">400</real></point><size id="size"><real id="width">49</real><real id="height">49</real></size><angle id="rotation">0</angle></attributes><aspects/><behaviors><behavior id="id670730" class="ChangeAttributeAction" enabled="true"><attributes><text id="name">Change Attribute</text><text id="bundleName">ChangeAttribute.behavior</text><text id="targetAttribute">self.attributes.id670783</text><text id="RHS"><expression><reference keypath="self.attributes.position.x"/></expression></text></attributes></behavior><behavior id="id166595" class="ChangeAttributeAction" enabled="true"><attributes><text id="name">Change Attribute</text><text id="bundleName">ChangeAttribute.behavior</text><text id="targetAttribute">self.attributes.id160254</text><text id="RHS"><expression><reference keypath="self.attributes.position.y"/></expression></text></attributes></behavior><behavior enabled="true" id="id762115" class="RuleBehavior"><attributes><text id="name">Rule</text><text id="bundleName">Rule.behavior</text><real id="compoundConditionKind">0</real></attributes><conditions><condition id="id932246" eventType="mouse button"><attributes><index id="conditionType">1</index><text id="subjectAttribute">game.attributes.id916901</text></attributes><predicate type="number"><attributes><text id="operator">=</text><real id="RHS">1</real></attributes></predicate></condition></conditions><behaviors><behavior id="id305199" class="InterpolateBehavior" enabled="true"><attributes><text id="name">Interpolate</text><text id="bundleName">Interpolate.behavior</text><boolean id="runToCompletion">true</boolean><text id="targetAttribute">self.attributes.position.y</text><real id="finalValue"><expression><reference keypath="self.attributes.id160254"/><string xml:space="preserve">-48</string></expression></real><real id="duration"><expression><reference keypath="game.attributes.id561421"/></expression></real><index id="easing">0</index></attributes></behavior><behavior id="id591567" class="InterpolateBehavior" enabled="true"><attributes><text id="name">Interpolate</text><text id="bundleName">Interpolate.behavior</text><boolean id="runToCompletion">true</boolean><text id="targetAttribute">self.attributes.color.alpha</text><real id="finalValue"><expression><string xml:space="preserve">1</string></expression></real><real id="duration"><expression><reference keypath="game.attributes.id561421"/></expression></real><index id="easing">0</index></attributes></behavior></behaviors><elseBehaviors><behavior id="id576840" class="InterpolateBehavior" enabled="true"><attributes><text id="name">Interpolate</text><text id="bundleName">Interpolate.behavior</text><boolean id="runToCompletion">true</boolean><text id="targetAttribute">self.attributes.position.y</text><real id="finalValue"><expression><reference keypath="self.attributes.id160254"/></expression></real><real id="duration">1</real><index id="easing">0</index></attributes></behavior><behavior id="id751640" class="InterpolateBehavior" enabled="true"><attributes><text id="name">Interpolate</text><text id="bundleName">Interpolate.behavior</text><boolean id="runToCompletion">true</boolean><text id="targetAttribute">self.attributes.color.alpha</text><real id="finalValue"><expression><string xml:space="preserve">0</string></expression></real><real id="duration">1</real><index id="easing">0</index></attributes></behavior></elseBehaviors></behavior><behavior enabled="true" id="id600562" class="RuleBehavior"><attributes><text id="name">Rule</text><text id="bundleName">Rule.behavior</text><real id="compoundConditionKind">0</real></attributes><conditions><condition id="id546575" eventType="touch"><attributes><index id="conditionType">0</index></attributes><predicate type="touch" conditionType="pressed"><attributes/></predicate></condition><condition id="id745852" eventType="mouse button"><attributes><index id="conditionType">1</index><text id="subjectAttribute">self.attributes.color.alpha</text></attributes><predicate type="number"><attributes><text id="operator">=</text><real id="RHS">1</real></attributes></predicate></condition></conditions><behaviors><behavior id="id148385" class="GameCenterShowLeaderboardAction" enabled="true"><attributes><text id="name">Platform - Show Leaderboard</text><text id="bundleName">GameCenterShowLeaderboard.behavior</text><text id="leaderboardCategory"></text><index id="timePeriod">0</index></attributes></behavior></behaviors><elseBehaviors/></behavior></behaviors></actor><actor id="id609514" prototype="id879304"><attributes><point id="position"><real id="x">279</real><real id="y">400</real></point><angle id="rotation">0</angle></attributes><aspects/><behaviors><behavior enabled="true" id="id380189" class="RuleBehavior"><attributes><text id="name">Rule</text><text id="bundleName">Rule.behavior</text><real id="compoundConditionKind">0</real></attributes><conditions><condition id="id877243" eventType="touch"><attributes><index id="conditionType">0</index></attributes><predicate type="touch" conditionType="pressed"><attributes/></predicate></condition><condition id="id825621" eventType="mouse button"><attributes><index id="conditionType">1</index><text id="subjectAttribute">game.attributes.id733004</text></attributes><predicate type="number"><attributes><text id="operator">=</text><real id="RHS"><expression><string xml:space="preserve">0</string></expression></real></attributes></predicate></condition></conditions><behaviors><behavior id="id137260" class="ChangeAttributeAction" enabled="true"><attributes><text id="name">Change Attribute</text><text id="bundleName">ChangeAttribute.behavior</text><text id="targetAttribute">game.attributes.id916901</text><text id="RHS"><expression><string xml:space="preserve">(</string><reference keypath="game.attributes.id916901"/><string xml:space="preserve">+1)%2</string></expression></text></attributes></behavior><behavior id="id774775" class="ChangeAttributeAction" enabled="true"><attributes><text id="name">Change Attribute</text><text id="bundleName">ChangeAttribute.behavior</text><text id="targetAttribute">game.attributes.id260969</text><text id="RHS"><expression><string xml:space="preserve">(</string><reference keypath="game.attributes.id260969"/><string xml:space="preserve">+1)%2</string></expression></text></attributes></behavior></behaviors><elseBehaviors/></behavior><behavior enabled="true" id="id437917" class="RuleBehavior"><attributes><text id="name">Rule</text><text id="bundleName">Rule.behavior</text><real id="compoundConditionKind">0</real></attributes><conditions><condition id="id189533" pluginPredicateTypeIndex="0" eventType="touch"><attributes><index id="conditionType">0</index></attributes><predicate type="touch" conditionType="pressed"><attributes/></predicate></condition></conditions><behaviors><behavior id="id757034" class="InterpolateBehavior" enabled="true"><attributes><text id="name">Interpolate</text><text id="bundleName">Interpolate.behavior</text><boolean id="runToCompletion">true</boolean><text id="targetAttribute">self.attributes.rotation</text><real id="finalValue">20</real><real id="duration">0.3</real><index id="easing">0</index></attributes></behavior><behavior id="id950830" class="ChangeAttributeAction" enabled="true"><attributes><text id="name">Change Attribute</text><text id="bundleName">ChangeAttribute.behavior</text><text id="targetAttribute">self.attributes.color.blue</text><text id="RHS">0</text></attributes></behavior></behaviors><elseBehaviors><behavior id="id637757" class="InterpolateBehavior" enabled="true"><attributes><text id="name">Interpolate</text><text id="bundleName">Interpolate.behavior</text><boolean id="runToCompletion">true</boolean><text id="targetAttribute">self.attributes.rotation</text><real id="finalValue">0</real><real id="duration">0.3</real><index id="easing">0</index></attributes></behavior><behavior id="id925520" class="ChangeAttributeAction" enabled="true"><attributes><text id="name">Change Attribute</text><text id="bundleName">ChangeAttribute.behavior</text><text id="targetAttribute">self.attributes.color.blue</text><text id="RHS">1</text></attributes></behavior></elseBehaviors></behavior><behavior id="id472981" class="TimerBehavior" enabled="true"><attributes><text id="name">Timer</text><text id="bundleName">Timer.behavior</text><index id="timerType">1</index><real id="interval">1</real><boolean id="runToCompletion">true</boolean></attributes><behaviors><behavior id="id566039" class="InterpolateBehavior" enabled="true"><attributes><text id="name">Interpolate</text><text id="bundleName">Interpolate.behavior</text><boolean id="runToCompletion">true</boolean><text id="targetAttribute">self.attributes.color.alpha</text><real id="finalValue">1</real><real id="duration"><expression><string xml:space="preserve">1</string></expression></real><index id="easing">0</index></attributes></behavior></behaviors></behavior></behaviors></actor><actor id="id677997" prototype="id158609"><attributes><point id="position"><real id="x">40</real><real id="y">400</real></point><angle id="rotation">0</angle></attributes><aspects/></actor><actor id="id190021" prototype="id114209"><attributes><point id="position"><real id="x">279</real><real id="y">400</real></point><color id="color"><real id="red">1</real><real id="green">1</real><real id="blue">1</real><real id="alpha">0</real></color></attributes><aspects/></actor><actor id="id150153" prototype="id207744"><attributes><text id="name">overlaymenu</text><point id="position"><real id="x">478.64453125</real><real id="y">240</real></point><size id="size"><real id="width">320</real><real id="height">480</real></size><angle id="rotation">0</angle></attributes><aspects/></actor><actor id="id809512" prototype="id711423"><attributes><point id="position"><real id="x">347</real><real id="y">240</real></point><size id="size"><real id="width">24</real><real id="height">190</real></size><angle id="rotation">0</angle><color id="color"><real id="red">1</real><real id="green">1</real><real id="blue">1</real><real id="alpha">0</real></color><image id="image"></image></attributes><aspects/><behaviors><behavior enabled="true" id="id637055" class="RuleBehavior"><attributes><text id="name">Touch- Closes Info Window</text><text id="bundleName">Rule.behavior</text><real id="compoundConditionKind">0</real></attributes><conditions><condition id="id877243" eventType="touch"><attributes><index id="conditionType">0</index></attributes><predicate type="touch" conditionType="pressed"><attributes/></predicate></condition></conditions><behaviors><behavior id="id137260" class="ChangeAttributeAction" enabled="true"><attributes><text id="name">Change Attribute</text><text id="bundleName">ChangeAttribute.behavior</text><text id="targetAttribute">game.attributes.id733004</text><text id="RHS"><expression><string xml:space="preserve">(</string><reference keypath="game.attributes.id733004"/><string xml:space="preserve">+1)%2</string></expression></text></attributes></behavior></behaviors><elseBehaviors/></behavior><behavior id="id847229" class="ChangeAttributeAction" enabled="true"><attributes><text id="name">Change Attribute</text><text id="bundleName">ChangeAttribute.behavior</text><text id="targetAttribute">self.attributes.id373160</text><text id="RHS"><expression><reference keypath="self.attributes.position.x"/></expression></text></attributes></behavior><behavior id="id186457" class="ChangeAttributeAction" enabled="true"><attributes><text id="name">Change Attribute</text><text id="bundleName">ChangeAttribute.behavior</text><text id="targetAttribute">self.attributes.id215434</text><text id="RHS"><expression><reference keypath="self.attributes.position.y"/></expression></text></attributes></behavior><behavior enabled="true" id="id594221" class="RuleBehavior"><attributes><text id="name">Slide out Speed</text><text id="bundleName">Rule.behavior</text><real id="compoundConditionKind">0</real></attributes><conditions><condition id="id898149" eventType="mouse button"><attributes><index id="conditionType">1</index><text id="subjectAttribute">game.attributes.id733004</text></attributes><predicate type="number"><attributes><text id="operator">=</text><real id="RHS">1</real></attributes></predicate></condition></conditions><behaviors><behavior id="id826655" class="InterpolateBehavior" enabled="true"><attributes><text id="name">Interpolate</text><text id="bundleName">Interpolate.behavior</text><boolean id="runToCompletion">true</boolean><text id="targetAttribute">self.attributes.position.x</text><real id="finalValue">30</real><real id="duration"><expression><string xml:space="preserve">1</string></expression></real><index id="easing">0</index></attributes></behavior></behaviors><elseBehaviors><behavior id="id904532" class="InterpolateBehavior" enabled="true"><attributes><text id="name">Interpolate</text><text id="bundleName">Interpolate.behavior</text><boolean id="runToCompletion">true</boolean><text id="targetAttribute">self.attributes.position.x</text><real id="finalValue"><expression><reference keypath="self.attributes.id373160"/></expression></real><real id="duration">1</real><index id="easing">0</index></attributes></behavior></elseBehaviors></behavior></behaviors></actor><actor id="id902826" prototype="id716845"><attributes><point id="position"><real id="x">152.69140625</real><real id="y">492.62109375</real></point><size id="size"><real id="width">379.828125</real><real id="height">24</real></size></attributes><aspects/></actor><actor id="id142994" prototype="id716845"><attributes><text id="name">Bottom</text><point id="position"><real id="x">185.0390625</real><real id="y">-12.859375</real></point><size id="size"><real id="width">379.828125</real><real id="height">24</real></size></attributes><aspects/><behaviors/></actor><actor id="id933493" prototype="id400541"><attributes><point id="position"><real id="x">571.849609375</real><real id="y">-272.51953125</real></point><size id="size"><real id="width">240</real><real id="height">500</real></size></attributes><aspects/></actor></actors><attributes><text id="name">Top Layer</text><boolean id="scrollable">true</boolean></attributes></layer></layers><attributes><text id="name">Main</text><real id="time">0</real><size id="size"><real id="width">640</real><real id="height">480</real></size><boolean id="wrapX">false</boolean><boolean id="wrapY">true</boolean><point id="gravity"><real id="x">0</real><real id="y">0</real></point><color id="color"><real id="red">0</real><real id="green">0</real><real id="blue">0</real><real id="alpha">1</real></color><rect id="camera"><point id="origin"><real id="x">0</real><real id="y">0</real></point><size id="size"><real id="width">320</real><real id="height">480</real></size><size id="trackingArea"><real id="width">240</real><real id="height">400</real></size><real id="rotation">0</real></rect><attributes id="autorotate"><boolean id="landscapeLeft">false</boolean><boolean id="portrait">true</boolean><boolean id="landscapeRight">false</boolean><boolean id="portraitUpsideDown">false</boolean></attributes></attributes></scene>
