<?xml version="1.0" encoding="UTF-8"?>
<scene id="id659294" GSCVersion="0.13.14" PGFVersion="0.22"><layers><layer id="id112326"><actors><actor id="id131857" prototype="id876030"><attributes><point id="position"><real id="x">200</real><real id="y">800</real></point><size id="size"><real id="width">400</real></size><color id="color"><real id="red">0.8156862745098</real><real id="green">0.7843137254902</real><real id="blue">0.88235294117647</real><real id="alpha">1</real></color></attributes><aspects><physics><attributes><boolean id="movable">true</boolean></attributes></physics></aspects></actor><actor id="id320867" prototype="id530157"><attributes><text id="name">StarField_Alpha 6</text><point id="position"><real id="x">156.918</real><real id="y">705.125</real></point><color id="color"><real id="red">1</real><real id="green">1</real><real id="blue">1</real><real id="alpha">0.2</real></color></attributes><aspects><physics><attributes><boolean id="movable">false</boolean></attributes></physics></aspects><behaviors/></actor><actor id="id827842" prototype="id530157"><attributes><text id="name">StarField_Alpha 5</text><point id="position"><real id="x">160</real><real id="y">1185</real></point><angle id="rotation">180</angle><color id="color"><real id="red">1</real><real id="green">1</real><real id="blue">1</real><real id="alpha">0.3</real></color></attributes><aspects><physics><attributes><boolean id="movable">false</boolean></attributes></physics></aspects><behaviors/></actor><actor id="id152387" prototype="id530157"><attributes><text id="name">StarField_Alpha 4</text><point id="position"><real id="x">160</real><real id="y">1650</real></point><angle id="rotation">180</angle><color id="color"><real id="red">1</real><real id="green">1</real><real id="blue">1</real><real id="alpha">0.5</real></color></attributes><aspects><physics><attributes><boolean id="movable">false</boolean></attributes></physics></aspects><behaviors/></actor><actor id="id298787" prototype="id530157"><attributes><text id="name">StarField_Alpha 3</text><point id="position"><real id="x">158.07421875</real><real id="y">2009.75390625</real></point><color id="color"><real id="red">1</real><real id="green">1</real><real id="blue">1</real><real id="alpha">0.75</real></color></attributes><aspects><physics><attributes><boolean id="movable">false</boolean></attributes></physics></aspects><behaviors/></actor><actor id="id438656" prototype="id530157"><attributes><text id="name">StarField_Alpha 2</text><point id="position"><real id="x">157.05078125</real><real id="y">2485.375</real></point><color id="color"><real id="alpha">1</real></color></attributes><aspects><physics><attributes><boolean id="movable">false</boolean></attributes></physics></aspects><behaviors/></actor><actor id="id221844" prototype="id530157"><attributes><text id="name">StarField_Alpha 1</text><point id="position"><real id="x">160</real><real id="y">3000</real></point><color id="color"><real id="alpha">1</real></color></attributes><aspects><physics><attributes><boolean id="movable">false</boolean></attributes></physics></aspects><behaviors/></actor><actor id="id369327" prototype="id980145"><attributes><point id="position"><real id="x">160</real><real id="y">300</real></point><size id="size"><real id="height">600</real></size><color id="color"><real id="red">0.8156862745098</real><real id="green">0.7843137254902</real><real id="blue">0.88235294117647</real></color></attributes><aspects/></actor><actor id="id590359" prototype="id503035"><attributes><point id="position"><real id="x">105</real><real id="y">150</real></point><size id="size"><real id="width">530</real><real id="height">300</real></size><color id="color"><real id="red">0.8156862745098</real><real id="green">0.7843137254902</real><real id="blue">0.88235294117647</real></color><image id="image"></image><boolean id="preloadArt">false</boolean></attributes><aspects/></actor><actor id="id269788" prototype="id375003"><attributes><point id="position"><real id="x">160</real><real id="y">50</real></point><size id="size"><real id="width">330.512</real><real id="height">98</real></size><color id="color"><real id="red">0.8156862745098</real><real id="green">0.7843137254902</real><real id="blue">0.88235294117647</real></color><image id="image">City1_Layer1</image></attributes><aspects/></actor><actor id="id128207" prototype="id656424"><attributes><point id="position"><real id="x">160</real><real id="y">-15</real></point><size id="size"><real id="width">160</real><real id="height">60</real></size><color id="color"><real id="red">1</real><real id="green">1</real><real id="blue">1</real><real id="alpha">1</real></color></attributes><aspects/></actor><actor id="id563272" prototype="id717348"><attributes><point id="position"><real id="x">245.703125</real><real id="y">650</real></point><angle id="rotation">0</angle><color id="color"><real id="red">0.8156862745098</real><real id="green">0.7843137254902</real><real id="blue">0.88235294117647</real><real id="alpha">0.75</real></color><integer name="MovementSpeed" id="id596334">5</integer></attributes><aspects><graphics><attributes><enumeration id="blendingMode">0</enumeration><boolean id="flipHorizontally">false</boolean><boolean id="flipVertically">false</boolean></attributes></graphics></aspects></actor><actor id="id991576" prototype="id717348"><attributes><point id="position"><real id="x">246.7890625</real><real id="y">750</real></point><angle id="rotation">0</angle><color id="color"><real id="red">0.8156862745098</real><real id="green">0.7843137254902</real><real id="blue">0.88235294117647</real><real id="alpha">0.25</real></color><integer name="MovementSpeed" id="id596334">7</integer></attributes><aspects><graphics><attributes><enumeration id="blendingMode">0</enumeration><boolean id="flipHorizontally">false</boolean><boolean id="flipVertically">false</boolean></attributes></graphics></aspects></actor><actor id="id694437" prototype="id996330"><attributes><point id="position"><real id="x">160.65234375</real><real id="y">594.0234375</real></point><size id="size"><real id="width">120</real><real id="height">44</real></size><color id="color"><real id="red">1</real><real id="green">1</real><real id="blue">1</real><real id="alpha">1</real></color><image id="image">L8B</image></attributes><aspects/></actor><actor id="id712085" prototype="id717348"><attributes><point id="position"><real id="x">246.5234375</real><real id="y">700</real></point><angle id="rotation">0</angle><color id="color"><real id="red">0.8156862745098</real><real id="green">0.7843137254902</real><real id="blue">0.88235294117647</real><real id="alpha">0.5</real></color><integer name="MovementSpeed" id="id596334">3</integer></attributes><aspects><graphics><attributes><enumeration id="blendingMode">0</enumeration><boolean id="flipHorizontally">false</boolean><boolean id="flipVertically">false</boolean></attributes></graphics></aspects></actor><actor id="id651677" prototype="id717348"><attributes><point id="position"><real id="x">248.0234375</real><real id="y">675</real></point><angle id="rotation">0</angle><color id="color"><real id="red">0.8156862745098</real><real id="green">0.7843137254902</real><real id="blue">0.88235294117647</real><real id="alpha">1</real></color><image id="image">cloudBottom2-1</image><integer name="MovementSpeed" id="id596334">10</integer></attributes><aspects><graphics><attributes><enumeration id="blendingMode">0</enumeration><boolean id="flipHorizontally">false</boolean><boolean id="flipVertically">false</boolean></attributes></graphics></aspects></actor><actor id="id176500" prototype="id716845"><attributes><point id="position"><real id="x">159.931640625</real><real id="y">3213.36328125</real></point><size id="size"><real id="width">320.13671875</real><real id="height">24</real></size></attributes><aspects/></actor><actor id="id498856" prototype="id732362"><attributes><point id="position"><real id="x">157.94921875</real><real id="y">3214.7421875</real></point></attributes><aspects/></actor><actor id="id407211" prototype="id610707"><attributes><point id="position"><real id="x">400</real><real id="y">1500</real></point><size id="size"><real id="width">24</real><real id="height">36</real></size></attributes><aspects><motion><attributes><real id="angularVelocity">90</real></attributes></motion></aspects></actor><actor id="id472824" prototype="id928267"><attributes><point id="position"><real id="x">160</real><real id="y">22</real></point><angle id="rotation">0</angle></attributes><aspects/></actor></actors><attributes><text id="name">Background</text><boolean id="scrollable">true</boolean></attributes></layer><layer id="id245797"><actors><actor id="id799561" prototype="id936074"><attributes><point id="position"><real id="x">7.1015625</real><real id="y">31.115234375</real></point><size id="size"><real id="width">58.6640625</real><real id="height">60.27734375</real></size><color id="color"><real id="red">1</real><real id="green">1</real><real id="blue">1</real><real id="alpha">0</real></color></attributes><aspects/><behaviors><behavior enabled="true" id="id524526" class="RuleBehavior"><attributes><text id="name">Rule</text><text id="bundleName">Rule.behavior</text><real id="compoundConditionKind">0</real></attributes><conditions><condition id="id901018" pluginPredicateTypeIndex="0" eventType="mouse button"><attributes><index id="conditionType">1</index><text id="subjectAttribute">game.attributes.id272795</text></attributes><predicate type="boolean"><attributes><index id="RHS">1</index></attributes></predicate></condition></conditions><behaviors><behavior id="id371238" class="ChangeAttributeAction" enabled="true"><attributes><text id="name">Change Attribute</text><text id="bundleName">ChangeAttribute.behavior</text><text id="targetAttribute">self.attributes.id374992</text><text id="RHS">5</text></attributes></behavior><behavior id="id116490" class="ConstrainAttributeBehavior" enabled="true"><attributes><text id="name">Constrain Attribute</text><text id="bundleName">ConstrainAttribute.behavior</text><text id="targetAttribute">scene.attributes.camera.origin.x</text><text id="RHS"><expression><string xml:space="preserve">(</string><reference keypath="self.attributes.id374992"/><string xml:space="preserve">*1.5)*sin(</string><reference keypath="self.attributes.time"/><string xml:space="preserve">*66)*sin(</string><reference keypath="self.attributes.time"/><string xml:space="preserve">*3200)+</string><reference keypath="self.attributes.position.x"/></expression></text></attributes></behavior><behavior id="id194863" class="ConstrainAttributeBehavior" enabled="true"><attributes><text id="name">Constrain Attribute</text><text id="bundleName">ConstrainAttribute.behavior</text><text id="targetAttribute">self.attributes.position.y</text><text id="RHS"><expression><string xml:space="preserve">(</string><reference keypath="self.attributes.id374992"/><string xml:space="preserve">*1.5)*cos(</string><reference keypath="self.attributes.time"/><string xml:space="preserve">*66)*cos(</string><reference keypath="self.attributes.time"/><string xml:space="preserve">*5100)+</string><reference keypath="self.attributes.position.y"/></expression></text></attributes></behavior><behavior id="id731948" class="ConstrainAttributeBehavior" enabled="true"><attributes><text id="name">Constrain Attribute</text><text id="bundleName">ConstrainAttribute.behavior</text><text id="targetAttribute">self.attributes.rotation</text><text id="RHS"><expression><string xml:space="preserve">(</string><reference keypath="self.attributes.id374992"/><string xml:space="preserve">/10)*cos(</string><reference keypath="self.attributes.time"/><string xml:space="preserve">*22)*sin(</string><reference keypath="self.attributes.time"/><string xml:space="preserve">*3200)</string></expression></text></attributes></behavior><behavior id="id267470" class="InterpolateBehavior" enabled="true"><attributes><text id="name">Interpolate</text><text id="bundleName">Interpolate.behavior</text><boolean id="runToCompletion">true</boolean><text id="targetAttribute">self.attributes.id374992</text><real id="finalValue">0</real><real id="duration">0.5</real><index id="easing">2</index></attributes></behavior></behaviors><elseBehaviors/></behavior></behaviors></actor><actor id="id863955" prototype="id448302"><attributes><point id="position"><real id="x">-25</real><real id="y">225</real></point><size id="size"><real id="width">28</real><real id="height">357</real></size><image id="image">UI_FuelBar</image></attributes><aspects/></actor><actor id="id400937" prototype="id559845"><attributes><point id="position"><real id="x">-25</real><real id="y">217.5</real></point><size id="size"><real id="width">14.5</real><real id="height">325</real></size><angle id="rotation">0</angle><image id="image">UI_Fuel</image></attributes><aspects/></actor><actor id="id827062" prototype="id792561"><attributes><point id="position"><real id="x">160</real><real id="y">470</real></point><size id="size"><real id="width">312</real></size><angle id="rotation">0</angle></attributes><aspects/></actor><actor id="id533457" prototype="id902496"><attributes><point id="position"><real id="x">159.61431884766</real><real id="y">458.45733642578</real></point><size id="size"><real id="width">60</real><real id="height">67</real></size><angle id="rotation">0</angle></attributes><aspects/></actor><actor id="id769551" prototype="id352487"><attributes><text id="name">Speed</text><point id="position"><real id="x">230</real><real id="y">470</real></point><size id="size"><real id="width">19</real><real id="height">24</real></size><angle id="rotation">0</angle><image id="image">0.png</image><integer name="Div" id="id726654">10000</integer></attributes><aspects/><behaviors><behavior id="id207729" class="ConstrainAttributeBehavior" enabled="true"><attributes><text name="Name" id="name">Constrain Attribute</text><text name="Bundle Name" id="bundleName">ConstrainAttribute.behavior</text><text name="Target Attribute" id="targetAttribute">self.attributes.image</text><text name="RHS" id="RHS"><expression><string xml:space="preserve">floor((</string><reference keypath="game.attributes.id778643"/><string xml:space="preserve">%</string><reference keypath="self.attributes.id726654"/><string xml:space="preserve">)/(</string><reference keypath="self.attributes.id726654"/><string xml:space="preserve">/10))..&quot;.png&quot;</string></expression></text></attributes></behavior><behavior id="id999467" class="ConstrainAttributeBehavior" enabled="true"><attributes><text name="Name" id="name">Constrain Attribute</text><text name="Bundle Name" id="bundleName">ConstrainAttribute.behavior</text><text name="Target Attribute" id="targetAttribute">self.attributes.position.y</text><text name="RHS" id="RHS"><expression><string xml:space="preserve">tableCellValue(</string><reference keypath="game.attributes.id848836"/><string xml:space="preserve">,8,6)</string></expression></text></attributes></behavior><behavior id="id664419" class="ConstrainAttributeBehavior" enabled="true"><attributes><text name="Name" id="name">Constrain Attribute</text><text name="Bundle Name" id="bundleName">ConstrainAttribute.behavior</text><text name="Target Attribute" id="targetAttribute">self.attributes.position.x</text><text name="RHS" id="RHS"><expression><string xml:space="preserve">(tableCellValue(</string><reference keypath="game.attributes.id848836"/><string xml:space="preserve">,8,7)-((tableCellValue(</string><reference keypath="game.attributes.id848836"/><string xml:space="preserve">,8,8)*3)</string></expression></text></attributes></behavior></behaviors></actor><actor id="id307438" prototype="id352487"><attributes><text id="name">Speed</text><point id="position"><real id="x">250</real><real id="y">470</real></point><size id="size"><real id="width">19</real><real id="height">24</real></size><angle id="rotation">0</angle><image id="image">0.png</image><integer name="Div" id="id726654">1000</integer></attributes><aspects/><behaviors><behavior id="id207729" class="ConstrainAttributeBehavior" enabled="true"><attributes><text name="Name" id="name">Constrain Attribute</text><text name="Bundle Name" id="bundleName">ConstrainAttribute.behavior</text><text name="Target Attribute" id="targetAttribute">self.attributes.image</text><text name="RHS" id="RHS"><expression><string xml:space="preserve">floor((</string><reference keypath="game.attributes.id778643"/><string xml:space="preserve">%</string><reference keypath="self.attributes.id726654"/><string xml:space="preserve">)/(</string><reference keypath="self.attributes.id726654"/><string xml:space="preserve">/10))..&quot;.png&quot;</string></expression></text></attributes></behavior><behavior id="id357249" class="ConstrainAttributeBehavior" enabled="true"><attributes><text name="Name" id="name">Constrain Attribute</text><text name="Bundle Name" id="bundleName">ConstrainAttribute.behavior</text><text name="Target Attribute" id="targetAttribute">self.attributes.position.y</text><text name="RHS" id="RHS"><expression><string xml:space="preserve">tableCellValue(</string><reference keypath="game.attributes.id848836"/><string xml:space="preserve">,9,6)</string></expression></text></attributes></behavior><behavior id="id561549" class="ConstrainAttributeBehavior" enabled="true"><attributes><text name="Name" id="name">Constrain Attribute</text><text name="Bundle Name" id="bundleName">ConstrainAttribute.behavior</text><text name="Target Attribute" id="targetAttribute">self.attributes.position.x</text><text name="RHS" id="RHS"><expression><string xml:space="preserve">(tableCellValue(</string><reference keypath="game.attributes.id848836"/><string xml:space="preserve">,9,7)-((tableCellValue(</string><reference keypath="game.attributes.id848836"/><string xml:space="preserve">,9,8)*2)</string></expression></text></attributes></behavior></behaviors></actor><actor id="id350540" prototype="id352487"><attributes><text id="name">Speed</text><point id="position"><real id="x">270</real><real id="y">470</real></point><size id="size"><real id="width">19</real><real id="height">24</real></size><angle id="rotation">0</angle><image id="image">0.png</image><integer name="Div" id="id726654">100</integer></attributes><aspects/><behaviors><behavior id="id207729" class="ConstrainAttributeBehavior" enabled="true"><attributes><text name="Name" id="name">Constrain Attribute</text><text name="Bundle Name" id="bundleName">ConstrainAttribute.behavior</text><text name="Target Attribute" id="targetAttribute">self.attributes.image</text><text name="RHS" id="RHS"><expression><string xml:space="preserve">floor((</string><reference keypath="game.attributes.id778643"/><string xml:space="preserve">%</string><reference keypath="self.attributes.id726654"/><string xml:space="preserve">)/(</string><reference keypath="self.attributes.id726654"/><string xml:space="preserve">/10))..&quot;.png&quot;</string></expression></text></attributes></behavior><behavior id="id819501" class="ConstrainAttributeBehavior" enabled="true"><attributes><text name="Name" id="name">Constrain Attribute</text><text name="Bundle Name" id="bundleName">ConstrainAttribute.behavior</text><text name="Target Attribute" id="targetAttribute">self.attributes.position.y</text><text name="RHS" id="RHS"><expression><string xml:space="preserve">tableCellValue(</string><reference keypath="game.attributes.id848836"/><string xml:space="preserve">,8,6)</string></expression></text></attributes></behavior><behavior id="id546276" class="ConstrainAttributeBehavior" enabled="true"><attributes><text name="Name" id="name">Constrain Attribute</text><text name="Bundle Name" id="bundleName">ConstrainAttribute.behavior</text><text name="Target Attribute" id="targetAttribute">self.attributes.position.x</text><text name="RHS" id="RHS"><expression><string xml:space="preserve">(tableCellValue(</string><reference keypath="game.attributes.id848836"/><string xml:space="preserve">,8,7)-(tableCellValue(</string><reference keypath="game.attributes.id848836"/><string xml:space="preserve">,8,8)</string></expression></text></attributes></behavior></behaviors></actor><actor id="id779070" prototype="id352487"><attributes><text id="name">Speed</text><point id="position"><real id="x">290</real><real id="y">470</real></point><size id="size"><real id="width">19</real><real id="height">24</real></size><angle id="rotation">0</angle><image id="image">0.png</image></attributes><aspects/><behaviors><behavior id="id207729" class="ConstrainAttributeBehavior" enabled="true"><attributes><text name="Name" id="name">Constrain Attribute</text><text name="Bundle Name" id="bundleName">ConstrainAttribute.behavior</text><text name="Target Attribute" id="targetAttribute">self.attributes.image</text><text name="RHS" id="RHS"><expression><string xml:space="preserve">floor((</string><reference keypath="game.attributes.id778643"/><string xml:space="preserve">%</string><reference keypath="self.attributes.id726654"/><string xml:space="preserve">)/(</string><reference keypath="self.attributes.id726654"/><string xml:space="preserve">/10))..&quot;.png&quot;</string></expression></text></attributes></behavior><behavior id="id237751" class="ConstrainAttributeBehavior" enabled="true"><attributes><text name="Name" id="name">Constrain Attribute</text><text name="Bundle Name" id="bundleName">ConstrainAttribute.behavior</text><text name="Target Attribute" id="targetAttribute">self.attributes.position.y</text><text name="RHS" id="RHS"><expression><string xml:space="preserve">tableCellValue(</string><reference keypath="game.attributes.id848836"/><string xml:space="preserve">,9,6)</string></expression></text></attributes></behavior><behavior id="id142845" class="ConstrainAttributeBehavior" enabled="true"><attributes><text name="Name" id="name">Constrain Attribute</text><text name="Bundle Name" id="bundleName">ConstrainAttribute.behavior</text><text name="Target Attribute" id="targetAttribute">self.attributes.position.x</text><text name="RHS" id="RHS"><expression><string xml:space="preserve">(tableCellValue(</string><reference keypath="game.attributes.id848836"/><string xml:space="preserve">,8,7)</string></expression></text></attributes></behavior></behaviors></actor><actor id="id461404" prototype="id352487"><attributes><text id="name">Alt</text><point id="position"><real id="x">30</real><real id="y">470</real></point><size id="size"><real id="width">19</real><real id="height">24</real></size><color id="color"><real id="red">1</real><real id="green">1</real><real id="blue">1</real><real id="alpha">1</real></color><image id="image">0.png</image><integer name="Div" id="id726654">10000</integer></attributes><aspects/><behaviors><behavior id="id207729" class="ConstrainAttributeBehavior" enabled="true"><attributes><text name="Name" id="name">Constrain Attribute</text><text name="Bundle Name" id="bundleName">ConstrainAttribute.behavior</text><text name="Target Attribute" id="targetAttribute">self.attributes.image</text><text name="RHS" id="RHS"><expression><string xml:space="preserve">floor((</string><reference keypath="game.attributes.id569220"/><string xml:space="preserve">%</string><reference keypath="self.attributes.id726654"/><string xml:space="preserve">)/(</string><reference keypath="self.attributes.id726654"/><string xml:space="preserve">/10))..&quot;.png&quot;</string></expression></text></attributes></behavior><behavior id="id761835" class="ConstrainAttributeBehavior" enabled="true"><attributes><text name="Name" id="name">Constrain Attribute</text><text name="Bundle Name" id="bundleName">ConstrainAttribute.behavior</text><text name="Target Attribute" id="targetAttribute">self.attributes.position.y</text><text name="RHS" id="RHS"><expression><string xml:space="preserve">tableCellValue(</string><reference keypath="game.attributes.id848836"/><string xml:space="preserve">,9,6)</string></expression></text></attributes></behavior><behavior id="id867423" class="ConstrainAttributeBehavior" enabled="true"><attributes><text name="Name" id="name">Constrain Attribute</text><text name="Bundle Name" id="bundleName">ConstrainAttribute.behavior</text><text name="Target Attribute" id="targetAttribute">self.attributes.position.x</text><text name="RHS" id="RHS"><expression><string xml:space="preserve">tableCellValue(</string><reference keypath="game.attributes.id848836"/><string xml:space="preserve">,9,7)</string></expression></text></attributes></behavior></behaviors></actor><actor id="id118270" prototype="id352487"><attributes><text id="name">Alt</text><point id="position"><real id="x">50</real><real id="y">470</real></point><size id="size"><real id="width">19</real><real id="height">24</real></size><image id="image">0.png</image><integer name="Div" id="id726654">1000</integer></attributes><aspects/><behaviors><behavior id="id207729" class="ConstrainAttributeBehavior" enabled="true"><attributes><text name="Name" id="name">Constrain Attribute</text><text name="Bundle Name" id="bundleName">ConstrainAttribute.behavior</text><text name="Target Attribute" id="targetAttribute">self.attributes.image</text><text name="RHS" id="RHS"><expression><string xml:space="preserve">floor((</string><reference keypath="game.attributes.id569220"/><string xml:space="preserve">%</string><reference keypath="self.attributes.id726654"/><string xml:space="preserve">)/(</string><reference keypath="self.attributes.id726654"/><string xml:space="preserve">/10))..&quot;.png&quot;</string></expression></text></attributes></behavior><behavior id="id447467" class="ConstrainAttributeBehavior" enabled="true"><attributes><text name="Name" id="name">Constrain Attribute</text><text name="Bundle Name" id="bundleName">ConstrainAttribute.behavior</text><text name="Target Attribute" id="targetAttribute">self.attributes.position.y</text><text name="RHS" id="RHS"><expression><string xml:space="preserve">tableCellValue(</string><reference keypath="game.attributes.id848836"/><string xml:space="preserve">,9,6)</string></expression></text></attributes></behavior><behavior id="id933956" class="ConstrainAttributeBehavior" enabled="true"><attributes><text name="Name" id="name">Constrain Attribute</text><text name="Bundle Name" id="bundleName">ConstrainAttribute.behavior</text><text name="Target Attribute" id="targetAttribute">self.attributes.position.x</text><text name="RHS" id="RHS"><expression><string xml:space="preserve">(tableCellValue(</string><reference keypath="game.attributes.id848836"/><string xml:space="preserve">,9,7)+((tableCellValue(</string><reference keypath="game.attributes.id848836"/><string xml:space="preserve">,9,7)</string></expression></text></attributes></behavior></behaviors></actor><actor id="id703245" prototype="id352487"><attributes><text id="name">Alt</text><point id="position"><real id="x">70</real><real id="y">470</real></point><size id="size"><real id="width">19</real><real id="height">24</real></size><image id="image">0.png</image><integer name="Div" id="id726654">100</integer></attributes><aspects/><behaviors><behavior id="id207729" class="ConstrainAttributeBehavior" enabled="true"><attributes><text name="Name" id="name">Constrain Attribute</text><text name="Bundle Name" id="bundleName">ConstrainAttribute.behavior</text><text name="Target Attribute" id="targetAttribute">self.attributes.image</text><text name="RHS" id="RHS"><expression><string xml:space="preserve">floor((</string><reference keypath="game.attributes.id569220"/><string xml:space="preserve">%</string><reference keypath="self.attributes.id726654"/><string xml:space="preserve">)/(</string><reference keypath="self.attributes.id726654"/><string xml:space="preserve">/10))..&quot;.png&quot;</string></expression></text></attributes></behavior><behavior id="id320942" class="ConstrainAttributeBehavior" enabled="true"><attributes><text name="Name" id="name">Constrain Attribute</text><text name="Bundle Name" id="bundleName">ConstrainAttribute.behavior</text><text name="Target Attribute" id="targetAttribute">self.attributes.position.y</text><text name="RHS" id="RHS"><expression><string xml:space="preserve">tableCellValue(</string><reference keypath="game.attributes.id848836"/><string xml:space="preserve">,9,6)</string></expression></text></attributes></behavior><behavior id="id987516" class="ConstrainAttributeBehavior" enabled="true"><attributes><text name="Name" id="name">Constrain Attribute</text><text name="Bundle Name" id="bundleName">ConstrainAttribute.behavior</text><text name="Target Attribute" id="targetAttribute">self.attributes.position.x</text><text name="RHS" id="RHS"><expression><string xml:space="preserve">(tableCellValue(</string><reference keypath="game.attributes.id848836"/><string xml:space="preserve">,9,7)+((tableCellValue(</string><reference keypath="game.attributes.id848836"/><string xml:space="preserve">,9,7)*2)</string></expression></text></attributes></behavior></behaviors></actor><actor id="id973752" prototype="id352487"><attributes><text id="name">Alt</text><point id="position"><real id="x">90</real><real id="y">470</real></point><size id="size"><real id="width">19</real><real id="height">24</real></size><image id="image">0.png</image><integer name="Div" id="id726654">10</integer></attributes><aspects/><behaviors><behavior id="id207729" class="ConstrainAttributeBehavior" enabled="true"><attributes><text name="Name" id="name">Constrain Attribute</text><text name="Bundle Name" id="bundleName">ConstrainAttribute.behavior</text><text name="Target Attribute" id="targetAttribute">self.attributes.image</text><text name="RHS" id="RHS"><expression><string xml:space="preserve">floor((</string><reference keypath="game.attributes.id569220"/><string xml:space="preserve">%</string><reference keypath="self.attributes.id726654"/><string xml:space="preserve">)/(</string><reference keypath="self.attributes.id726654"/><string xml:space="preserve">/10))..&quot;.png&quot;</string></expression></text></attributes></behavior><behavior id="id498134" class="ConstrainAttributeBehavior" enabled="true"><attributes><text name="Name" id="name">Constrain Attribute</text><text name="Bundle Name" id="bundleName">ConstrainAttribute.behavior</text><text name="Target Attribute" id="targetAttribute">self.attributes.position.y</text><text name="RHS" id="RHS"><expression><string xml:space="preserve">tableCellValue(</string><reference keypath="game.attributes.id848836"/><string xml:space="preserve">,9,6)</string></expression></text></attributes></behavior><behavior id="id950647" class="ConstrainAttributeBehavior" enabled="true"><attributes><text name="Name" id="name">Constrain Attribute</text><text name="Bundle Name" id="bundleName">ConstrainAttribute.behavior</text><text name="Target Attribute" id="targetAttribute">self.attributes.position.x</text><text name="RHS" id="RHS"><expression><string xml:space="preserve">(tableCellValue(</string><reference keypath="game.attributes.id848836"/><string xml:space="preserve">,9,7)+((tableCellValue(</string><reference keypath="game.attributes.id848836"/><string xml:space="preserve">,9,7)*3)</string></expression></text></attributes></behavior></behaviors></actor><actor id="id394314" prototype="id247556"><attributes><point id="position"><real id="x">67.12109375</real><real id="y">358.56640625</real></point></attributes><aspects/><behaviors><behavior id="id370338" class="DisplayTextBehavior" enabled="false"><attributes><text id="name">Display Text</text><text id="bundleName">DisplayText.behavior</text><text id="text"><expression><reference keypath="game.attributes.id539126"/></expression></text><text id="font">Arial</text><real id="size">30</real><index id="alignment">1</index><boolean id="wrap">false</boolean><color id="color"><real id="red">1</real><real id="green">1</real><real id="blue">1</real><real id="alpha">1</real></color><real id="offsetx">0</real><real id="offsety">0</real><index id="space">0</index><index id="directionSpace">0</index><angle id="direction">0</angle></attributes></behavior><behavior id="id457837" class="DisplayTextBehavior" enabled="false"><attributes><text id="name">Display Text</text><text id="bundleName">DisplayText.behavior</text><text id="text"><expression><reference keypath="game.attributes.id562385"/></expression></text><text id="font">Arial</text><real id="size">30</real><index id="alignment">1</index><boolean id="wrap">false</boolean><color id="color"><real id="red">1</real><real id="green">1</real><real id="blue">1</real><real id="alpha">1</real></color><real id="offsetx">0</real><real id="offsety">0</real><index id="space">0</index><index id="directionSpace">0</index><angle id="direction">0</angle></attributes></behavior><behavior id="id431478" class="DisplayTextBehavior" enabled="false"><attributes><text id="name">Display Text</text><text id="bundleName">DisplayText.behavior</text><text id="text"><expression><reference keypath="game.attributes.id778643"/></expression></text><text id="font">Arial</text><real id="size">30</real><index id="alignment">1</index><boolean id="wrap">false</boolean><color id="color"><real id="red">1</real><real id="green">1</real><real id="blue">1</real><real id="alpha">1</real></color><real id="offsetx">0</real><real id="offsety">25</real><index id="space">0</index><index id="directionSpace">0</index><angle id="direction">0</angle></attributes></behavior><behavior id="id653642" class="DisplayTextBehavior" enabled="false"><attributes><text id="name">Display Text</text><text id="bundleName">DisplayText.behavior</text><text id="text"><expression><reference keypath="game.devices.clock.minute"/></expression></text><text id="font">American Typewriter</text><real id="size">30</real><index id="alignment">1</index><boolean id="wrap">false</boolean><color id="color"><real id="red">1</real><real id="green">1</real><real id="blue">1</real><real id="alpha">1</real></color><real id="offsetx">0</real><real id="offsety">0</real><index id="space">0</index><index id="directionSpace">0</index><angle id="direction">0</angle></attributes></behavior><behavior id="id116656" class="DisplayTextBehavior" enabled="false"><attributes><text id="name">Display Text</text><text id="bundleName">DisplayText.behavior</text><text id="text"><expression><string xml:space="preserve">tableCellValue(</string><reference keypath="game.attributes.id140252"/><string xml:space="preserve">,random(1,tableRowCount(</string><reference keypath="game.attributes.id140252"/><string xml:space="preserve">)),1)</string></expression></text><text id="font">American Typewriter</text><real id="size">30</real><index id="alignment">1</index><boolean id="wrap">false</boolean><color id="color"><real id="red">1</real><real id="green">1</real><real id="blue">1</real><real id="alpha">1</real></color><real id="offsetx">0</real><real id="offsety">0</real><index id="space">0</index><index id="directionSpace">0</index><angle id="direction">0</angle></attributes></behavior><behavior id="id961728" class="ChangeAttributeAction" enabled="true"><attributes><text id="name">Change Attribute</text><text id="bundleName">ChangeAttribute.behavior</text><text id="targetAttribute">game.attributes.id857293</text><text id="RHS"><expression><reference keypath="scene.attributes.name"/></expression></text></attributes></behavior></behaviors></actor><actor id="id267403" prototype="id162853"><attributes><point id="position"><real id="x">165</real><real id="y">265</real></point><size id="size"><real id="width">330</real><real id="height">530</real></size><color id="color"><real id="red">1</real><real id="green">1</real><real id="blue">1</real><real id="alpha">0</real></color></attributes><aspects/></actor></actors><attributes><text id="name">UI</text><boolean id="scrollable">false</boolean></attributes></layer></layers><attributes><text id="name">Main Game</text><real id="time">0</real><size id="size"><real id="width">500</real><real id="height">3200</real></size><boolean id="wrapX">false</boolean><boolean id="wrapY">false</boolean><point id="gravity"><real id="x">0</real><real id="y">0</real></point><color id="color"><real id="red">0</real><real id="green">0</real><real id="blue">0</real><real id="alpha">1</real></color><rect id="camera"><point id="origin"><real id="x">0</real><real id="y">0</real></point><size id="size"><real id="width">320</real><real id="height">520</real></size><size id="trackingArea"><real id="width">238</real><real id="height">9.5625</real></size><real id="rotation">0</real></rect><attributes id="autorotate"><boolean id="landscapeLeft">false</boolean><boolean id="portrait">true</boolean><boolean id="landscapeRight">false</boolean><boolean id="portraitUpsideDown">false</boolean></attributes></attributes></scene>
