<?xml version="1.0" encoding="UTF-8"?>
<scene id="id945546" GSCVersion="0.13.14" PGFVersion="0.22"><layers><layer id="id328997"><actors><actor id="id156198" prototype="id666638"><attributes><point id="position"><real id="x">160</real><real id="y">240</real></point><size id="size"><real id="width">400</real><real id="height">500</real></size><color id="color"><real id="red">1</real><real id="green">1</real><real id="blue">1</real><real id="alpha">1</real></color><image id="image">bg_asteroids</image></attributes><aspects><physics><attributes><boolean id="movable">true</boolean></attributes></physics></aspects><behaviors/></actor><actor id="id713275" prototype="id509381"><attributes><point id="position"><real id="x">357.875</real><real id="y">517.2421875</real></point><size id="size"><real id="width">24</real><real id="height">24</real></size><color id="color"><real id="red">0</real><real id="green">1</real><real id="blue">1</real><real id="alpha">0</real></color></attributes><aspects/><behaviors><behavior id="id519612" class="TimerBehavior" enabled="true"><attributes><text id="name">Timer</text><text id="bundleName">Timer.behavior</text><index id="timerType">2</index><real id="interval">2</real><boolean id="runToCompletion">false</boolean></attributes><behaviors><behavior id="id885285" class="ConstrainAttributeBehavior" enabled="true"><attributes><text id="name">Constrain Attribute</text><text id="bundleName">ConstrainAttribute.behavior</text><text id="targetAttribute">self.attributes.position.y</text><text id="RHS"><expression><string xml:space="preserve">(30*cos(</string><reference keypath="self.attributes.time"/><string xml:space="preserve">*66))*cos(</string><reference keypath="self.attributes.time"/><string xml:space="preserve">*700)</string></expression></text></attributes></behavior><behavior id="id477707" class="MoveBehavior" enabled="false"><attributes><text id="name">Move</text><text id="bundleName">Move.behavior</text><angle id="direction">0</angle><index id="space">0</index><index id="moveType">0</index><real id="speed">200</real><boolean id="haltWhenBehaviorStops">true</boolean></attributes></behavior><behavior id="id854262" class="TimerBehavior" enabled="true"><attributes><text id="name">Timer</text><text id="bundleName">Timer.behavior</text><index id="timerType">0</index><real id="interval">0</real><boolean id="runToCompletion">false</boolean></attributes><behaviors><behavior id="id798464" class="SpawnAction" enabled="true"><attributes><text id="name">Spawn Actor</text><text id="bundleName">Spawn.behavior</text><text id="prototypeKey">id198799</text><angle id="direction"><expression><string xml:space="preserve">random(260,280)</string></expression></angle><index id="directionSpace">0</index><real id="x"><expression><string xml:space="preserve">0</string></expression></real><real id="y">0</real><index id="positionSpace">0</index><index id="layerOrder">3</index></attributes></behavior></behaviors></behavior></behaviors></behavior></behaviors></actor></actors><attributes><text id="name">Background</text><boolean id="scrollable">true</boolean></attributes></layer><layer id="id948735"><actors><actor id="id898737" prototype="id274633"><attributes><point id="position"><real id="x">159.34375</real><real id="y">240.5234375</real></point></attributes><aspects/></actor><actor id="id401233" prototype="id274633"><attributes><point id="position"><real id="x">160</real><real id="y">310</real></point></attributes><aspects/><behaviors><behavior id="id197906" class="DisplayTextBehavior" enabled="true"><attributes><text id="name">Display Text</text><text id="bundleName">DisplayText.behavior</text><text id="text">Now Entering </text><text id="font">American Typewriter</text><real id="size">30</real><index id="alignment">1</index><boolean id="wrap">false</boolean><color id="color"><real id="red">1</real><real id="green">1</real><real id="blue">1</real><real id="alpha">1</real></color><real id="offsetx">0</real><real id="offsety">0</real><index id="space">0</index><index id="directionSpace">0</index><angle id="direction">0</angle></attributes></behavior></behaviors></actor></actors><attributes><text id="name">Layer 1</text><boolean id="scrollable">true</boolean></attributes></layer></layers><attributes><text id="name">Galaxy</text><real id="time">0</real><size id="size"><real id="width">320</real><real id="height">480</real></size><boolean id="wrapX">false</boolean><boolean id="wrapY">false</boolean><point id="gravity"><real id="x">0</real><real id="y">0</real></point><color id="color"><real id="red">0</real><real id="green">0</real><real id="blue">0</real><real id="alpha">1</real></color><rect id="camera"><point id="origin"><real id="x">0</real><real id="y">0</real></point><size id="size"><real id="width">320</real><real id="height">480</real></size><size id="trackingArea"><real id="width">240</real><real id="height">400</real></size><real id="rotation">0</real></rect><attributes id="autorotate"><boolean id="landscapeLeft">false</boolean><boolean id="portrait">true</boolean><boolean id="landscapeRight">false</boolean><boolean id="portraitUpsideDown">false</boolean></attributes></attributes></scene>
