<?xml version="1.0" encoding="UTF-8"?>
<scene id="id999305" GSCVersion="0.13.14" PGFVersion="0.22"><layers><layer id="id328997"><actors><actor id="id156198" prototype="id666638"><attributes><point id="position"><real id="x">158.69955444336</real><real id="y">242.486328125</real></point><size id="size"><real id="width">320</real><real id="height">478.29296875</real></size><color id="color"><real id="red">1</real><real id="green">1</real><real id="blue">1</real><real id="alpha">0.5</real></color></attributes><aspects><physics><attributes><boolean id="movable">true</boolean></attributes></physics></aspects><behaviors><behavior id="id606216" class="MoveBehavior" enabled="true"><attributes><text id="name">Move</text><text id="bundleName">Move.behavior</text><angle id="direction">90</angle><index id="space">1</index><index id="moveType">0</index><real id="speed">100</real><boolean id="haltWhenBehaviorStops">true</boolean></attributes></behavior></behaviors></actor><actor id="id672908" prototype="id352469"><attributes><point id="position"><real id="x">-9.296875</real><real id="y">7.2109375</real></point></attributes><aspects/><behaviors><behavior id="id800227" class="ParticlesBehavior" enabled="true"><attributes><text id="name">Particles</text><text id="bundleName">Particles.behavior</text><index id="numParticles">2</index><real id="size"><expression><string xml:space="preserve">4</string></expression></real><real id="lifetime"><expression><string xml:space="preserve">1</string></expression></real><real id="startupTime">0</real><angle id="direction">90</angle><real id="speed"><expression><string xml:space="preserve">500</string></expression></real><image id="image"></image><angle id="rotation">0</angle><real id="angularVelocity">0</real><index id="directionRelativity">0</index><real id="emitterOffsetX"><expression><string xml:space="preserve">random(2,318)</string></expression></real><real id="emitterOffsetY"><expression><string xml:space="preserve">0</string></expression></real><boolean id="colorChange">true</boolean><boolean id="sizeChange">false</boolean><real id="colorTransitionTime"><expression><string xml:space="preserve">1.4</string></expression></real><real id="sizeTarget">5</real><real id="sizeTransitionTime">0</real><color id="color"><real id="red">0.5</real><real id="green">0</real><real id="blue">0.5</real><real id="alpha">1</real></color><color id="colorTarget"><real id="red">1</real><real id="green">1</real><real id="blue">1</real><real id="alpha">0</real></color><boolean id="affectedByGravity">false</boolean><enumeration id="blendingMode">0</enumeration></attributes></behavior></behaviors></actor><actor id="id917884" prototype="id539295"><attributes><point id="position"><real id="x">-9.07421875</real><real id="y">18.65234375</real></point></attributes><aspects/><behaviors><behavior id="id800227" class="ParticlesBehavior" enabled="true"><attributes><text id="name">Particles</text><text id="bundleName">Particles.behavior</text><index id="numParticles">22</index><real id="size"><expression><string xml:space="preserve">3</string></expression></real><real id="lifetime"><expression><string xml:space="preserve">.5</string></expression></real><real id="startupTime">0.5</real><angle id="direction">90</angle><real id="speed"><expression><string xml:space="preserve">100</string></expression></real><image id="image"></image><angle id="rotation">0</angle><real id="angularVelocity">0</real><index id="directionRelativity">1</index><real id="emitterOffsetX"><expression><string xml:space="preserve">100</string></expression></real><real id="emitterOffsetY"><expression><string xml:space="preserve">0</string></expression></real><boolean id="colorChange">true</boolean><boolean id="sizeChange">true</boolean><real id="colorTransitionTime">1</real><real id="sizeTarget">0</real><real id="sizeTransitionTime">1</real><color id="color"><real id="red">1</real><real id="green">0</real><real id="blue">0</real><real id="alpha">1</real></color><color id="colorTarget"><real id="red">1</real><real id="green">0</real><real id="blue">0</real><real id="alpha">0.62000000476837</real></color><boolean id="affectedByGravity">false</boolean><enumeration id="blendingMode">0</enumeration></attributes></behavior></behaviors></actor><actor id="id295693" prototype="id399957"><attributes><point id="position"><real id="x">-9.01953125</real><real id="y">31.4453125</real></point><size id="size"><real id="width">10</real><real id="height">10</real></size><angle id="rotation">0</angle></attributes><aspects/></actor><actor id="id565956" prototype="id399957"><attributes><point id="position"><real id="x">-22.69921875</real><real id="y">184.65234375</real></point><size id="size"><real id="width">10</real><real id="height">10</real></size><angle id="rotation">0</angle><color id="color"><real id="red">0</real><real id="green">0</real><real id="blue">1</real><real id="alpha">1</real></color></attributes><aspects/><behaviors><behavior id="id807416" class="TimerBehavior" enabled="true"><attributes><text id="name">Timer</text><text id="bundleName">Timer.behavior</text><index id="timerType">0</index><real id="interval"><expression><string xml:space="preserve">random(1,4)</string></expression></real><boolean id="runToCompletion">true</boolean></attributes><behaviors><behavior id="id554723" class="SpawnAction" enabled="true"><attributes><text id="name">Spawn Actor</text><text id="bundleName">Spawn.behavior</text><text id="prototypeKey">id382791</text><angle id="direction">0</angle><index id="directionSpace">1</index><real id="x"><expression><string xml:space="preserve">random(10,350)</string></expression></real><real id="y"><expression><string xml:space="preserve">0</string></expression></real><index id="positionSpace">1</index><index id="layerOrder">3</index></attributes></behavior></behaviors></behavior><behavior id="id440570" class="TimerBehavior" enabled="true"><attributes><text id="name">Timer</text><text id="bundleName">Timer.behavior</text><index id="timerType">0</index><real id="interval"><expression><string xml:space="preserve">random(1,7)</string></expression></real><boolean id="runToCompletion">true</boolean></attributes><behaviors><behavior id="id554723" class="SpawnAction" enabled="true"><attributes><text id="name">Spawn Actor</text><text id="bundleName">Spawn.behavior</text><text id="prototypeKey">id831709</text><angle id="direction">0</angle><index id="directionSpace">1</index><real id="x"><expression><string xml:space="preserve">random(10,350)</string></expression></real><real id="y"><expression><string xml:space="preserve">0</string></expression></real><index id="positionSpace">1</index><index id="layerOrder">3</index></attributes></behavior></behaviors></behavior></behaviors></actor><actor id="id713275" prototype="id509381"><attributes><point id="position"><real id="x">357.875</real><real id="y">517.2421875</real></point><size id="size"><real id="width">24</real><real id="height">24</real></size><color id="color"><real id="red">0</real><real id="green">1</real><real id="blue">1</real><real id="alpha">0</real></color></attributes><aspects/><behaviors><behavior id="id519612" class="TimerBehavior" enabled="true"><attributes><text id="name">Timer</text><text id="bundleName">Timer.behavior</text><index id="timerType">2</index><real id="interval">2</real><boolean id="runToCompletion">false</boolean></attributes><behaviors><behavior id="id885285" class="ConstrainAttributeBehavior" enabled="true"><attributes><text id="name">Constrain Attribute</text><text id="bundleName">ConstrainAttribute.behavior</text><text id="targetAttribute">self.attributes.position.y</text><text id="RHS"><expression><string xml:space="preserve">(30*cos(</string><reference keypath="self.attributes.time"/><string xml:space="preserve">*66))*cos(</string><reference keypath="self.attributes.time"/><string xml:space="preserve">*700)</string></expression></text></attributes></behavior><behavior id="id477707" class="MoveBehavior" enabled="false"><attributes><text id="name">Move</text><text id="bundleName">Move.behavior</text><angle id="direction">0</angle><index id="space">0</index><index id="moveType">0</index><real id="speed">200</real><boolean id="haltWhenBehaviorStops">true</boolean></attributes></behavior><behavior id="id854262" class="TimerBehavior" enabled="true"><attributes><text id="name">Timer</text><text id="bundleName">Timer.behavior</text><index id="timerType">0</index><real id="interval">0</real><boolean id="runToCompletion">false</boolean></attributes><behaviors><behavior id="id798464" class="SpawnAction" enabled="true"><attributes><text id="name">Spawn Actor</text><text id="bundleName">Spawn.behavior</text><text id="prototypeKey">id198799</text><angle id="direction"><expression><string xml:space="preserve">random(260,280)</string></expression></angle><index id="directionSpace">0</index><real id="x"><expression><string xml:space="preserve">0</string></expression></real><real id="y">0</real><index id="positionSpace">0</index><index id="layerOrder">3</index></attributes></behavior></behaviors></behavior></behaviors></behavior></behaviors></actor></actors><attributes><text id="name">Background</text><boolean id="scrollable">true</boolean></attributes></layer><layer id="id948735"><actors><actor id="id332492" prototype="id716845"><attributes><point id="position"><real id="x">159.40234375</real><real id="y">500.080078125</real></point><size id="size"><real id="width">318.4609375</real><real id="height">37.17578125</real></size></attributes><aspects/></actor></actors><attributes><text id="name">Layer 1</text><boolean id="scrollable">true</boolean></attributes></layer></layers><attributes><text id="name">Space</text><real id="time">0</real><size id="size"><real id="width">320</real><real id="height">480</real></size><boolean id="wrapX">false</boolean><boolean id="wrapY">true</boolean><point id="gravity"><real id="x">0</real><real id="y">0</real></point><color id="color"><real id="red">0</real><real id="green">0</real><real id="blue">0</real><real id="alpha">1</real></color><rect id="camera"><point id="origin"><real id="x">0</real><real id="y">0</real></point><size id="size"><real id="width">320</real><real id="height">480</real></size><size id="trackingArea"><real id="width">240</real><real id="height">400</real></size><real id="rotation">0</real></rect><attributes id="autorotate"><boolean id="landscapeLeft">false</boolean><boolean id="portrait">true</boolean><boolean id="landscapeRight">false</boolean><boolean id="portraitUpsideDown">false</boolean></attributes></attributes></scene>
