<?xml version="1.0" encoding="UTF-8"?>
<scene id="id498210" GSCVersion="0.13.14" PGFVersion="0.22"><layers><layer id="id293925"><actors><actor id="id449662" prototype="id677891"><attributes><point id="position"><real id="x">160</real><real id="y">240</real></point><size id="size"><real id="width">330</real><real id="height">500</real></size></attributes><aspects/><behaviors/></actor><actor id="id814326" prototype="id789777"><attributes><point id="position"><real id="x">159.953125</real><real id="y">240.15203857422</real></point><size id="size"><real id="width">171.40625</real><real id="height">286.84310913086</real></size></attributes><aspects/></actor><actor id="id536565" prototype="id795195"><attributes><point id="position"><real id="x">242.9609375</real><real id="y">382.05859375</real></point></attributes><aspects/></actor></actors><attributes><text id="name">Background</text><boolean id="scrollable">false</boolean></attributes></layer></layers><attributes><text id="name">Ads</text><real id="time">0</real><size id="size"><real id="width">320</real><real id="height">480</real></size><boolean id="wrapX">false</boolean><boolean id="wrapY">false</boolean><point id="gravity"><real id="x">0</real><real id="y">0</real></point><color id="color"><real id="red">0</real><real id="green">0</real><real id="blue">0</real><real id="alpha">1</real></color><rect id="camera"><point id="origin"><real id="x">0</real><real id="y">0</real></point><size id="size"><real id="width">320</real><real id="height">480</real></size><size id="trackingArea"><real id="width">240</real><real id="height">400</real></size><real id="rotation">0</real></rect><attributes id="autorotate"><boolean id="landscapeLeft">false</boolean><boolean id="portrait">true</boolean><boolean id="landscapeRight">false</boolean><boolean id="portraitUpsideDown">false</boolean></attributes></attributes></scene>
