<?xml version="1.0" encoding="UTF-8"?>
<scene id="id894271" GSCVersion="0.13.14" PGFVersion="0.22"><layers><layer id="id328997"><actors><actor id="id156198" prototype="id666638"><attributes><point id="position"><real id="x">160</real><real id="y">240</real></point><size id="size"><real id="width">400</real><real id="height">500</real></size><color id="color"><real id="red">1</real><real id="green">1</real><real id="blue">1</real><real id="alpha">1</real></color><image id="image">bg_asteroids</image></attributes><aspects><physics><attributes><boolean id="movable">true</boolean></attributes></physics></aspects><behaviors><behavior enabled="true" id="id979125" class="RuleBehavior"><attributes><text id="name">Return from Prize Screen</text><text id="bundleName">Rule.behavior</text><real id="compoundConditionKind">0</real></attributes><conditions><condition id="id426347" pluginPredicateTypeIndex="0" eventType="touch"><attributes><index id="conditionType">0</index></attributes><predicate type="touch" conditionType="pressed"><attributes/></predicate></condition></conditions><behaviors><behavior id="id660300" class="ChangeAttributeAction" enabled="true"><attributes><text id="name">Change Attribute</text><text id="bundleName">ChangeAttribute.behavior</text><text id="targetAttribute">game.attributes.id562385</text><text id="RHS">0</text></attributes></behavior><behavior id="id725940" class="ChangeAttributeAction" enabled="true"><attributes><text id="name">Change Attribute</text><text id="bundleName">ChangeAttribute.behavior</text><text id="targetAttribute">game.attributes.id227408</text><text id="RHS"><expression><reference keypath="game.devices.clock.minute"/></expression></text></attributes></behavior><behavior id="id132955" class="ChangeAttributeAction" enabled="true"><attributes><text id="name">Change PopUp UI to True</text><text id="bundleName">ChangeAttribute.behavior</text><text id="targetAttribute">game.attributes.id556827</text><text id="RHS">1</text></attributes></behavior><behavior id="id299625" class="UnpauseGameAction" enabled="true"><attributes><text id="name">Unpause Game</text><text id="bundleName">UnpauseGame.behavior</text></attributes></behavior></behaviors><elseBehaviors/></behavior></behaviors></actor></actors><attributes><text id="name">Background</text><boolean id="scrollable">false</boolean></attributes></layer><layer id="id948735"><actors><actor id="id898737" prototype="id274633"><attributes><text id="name">Prize Reward</text><point id="position"><real id="x">159.34375</real><real id="y">195.5234375</real></point></attributes><aspects/><behaviors><behavior id="id528009" class="ChangeAttributeAction" enabled="true"><attributes><text id="name">Change Attribute</text><text id="bundleName">ChangeAttribute.behavior</text><text id="targetAttribute">game.attributes.id562385</text><text id="RHS"><expression><string xml:space="preserve">0</string></expression></text></attributes></behavior><behavior id="id880483" class="ChangeAttributeAction" enabled="true"><attributes><text id="name">Change Attribute</text><text id="bundleName">ChangeAttribute.behavior</text><text id="targetAttribute">game.attributes.id562385</text><text id="RHS"><expression><reference keypath="game.attributes.id562385"/><string xml:space="preserve">+</string><string xml:space="preserve">random(25,75)</string></expression></text></attributes></behavior><behavior id="id546707" class="ChangeAttributeAction" enabled="true"><attributes><text id="name">Change Attribute</text><text id="bundleName">ChangeAttribute.behavior</text><text id="targetAttribute">game.attributes.id584946</text><text id="RHS"><expression><reference keypath="game.attributes.id584946"/><string xml:space="preserve">+</string><reference keypath="game.attributes.id562385"/></expression></text></attributes></behavior><behavior id="id776598" class="TimerBehavior" enabled="true"><attributes><text id="name">Spawn Reward and Sparkles</text><text id="bundleName">Timer.behavior</text><index id="timerType">1</index><real id="interval">1</real><boolean id="runToCompletion">false</boolean></attributes><behaviors><behavior enabled="true" id="id990457" class="RuleBehavior"><attributes><text id="name">Rule</text><text id="bundleName">Rule.behavior</text><real id="compoundConditionKind">0</real></attributes><conditions><condition pluginPredicateTypeIndex="0" id="id231944" eventType="mouse position"><attributes><index id="conditionType">2</index></attributes><predicate type="number"><attributes><text id="operator">=</text><real id="RHS"><expression><string xml:space="preserve">4</string></expression></real></attributes></predicate><subjectPredicate type="number"><attributes><text id="operator">=</text><real id="RHS"><expression><string xml:space="preserve">random(1,4)</string></expression></real></attributes></subjectPredicate></condition></conditions><behaviors><behavior id="id326655" class="DisplayTextBehavior" enabled="true"><attributes><text id="name">Display Text</text><text id="bundleName">DisplayText.behavior</text><text id="text">You won a new Lander!</text><text id="font">American Typewriter</text><real id="size">30</real><index id="alignment">1</index><boolean id="wrap">false</boolean><color id="color"><real id="red">1</real><real id="green">1</real><real id="blue">1</real><real id="alpha">1</real></color><real id="offsetx">0</real><real id="offsety">0</real><index id="space">0</index><index id="directionSpace">0</index><angle id="direction">0</angle></attributes></behavior><behavior id="id179148" class="SpawnAction" enabled="true"><attributes><text id="name">New Ship</text><text id="bundleName">Spawn.behavior</text><text id="prototypeKey">id265335</text><angle id="direction">0</angle><index id="directionSpace">0</index><real id="x">145</real><real id="y">220</real><index id="positionSpace">1</index><index id="layerOrder">0</index></attributes></behavior></behaviors><elseBehaviors><behavior id="id355786" class="DisplayTextBehavior" enabled="true"><attributes><text id="name">Display Text</text><text id="bundleName">DisplayText.behavior</text><text id="text">You Won</text><text id="font">American Typewriter</text><real id="size">30</real><index id="alignment">1</index><boolean id="wrap">false</boolean><color id="color"><real id="red">1</real><real id="green">1</real><real id="blue">1</real><real id="alpha">1</real></color><real id="offsetx">0</real><real id="offsety">0</real><index id="space">0</index><index id="directionSpace">0</index><angle id="direction">0</angle></attributes></behavior><behavior id="id886724" class="SpawnAction" enabled="true"><attributes><text id="name">Spawn Actor</text><text id="bundleName">Spawn.behavior</text><text id="prototypeKey">id306193</text><angle id="direction">0</angle><index id="directionSpace">0</index><real id="x">145</real><real id="y">220</real><index id="positionSpace">1</index><index id="layerOrder">0</index></attributes></behavior></elseBehaviors></behavior><behavior id="id710982" class="ParticlesBehavior" enabled="true"><attributes><text id="name">Particles</text><text id="bundleName">Particles.behavior</text><index id="numParticles">40</index><real id="size"><expression><string xml:space="preserve">random(40,100)</string></expression></real><real id="lifetime">0.4</real><real id="startupTime">0.2</real><angle id="direction"><expression><string xml:space="preserve">((</string><reference keypath="self.attributes.time"/><string xml:space="preserve">*1700)%360)</string></expression></angle><real id="speed"><expression><string xml:space="preserve">random(50,100)</string></expression></real><image id="image">sparkle2</image><angle id="rotation"><expression><string xml:space="preserve">((</string><reference keypath="self.attributes.time"/><string xml:space="preserve">*1700)%360)+90</string></expression></angle><real id="angularVelocity">100</real><index id="directionRelativity">0</index><real id="emitterOffsetX"><expression><string xml:space="preserve">random(-28,28)</string></expression></real><real id="emitterOffsetY"><expression><string xml:space="preserve">random(-45,45)</string></expression></real><boolean id="colorChange">true</boolean><boolean id="sizeChange">true</boolean><real id="colorTransitionTime">0.4</real><real id="sizeTarget"><expression><string xml:space="preserve">random(15,40)</string></expression></real><real id="sizeTransitionTime">0.4</real><color id="color"><real id="red">1</real><real id="green">1</real><real id="blue">1</real><real id="alpha">1</real></color><color id="colorTarget"><real id="red">1</real><real id="green">1</real><real id="blue">1</real><real id="alpha">0</real></color><boolean id="affectedByGravity">false</boolean><enumeration id="blendingMode">0</enumeration></attributes></behavior></behaviors></behavior></behaviors></actor><actor id="id635090" prototype="id515144"><attributes><point id="position"><real id="x">160</real><real id="y">240</real></point></attributes><aspects/></actor></actors><attributes><text id="name">Layer 1</text><boolean id="scrollable">false</boolean></attributes></layer></layers><attributes><text id="name">Prize</text><real id="time">0</real><size id="size"><real id="width">320</real><real id="height">480</real></size><boolean id="wrapX">false</boolean><boolean id="wrapY">false</boolean><point id="gravity"><real id="x">0</real><real id="y">0</real></point><color id="color"><real id="red">0</real><real id="green">0</real><real id="blue">0</real><real id="alpha">1</real></color><rect id="camera"><point id="origin"><real id="x">0</real><real id="y">0</real></point><size id="size"><real id="width">320</real><real id="height">480</real></size><size id="trackingArea"><real id="width">240</real><real id="height">400</real></size><real id="rotation">0</real></rect><attributes id="autorotate"><boolean id="landscapeLeft">false</boolean><boolean id="portrait">true</boolean><boolean id="landscapeRight">false</boolean><boolean id="portraitUpsideDown">false</boolean></attributes></attributes></scene>
