<?xml version="1.0" encoding="UTF-8"?>
<scene id="id352972" GSCVersion="0.13.14" PGFVersion="0.22"><layers><layer id="id328997"><actors><actor id="id156198" prototype="id666638"><attributes><point id="position"><real id="x">160</real><real id="y">240</real></point><size id="size"><real id="width">400</real><real id="height">500</real></size><color id="color"><real id="red">1</real><real id="green">1</real><real id="blue">1</real><real id="alpha">0.5</real></color><image id="image">bg_asteroids</image></attributes><aspects><physics><attributes><boolean id="movable">true</boolean></attributes></physics></aspects><behaviors/></actor></actors><attributes><text id="name">Background</text><boolean id="scrollable">false</boolean></attributes></layer><layer id="id948735"><actors><actor id="id898737" prototype="id274633"><attributes><text id="name">Prize Reward</text><point id="position"><real id="x">159.34375</real><real id="y">195.5234375</real></point></attributes><aspects/><behaviors><behavior id="id880483" class="ChangeAttributeAction" enabled="true"><attributes><text id="name">Change Attribute</text><text id="bundleName">ChangeAttribute.behavior</text><text id="targetAttribute">game.attributes.id562385</text><text id="RHS"><expression><reference keypath="game.attributes.id562385"/><string xml:space="preserve">+</string><string xml:space="preserve">random(25,50)</string></expression></text></attributes></behavior><behavior id="id546707" class="ChangeAttributeAction" enabled="true"><attributes><text id="name">Change Attribute</text><text id="bundleName">ChangeAttribute.behavior</text><text id="targetAttribute">game.attributes.id584946</text><text id="RHS"><expression><reference keypath="game.attributes.id584946"/><string xml:space="preserve">+</string><reference keypath="game.attributes.id562385"/></expression></text></attributes></behavior><behavior id="id776598" class="TimerBehavior" enabled="true"><attributes><text id="name">Timer</text><text id="bundleName">Timer.behavior</text><index id="timerType">1</index><real id="interval">1</real><boolean id="runToCompletion">false</boolean></attributes><behaviors><behavior id="id433904" class="SpawnAction" enabled="true"><attributes><text id="name">Spawn Actor</text><text id="bundleName">Spawn.behavior</text><text id="prototypeKey">id306193</text><angle id="direction">0</angle><index id="directionSpace">0</index><real id="x">145</real><real id="y">220</real><index id="positionSpace">1</index><index id="layerOrder">0</index></attributes></behavior></behaviors></behavior></behaviors></actor><actor id="id635090" prototype="id515144"><attributes><point id="position"><real id="x">160</real><real id="y">240</real></point><image id="image">UI_Disc1</image></attributes><aspects/><behaviors><behavior id="id867765" class="TimerBehavior" enabled="true"><attributes><text id="name">Timer</text><text id="bundleName">Timer.behavior</text><index id="timerType">1</index><real id="interval">0.5</real><boolean id="runToCompletion">false</boolean></attributes><behaviors><behavior id="id851405" class="SpawnAction" enabled="true"><attributes><text id="name">Spawn Actor</text><text id="bundleName">Spawn.behavior</text><text id="prototypeKey">id675338</text><angle id="direction">270</angle><index id="directionSpace">0</index><real id="x">0</real><real id="y">0</real><index id="positionSpace">0</index><index id="layerOrder">0</index></attributes></behavior></behaviors></behavior><behavior id="id157213" class="TimerBehavior" enabled="true"><attributes><text id="name">Timer</text><text id="bundleName">Timer.behavior</text><index id="timerType">1</index><real id="interval">1</real><boolean id="runToCompletion">false</boolean></attributes><behaviors><behavior id="id851405" class="SpawnAction" enabled="true"><attributes><text id="name">Spawn Actor</text><text id="bundleName">Spawn.behavior</text><text id="prototypeKey">id675338</text><angle id="direction">180</angle><index id="directionSpace">0</index><real id="x">0</real><real id="y">0</real><index id="positionSpace">0</index><index id="layerOrder">0</index></attributes></behavior></behaviors></behavior><behavior id="id132787" class="TimerBehavior" enabled="true"><attributes><text id="name">Timer</text><text id="bundleName">Timer.behavior</text><index id="timerType">1</index><real id="interval">1.5</real><boolean id="runToCompletion">false</boolean></attributes><behaviors><behavior id="id851405" class="SpawnAction" enabled="true"><attributes><text id="name">Spawn Actor</text><text id="bundleName">Spawn.behavior</text><text id="prototypeKey">id675338</text><angle id="direction">90</angle><index id="directionSpace">0</index><real id="x">0</real><real id="y">0</real><index id="positionSpace">0</index><index id="layerOrder">0</index></attributes></behavior></behaviors></behavior></behaviors></actor></actors><attributes><text id="name">Layer 1</text><boolean id="scrollable">false</boolean></attributes></layer></layers><attributes><text id="name">ShipReward</text><real id="time">0</real><size id="size"><real id="width">320</real><real id="height">480</real></size><boolean id="wrapX">false</boolean><boolean id="wrapY">false</boolean><point id="gravity"><real id="x">0</real><real id="y">0</real></point><color id="color"><real id="red">0</real><real id="green">0</real><real id="blue">0</real><real id="alpha">1</real></color><rect id="camera"><point id="origin"><real id="x">0</real><real id="y">0</real></point><size id="size"><real id="width">320</real><real id="height">480</real></size><size id="trackingArea"><real id="width">240</real><real id="height">400</real></size><real id="rotation">0</real></rect><attributes id="autorotate"><boolean id="landscapeLeft">false</boolean><boolean id="portrait">true</boolean><boolean id="landscapeRight">false</boolean><boolean id="portraitUpsideDown">false</boolean></attributes></attributes></scene>
