<?xml version="1.0" encoding="UTF-8"?>
<actor PGFVersion="0.22" id="id996330" GSCVersion="0.13.14"><attributes><text id="name">Lander</text><real id="time">0</real><point id="position"><real id="x">0</real><real id="y">0</real></point><size id="size"><real id="width">240</real><real id="height">87</real></size><angle id="rotation">0</angle><color id="color"><real id="red">1</real><real id="green">1</real><real id="blue">1</real><real id="alpha">1</real></color><image id="image">L8B</image><text id="tags"></text><boolean id="preloadArt">true</boolean><real name="Speed" id="id713675">0</real></attributes><behaviors><behavior id="id967178" class="ChangeAttributeAction" enabled="true"><attributes><text id="name">Set Ship Skin</text><text id="bundleName">ChangeAttribute.behavior</text><text id="targetAttribute">game.attributes.id289745</text><text id="RHS"><expression><reference keypath="self.attributes.image"/></expression></text></attributes></behavior><behavior id="id127452" class="ControlCameraBehavior" enabled="true"><attributes><text id="name">Control Camera</text><text id="bundleName">ControlCamera.behavior</text></attributes></behavior><behavior id="id620777" class="ChangeAttributeAction" enabled="true"><attributes><text id="name">Change Attribute</text><text id="bundleName">ChangeAttribute.behavior</text><text id="targetAttribute">self.attributes.color.alpha</text><text id="RHS">1</text></attributes></behavior><behavior enabled="true" id="id333709" class="RuleBehavior"><attributes><text id="name">Increase Drop Speed</text><text id="bundleName">Rule.behavior</text><real id="compoundConditionKind">0</real></attributes><conditions><condition id="id936611" pluginPredicateTypeIndex="0" eventType="mouse position"><attributes><index id="conditionType">1</index><text id="subjectAttribute">game.attributes.id233852</text></attributes><predicate type="number"><attributes><text id="operator">&gt;=</text><real id="RHS"><expression><string xml:space="preserve">10</string></expression></real></attributes></predicate></condition></conditions><behaviors><behavior id="id901145" class="AccelerateBehavior" enabled="true"><attributes><text id="name">Accelerate</text><text id="bundleName">Accelerate.behavior</text><angle id="direction">270</angle><index id="space">0</index><real id="acceleration"><expression><string xml:space="preserve">tableCellValue(</string><reference keypath="game.attributes.id966040"/><string xml:space="preserve">,1,3)+</string><string xml:space="preserve">tableCellValue(</string><reference keypath="game.attributes.id966040"/><string xml:space="preserve">,1,4)</string></expression></real></attributes></behavior></behaviors><elseBehaviors><behavior id="id175659" class="AccelerateBehavior" enabled="true"><attributes><text id="name">Accelerate</text><text id="bundleName">Accelerate.behavior</text><angle id="direction">270</angle><index id="space">0</index><real id="acceleration"><expression><string xml:space="preserve">tableCellValue(</string><reference keypath="game.attributes.id966040"/><string xml:space="preserve">,1,3)</string></expression></real></attributes></behavior></elseBehaviors></behavior><behavior id="id598666" class="CollideBehavior" enabled="true"><attributes><text id="name">Collide</text><text id="bundleName">Collide.behavior</text><text id="prototypeKey">id716845</text><text id="actorTag"></text><index id="mode">0</index></attributes></behavior><behavior enabled="true" id="id412170" class="RuleBehavior"><attributes><text id="name">Speed Calculator</text><text id="bundleName">Rule.behavior</text><real id="compoundConditionKind">0</real></attributes><conditions><condition id="id801726" pluginPredicateTypeIndex="0" eventType="mouse position"><attributes><index id="conditionType">1</index><text id="subjectAttribute">game.attributes.id398273</text></attributes><predicate type="boolean"><attributes><index id="RHS">0</index></attributes></predicate></condition></conditions><behaviors><behavior id="id642123" class="TimerBehavior" enabled="true"><attributes><text id="name">Timer</text><text id="bundleName">Timer.behavior</text><index id="timerType">0</index><real id="interval">0</real><boolean id="runToCompletion">false</boolean></attributes><behaviors><behavior id="id995318" class="ChangeAttributeAction" enabled="true"><attributes><text id="name">Change Attribute</text><text id="bundleName">ChangeAttribute.behavior</text><text id="targetAttribute">self.attributes.id713675</text><text id="RHS"><expression><string xml:space="preserve">magnitude(</string><reference keypath="self.aspects.motion.attributes.linearVelocity.x"/><string xml:space="preserve">,</string><reference keypath="self.aspects.motion.attributes.linearVelocity.y"/><string xml:space="preserve">)</string></expression></text></attributes></behavior><behavior id="id578188" class="ChangeAttributeAction" enabled="true"><attributes><text id="name">Change Attribute</text><text id="bundleName">ChangeAttribute.behavior</text><text id="targetAttribute">game.attributes.id778643</text><text id="RHS"><expression><string xml:space="preserve">floor(</string><reference keypath="self.attributes.id713675"/><string xml:space="preserve">)</string></expression></text></attributes></behavior><behavior id="id442191" class="DisplayTextBehavior" enabled="false"><attributes><text id="name">Display Text</text><text id="bundleName">DisplayText.behavior</text><text id="text"><expression><string xml:space="preserve">floor(</string><reference keypath="self.attributes.id713675"/><string xml:space="preserve">)</string></expression></text><text id="font">Arial</text><real id="size">30</real><index id="alignment">1</index><boolean id="wrap">false</boolean><color id="color"><real id="red">1</real><real id="green">1</real><real id="blue">1</real><real id="alpha">1</real></color><real id="offsetx">0</real><real id="offsety">0</real><index id="space">0</index><index id="directionSpace">0</index><angle id="direction">0</angle></attributes></behavior></behaviors></behavior></behaviors><elseBehaviors/></behavior><behavior id="id975837" class="CompoundBehavior" enabled="true"><attributes><text id="name">Setup Lander</text><text id="bundleName">Group.behavior</text></attributes><behaviors><behavior id="id794866" class="ChangeAttributeAction" enabled="true"><attributes><text id="name">Change Attribute</text><text id="bundleName">ChangeAttribute.behavior</text><text id="targetAttribute">self.attributes.position.y</text><text id="RHS"><expression><reference keypath="game.attributes.id539126"/></expression></text></attributes></behavior><behavior id="id314498" class="ConstrainAttributeBehavior" enabled="true"><attributes><text id="name">Center Lander</text><text id="bundleName">ConstrainAttribute.behavior</text><text id="targetAttribute">self.attributes.position.x</text><text id="RHS"><expression><string xml:space="preserve">160</string></expression></text></attributes></behavior></behaviors></behavior><behavior id="id622241" class="TimerBehavior" enabled="true"><attributes><text id="name">Display Altitude</text><text id="bundleName">Timer.behavior</text><index id="timerType">0</index><real id="interval">0.1</real><boolean id="runToCompletion">false</boolean></attributes><behaviors><behavior id="id483960" class="ChangeAttributeAction" enabled="true"><attributes><text id="name">Change Attribute</text><text id="bundleName">ChangeAttribute.behavior</text><text id="targetAttribute">game.attributes.id569220</text><text id="RHS"><expression><reference keypath="self.attributes.position.y"/><string xml:space="preserve">-37</string></expression></text></attributes></behavior></behaviors></behavior><behavior id="id959630" class="ConstrainAttributeBehavior" enabled="true"><attributes><text id="name">Impact Speed</text><text id="bundleName">ConstrainAttribute.behavior</text><text id="targetAttribute">game.attributes.id915473</text><text id="RHS"><expression><string xml:space="preserve">magnitude(</string><reference keypath="self.aspects.motion.attributes.linearVelocity.x"/><string xml:space="preserve">,</string><reference keypath="self.aspects.motion.attributes.linearVelocity.y"/><string xml:space="preserve">)</string></expression></text></attributes></behavior><behavior enabled="true" id="id622841" class="RuleBehavior"><attributes><text id="name">Thruster</text><text id="bundleName">Rule.behavior</text><real id="compoundConditionKind">0</real></attributes><conditions><condition id="id923754" pluginPredicateTypeIndex="0" eventType="mouse position"><attributes><index id="conditionType">1</index><text id="subjectAttribute">game.attributes.id461361</text></attributes><predicate type="number"><attributes><text id="operator">&gt;=</text><real id="RHS">0</real></attributes></predicate></condition><condition id="id144839" pluginPredicateTypeIndex="0" eventType="mouse position"><attributes><index id="conditionType">1</index><text id="subjectAttribute">game.attributes.id751059</text></attributes><predicate type="boolean"><attributes><index id="RHS">1</index></attributes></predicate></condition><condition id="id698857" pluginPredicateTypeIndex="0" eventType="mouse position"><attributes><index id="conditionType">1</index><text id="subjectAttribute">game.attributes.id398273</text></attributes><predicate type="boolean"><attributes><index id="RHS">0</index></attributes></predicate></condition></conditions><behaviors><behavior id="id197049" class="PlaySoundAction" enabled="true"><attributes><text id="name">Play Sound</text><text id="bundleName">PlaySound.behavior</text><sound id="soundName">MissleLaunch</sound><boolean id="loop">false</boolean><boolean id="runToCompletion">true</boolean><boolean id="positional">false</boolean><boolean id="dopplerShift">false</boolean><real id="volume">1</real><real id="pitch">1</real></attributes></behavior><behavior id="id684149" class="ParticlesBehavior" enabled="true"><attributes><text id="name">Right: Particles: Jet Flames.</text><text id="bundleName">Particles.behavior</text><index id="numParticles"><expression><string xml:space="preserve">20</string></expression></index><real id="size"><expression><string xml:space="preserve">48</string></expression></real><real id="lifetime"><expression><string xml:space="preserve">1</string></expression></real><real id="startupTime"><expression><string xml:space="preserve">1.4</string></expression></real><angle id="direction">270</angle><real id="speed"><expression><reference keypath="self.attributes.id713675"/><string xml:space="preserve">+100</string></expression></real><image id="image">jp_jetflame2</image><angle id="rotation">221.043</angle><real id="angularVelocity">0</real><index id="directionRelativity">1</index><real id="emitterOffsetX">0</real><real id="emitterOffsetY">-22</real><boolean id="colorChange">true</boolean><boolean id="sizeChange">true</boolean><real id="colorTransitionTime">1</real><real id="sizeTarget"><expression><string xml:space="preserve">24</string></expression></real><real id="sizeTransitionTime"><expression><string xml:space="preserve">0.15</string></expression></real><color id="color"><real id="red">1</real><real id="green">1</real><real id="blue">1</real><real id="alpha">0.44</real></color><color id="colorTarget"><real id="red">1</real><real id="green">1</real><real id="blue">1</real><real id="alpha">0.04</real></color><boolean id="affectedByGravity">true</boolean><enumeration id="blendingMode">0</enumeration></attributes></behavior><behavior id="id164804" class="CompoundBehavior" enabled="true"><attributes><text id="name">Engine</text><text id="bundleName">Group.behavior</text></attributes><behaviors><behavior id="id936765" class="ParticlesBehavior" enabled="true"><attributes><text id="name">Right: Small Fire</text><text id="bundleName">Particles.behavior</text><index id="numParticles">10</index><real id="size">10</real><real id="lifetime">1.2</real><real id="startupTime">0.2</real><angle id="direction">270</angle><real id="speed"><expression><reference keypath="self.attributes.id713675"/><string xml:space="preserve">+100</string></expression></real><image id="image">Fireworks</image><angle id="rotation">0</angle><real id="angularVelocity">0</real><index id="directionRelativity">1</index><real id="emitterOffsetX">0</real><real id="emitterOffsetY">-22</real><boolean id="colorChange">true</boolean><boolean id="sizeChange">true</boolean><real id="colorTransitionTime">1</real><real id="sizeTarget">5</real><real id="sizeTransitionTime">0.5</real><color id="color"><real id="red">1</real><real id="green">0.899544</real><real id="blue">0</real><real id="alpha">1</real></color><color id="colorTarget"><real id="red">1</real><real id="green">0.348097</real><real id="blue">0</real><real id="alpha">1</real></color><boolean id="affectedByGravity">true</boolean><enumeration id="blendingMode">0</enumeration></attributes></behavior><behavior id="id303535" class="ParticlesBehavior" enabled="true"><attributes><text id="name">Particles</text><text id="bundleName">Particles.behavior</text><index id="numParticles">2</index><real id="size">10</real><real id="lifetime">1.2</real><real id="startupTime">0.2</real><angle id="direction"><expression><string xml:space="preserve">270</string></expression></angle><real id="speed"><expression><reference keypath="self.attributes.id713675"/><string xml:space="preserve">+100</string></expression></real><image id="image">Fireworks</image><angle id="rotation">0</angle><real id="angularVelocity">0</real><index id="directionRelativity">1</index><real id="emitterOffsetX">0</real><real id="emitterOffsetY">-22</real><boolean id="colorChange">true</boolean><boolean id="sizeChange">true</boolean><real id="colorTransitionTime">1</real><real id="sizeTarget">5</real><real id="sizeTransitionTime">1</real><color id="color"><real id="red">0</real><real id="green">0.625718</real><real id="blue">1</real><real id="alpha">1</real></color><color id="colorTarget"><real id="red">1</real><real id="green">1</real><real id="blue">1</real><real id="alpha">1</real></color><boolean id="affectedByGravity">true</boolean><enumeration id="blendingMode">2</enumeration></attributes></behavior></behaviors></behavior><behavior id="id469811" class="ParticlesBehavior" enabled="true"><attributes><text id="name">Smokes</text><text id="bundleName">Particles.behavior</text><index id="numParticles"><expression><string xml:space="preserve">100</string></expression></index><real id="size"><expression><string xml:space="preserve">25</string></expression></real><real id="lifetime"><expression><string xml:space="preserve">3</string></expression></real><real id="startupTime">3</real><angle id="direction">270</angle><real id="speed"><expression><string xml:space="preserve">500</string></expression></real><image id="image">smoke6</image><angle id="rotation">0</angle><real id="angularVelocity">0</real><index id="directionRelativity">0</index><real id="emitterOffsetX">0</real><real id="emitterOffsetY">-22</real><boolean id="colorChange">true</boolean><boolean id="sizeChange">true</boolean><real id="colorTransitionTime">1</real><real id="sizeTarget"><expression><string xml:space="preserve">15</string></expression></real><real id="sizeTransitionTime"><expression><string xml:space="preserve">2</string></expression></real><color id="color"><real id="red">1</real><real id="green">1</real><real id="blue">1</real><real id="alpha">0.07</real></color><color id="colorTarget"><real id="red">1</real><real id="green">1</real><real id="blue">1</real><real id="alpha">0.25</real></color><boolean id="affectedByGravity">false</boolean><enumeration id="blendingMode">0</enumeration></attributes></behavior><behavior id="id807674" class="TimerBehavior" enabled="true"><attributes><text id="name">Timer</text><text id="bundleName">Timer.behavior</text><index id="timerType">0</index><real id="interval">0</real><boolean id="runToCompletion">false</boolean></attributes><behaviors><behavior id="id376280" class="ChangeAttributeAction" enabled="true"><attributes><text id="name">Change Attribute</text><text id="bundleName">ChangeAttribute.behavior</text><text id="targetAttribute">self.aspects.motion.attributes.linearVelocity.y</text><text id="RHS"><expression><reference keypath="self.aspects.motion.attributes.linearVelocity.y"/><string xml:space="preserve">+50</string></expression></text></attributes></behavior><behavior id="id639170" class="ChangeAttributeAction" enabled="true"><attributes><text id="name">Change Attribute</text><text id="bundleName">ChangeAttribute.behavior</text><text id="targetAttribute">game.attributes.id461361</text><text id="RHS"><expression><string xml:space="preserve">(</string><reference keypath="game.attributes.id461361"/><string xml:space="preserve">-3)</string></expression></text></attributes></behavior></behaviors></behavior></behaviors><elseBehaviors/></behavior><behavior enabled="true" id="id659067" class="RuleBehavior"><attributes><text id="name">Lander Crash</text><text id="bundleName">Rule.behavior</text><real id="compoundConditionKind">0</real></attributes><conditions><condition id="id138576" pluginPredicateTypeIndex="0" eventType="mouse position"><attributes><index id="conditionType">1</index><text id="subjectAttribute">game.attributes.id272795</text></attributes><predicate type="boolean"><attributes><index id="RHS">1</index></attributes></predicate></condition></conditions><behaviors><behavior id="id514390" class="ChangeAttributeAction" enabled="true"><attributes><text id="name">Change Attribute</text><text id="bundleName">ChangeAttribute.behavior</text><text id="targetAttribute">self.attributes.color.alpha</text><text id="RHS">0</text></attributes></behavior><behavior id="id682015" class="PlaySoundAction" enabled="true"><attributes><text id="name">Play Sound</text><text id="bundleName">PlaySound.behavior</text><sound id="soundName">BigExplosion</sound><boolean id="loop">false</boolean><boolean id="runToCompletion">true</boolean><boolean id="positional">false</boolean><boolean id="dopplerShift">false</boolean><real id="volume">1</real><real id="pitch">1</real></attributes></behavior></behaviors><elseBehaviors/></behavior><behavior enabled="true" id="id350942" class="RuleBehavior"><attributes><text id="name">Top Exhaust</text><text id="bundleName">Rule.behavior</text><real id="compoundConditionKind">0</real></attributes><conditions><condition id="id931938" pluginPredicateTypeIndex="0" eventType="mouse position"><attributes><index id="conditionType">1</index><text id="subjectAttribute">game.attributes.id398273</text></attributes><predicate type="boolean"><attributes><index id="RHS">1</index></attributes></predicate></condition></conditions><behaviors><behavior id="id737201" class="TimerBehavior" enabled="true"><attributes><text id="name">Timer</text><text id="bundleName">Timer.behavior</text><index id="timerType">2</index><real id="interval">0.5</real><boolean id="runToCompletion">false</boolean></attributes><behaviors><behavior id="id322170" class="ParticlesBehavior" enabled="true"><attributes><text id="name">Exhaust</text><text id="bundleName">Particles.behavior</text><index id="numParticles">10</index><real id="size"><expression><string xml:space="preserve">random(10,15)</string></expression></real><real id="lifetime">3</real><real id="startupTime">2</real><angle id="direction">20</angle><real id="speed"><expression><string xml:space="preserve">random(25,50)</string></expression></real><image id="image">scratcharea</image><angle id="rotation">0</angle><real id="angularVelocity">20</real><index id="directionRelativity">1</index><real id="emitterOffsetX"><expression><string xml:space="preserve">15</string></expression></real><real id="emitterOffsetY">10</real><boolean id="colorChange">true</boolean><boolean id="sizeChange">false</boolean><real id="colorTransitionTime"><expression><string xml:space="preserve">random(1,1.5)</string></expression></real><real id="sizeTarget">5</real><real id="sizeTransitionTime">0</real><color id="color"><real id="red">1</real><real id="green">1</real><real id="blue">1</real><real id="alpha">1</real></color><color id="colorTarget"><real id="red">1</real><real id="green">1</real><real id="blue">1</real><real id="alpha">0</real></color><boolean id="affectedByGravity">false</boolean><enumeration id="blendingMode">0</enumeration></attributes></behavior><behavior id="id755070" class="ParticlesBehavior" enabled="true"><attributes><text id="name">Exhaust</text><text id="bundleName">Particles.behavior</text><index id="numParticles">10</index><real id="size"><expression><string xml:space="preserve">random(10,15)</string></expression></real><real id="lifetime"><expression><string xml:space="preserve">3</string></expression></real><real id="startupTime">2</real><angle id="direction">160</angle><real id="speed"><expression><string xml:space="preserve">random(25,50)</string></expression></real><image id="image">scratcharea</image><angle id="rotation">0</angle><real id="angularVelocity">160</real><index id="directionRelativity">1</index><real id="emitterOffsetX"><expression><string xml:space="preserve">-15</string></expression></real><real id="emitterOffsetY">10</real><boolean id="colorChange">true</boolean><boolean id="sizeChange">false</boolean><real id="colorTransitionTime"><expression><string xml:space="preserve">random(1,1.5)</string></expression></real><real id="sizeTarget">5</real><real id="sizeTransitionTime">0</real><color id="color"><real id="red">1</real><real id="green">1</real><real id="blue">1</real><real id="alpha">1</real></color><color id="colorTarget"><real id="red">1</real><real id="green">1</real><real id="blue">1</real><real id="alpha">0</real></color><boolean id="affectedByGravity">false</boolean><enumeration id="blendingMode">0</enumeration></attributes></behavior></behaviors></behavior></behaviors><elseBehaviors/></behavior><behavior enabled="true" id="id997326" class="RuleBehavior"><attributes><text id="name">bottom Exhaust</text><text id="bundleName">Rule.behavior</text><real id="compoundConditionKind">0</real></attributes><conditions><condition id="id931938" pluginPredicateTypeIndex="0" eventType="mouse position"><attributes><index id="conditionType">1</index><text id="subjectAttribute">game.attributes.id398273</text></attributes><predicate type="boolean"><attributes><index id="RHS">1</index></attributes></predicate></condition></conditions><behaviors><behavior id="id737201" class="TimerBehavior" enabled="true"><attributes><text id="name">Timer</text><text id="bundleName">Timer.behavior</text><index id="timerType">2</index><real id="interval">1</real><boolean id="runToCompletion">false</boolean></attributes><behaviors><behavior id="id322170" class="ParticlesBehavior" enabled="true"><attributes><text id="name">Exhaust</text><text id="bundleName">Particles.behavior</text><index id="numParticles">10</index><real id="size"><expression><string xml:space="preserve">random(10,15)</string></expression></real><real id="lifetime">3</real><real id="startupTime">2</real><angle id="direction">0</angle><real id="speed"><expression><string xml:space="preserve">random(25,50)</string></expression></real><image id="image">scratcharea</image><angle id="rotation">0</angle><real id="angularVelocity">50</real><index id="directionRelativity">1</index><real id="emitterOffsetX"><expression><string xml:space="preserve">random(5,-5)</string></expression></real><real id="emitterOffsetY">-32</real><boolean id="colorChange">true</boolean><boolean id="sizeChange">false</boolean><real id="colorTransitionTime"><expression><string xml:space="preserve">random(1.5,2)</string></expression></real><real id="sizeTarget">5</real><real id="sizeTransitionTime">0</real><color id="color"><real id="red">1</real><real id="green">1</real><real id="blue">1</real><real id="alpha">1</real></color><color id="colorTarget"><real id="red">1</real><real id="green">1</real><real id="blue">1</real><real id="alpha">0</real></color><boolean id="affectedByGravity">false</boolean><enumeration id="blendingMode">0</enumeration></attributes></behavior><behavior id="id755070" class="ParticlesBehavior" enabled="true"><attributes><text id="name">Exhaust</text><text id="bundleName">Particles.behavior</text><index id="numParticles">10</index><real id="size"><expression><string xml:space="preserve">random(10,15)</string></expression></real><real id="lifetime"><expression><string xml:space="preserve">3</string></expression></real><real id="startupTime">2</real><angle id="direction">180</angle><real id="speed"><expression><string xml:space="preserve">random(25,50)</string></expression></real><image id="image">scratcharea</image><angle id="rotation">0</angle><real id="angularVelocity">50</real><index id="directionRelativity">1</index><real id="emitterOffsetX"><expression><string xml:space="preserve">random(5,-5)</string></expression></real><real id="emitterOffsetY">-32</real><boolean id="colorChange">true</boolean><boolean id="sizeChange">false</boolean><real id="colorTransitionTime"><expression><string xml:space="preserve">random(1.5,2)</string></expression></real><real id="sizeTarget">5</real><real id="sizeTransitionTime">0</real><color id="color"><real id="red">1</real><real id="green">1</real><real id="blue">1</real><real id="alpha">1</real></color><color id="colorTarget"><real id="red">1</real><real id="green">1</real><real id="blue">1</real><real id="alpha">0</real></color><boolean id="affectedByGravity">false</boolean><enumeration id="blendingMode">0</enumeration></attributes></behavior></behaviors></behavior></behaviors><elseBehaviors/></behavior><behavior enabled="true" id="id528045" class="RuleBehavior"><attributes><text id="name">Rule</text><text id="bundleName">Rule.behavior</text><real id="compoundConditionKind">0</real></attributes><conditions><condition id="id178694" pluginPredicateTypeIndex="0" eventType="overlaps or collides"><attributes><index id="conditionType">0</index></attributes><predicate type="collision"><attributes><text id="prototypeKey">id819089</text><text id="actorTag">Rocks</text><real id="mode">0</real></attributes></predicate></condition></conditions><behaviors><behavior id="id204540" class="AnimateBehavior" enabled="true"><attributes><text id="name">Animate</text><text id="bundleName">Animate.behavior</text><text id="images">L8BShakeUp	L8BShakeDown</text><index id="speed">15</index><boolean id="loop">true</boolean><boolean id="restoreActorImage">true</boolean></attributes></behavior><behavior id="id906369" class="ParticlesBehavior" enabled="true"><attributes><text id="name">Particles</text><text id="bundleName">Particles.behavior</text><index id="numParticles">40</index><real id="size"><expression><string xml:space="preserve">random(40,100)</string></expression></real><real id="lifetime">0.4</real><real id="startupTime">0.2</real><angle id="direction"><expression><string xml:space="preserve">((</string><reference keypath="self.attributes.time"/><string xml:space="preserve">*1700)%360)</string></expression></angle><real id="speed"><expression><string xml:space="preserve">random(50,100)</string></expression></real><image id="image">sparkle2</image><angle id="rotation"><expression><string xml:space="preserve">((</string><reference keypath="self.attributes.time"/><string xml:space="preserve">*1700)%360)+90</string></expression></angle><real id="angularVelocity">100</real><index id="directionRelativity">0</index><real id="emitterOffsetX"><expression><string xml:space="preserve">random(-28,28)</string></expression></real><real id="emitterOffsetY"><expression><string xml:space="preserve">random(-45,45)</string></expression></real><boolean id="colorChange">true</boolean><boolean id="sizeChange">true</boolean><real id="colorTransitionTime">0.4</real><real id="sizeTarget"><expression><string xml:space="preserve">random(15,40)</string></expression></real><real id="sizeTransitionTime">0.4</real><color id="color"><real id="red">1</real><real id="green">1</real><real id="blue">1</real><real id="alpha">1</real></color><color id="colorTarget"><real id="red">1</real><real id="green">1</real><real id="blue">1</real><real id="alpha">0</real></color><boolean id="affectedByGravity">false</boolean><enumeration id="blendingMode">0</enumeration></attributes></behavior><behavior id="id829889" class="PlaySoundAction" enabled="true"><attributes><text id="name">Play Sound</text><text id="bundleName">PlaySound.behavior</text><sound id="soundName">Coin2</sound><boolean id="loop">false</boolean><boolean id="runToCompletion">true</boolean><boolean id="positional">false</boolean><boolean id="dopplerShift">false</boolean><real id="volume">1</real><real id="pitch">1</real></attributes></behavior></behaviors><elseBehaviors/></behavior><behavior enabled="true" id="id764552" class="RuleBehavior"><attributes><text id="name">Change to Gold Ship</text><text id="bundleName">Rule.behavior</text><real id="compoundConditionKind">0</real></attributes><conditions><condition id="id136345" pluginPredicateTypeIndex="0" eventType="mouse position"><attributes><index id="conditionType">1</index><text id="subjectAttribute">game.attributes.id233852</text></attributes><predicate type="number"><attributes><text id="operator">&gt;=</text><real id="RHS"><expression><string xml:space="preserve">10</string></expression></real></attributes></predicate></condition></conditions><behaviors><behavior id="id875814" class="ChangeImageAction" enabled="true"><attributes><text id="name">Change Image</text><text id="bundleName">ChangeImage.behavior</text><image id="image">L8B1Gold</image></attributes></behavior><behavior id="id422698" class="ChangeAttributeAction" enabled="true"><attributes><text id="name">Change Attribute</text><text id="bundleName">ChangeAttribute.behavior</text><text id="targetAttribute">game.attributes.id289745</text><text id="RHS"><expression><reference keypath="self.attributes.image"/></expression></text></attributes></behavior></behaviors><elseBehaviors/></behavior><behavior enabled="true" id="id181778" class="RuleBehavior"><attributes><text id="name">Sparkle Gold Ship</text><text id="bundleName">Rule.behavior</text><real id="compoundConditionKind">0</real></attributes><conditions><condition id="id277680" pluginPredicateTypeIndex="0" eventType="mouse position"><attributes><index id="conditionType">1</index><text id="subjectAttribute">self.attributes.image</text></attributes><predicate type="string"><attributes><text id="operator">is</text><text id="RHS">L8B1Gold</text></attributes></predicate></condition></conditions><behaviors><behavior id="id211678" class="ParticlesBehavior" enabled="true"><attributes><text id="name">Particles</text><text id="bundleName">Particles.behavior</text><index id="numParticles">40</index><real id="size"><expression><string xml:space="preserve">random(40,100)</string></expression></real><real id="lifetime">0.4</real><real id="startupTime">0.2</real><angle id="direction"><expression><string xml:space="preserve">((</string><reference keypath="self.attributes.time"/><string xml:space="preserve">*1700)%360)</string></expression></angle><real id="speed"><expression><string xml:space="preserve">random(50,100)</string></expression></real><image id="image">sparkle2</image><angle id="rotation"><expression><string xml:space="preserve">((</string><reference keypath="self.attributes.time"/><string xml:space="preserve">*1700)%360)+90</string></expression></angle><real id="angularVelocity">100</real><index id="directionRelativity">0</index><real id="emitterOffsetX"><expression><string xml:space="preserve">random(-28,28)</string></expression></real><real id="emitterOffsetY"><expression><string xml:space="preserve">random(-45,45)</string></expression></real><boolean id="colorChange">true</boolean><boolean id="sizeChange">true</boolean><real id="colorTransitionTime">0.4</real><real id="sizeTarget"><expression><string xml:space="preserve">random(15,40)</string></expression></real><real id="sizeTransitionTime">0.4</real><color id="color"><real id="red">1</real><real id="green">1</real><real id="blue">0.40000000596046</real><real id="alpha">1</real></color><color id="colorTarget"><real id="red">1</real><real id="green">1</real><real id="blue">1</real><real id="alpha">0</real></color><boolean id="affectedByGravity">false</boolean><enumeration id="blendingMode">0</enumeration></attributes></behavior></behaviors><elseBehaviors/></behavior></behaviors><aspects><graphics><attributes><boolean id="visible">true</boolean><enumeration id="blendingMode">0</enumeration><enumeration id="horizontalWrap">0</enumeration><enumeration id="verticalWrap">0</enumeration><enumeration id="horizontalAnchor">0</enumeration><enumeration id="verticalAnchor">0</enumeration><boolean id="flipHorizontally">false</boolean><boolean id="flipVertically">false</boolean><integer id="tileWidth">240</integer><integer id="tileHeight">87</integer></attributes></graphics><motion><attributes><point id="linearVelocity"><real id="x">0</real><real id="y">0</real></point><real id="angularVelocity">0</real><real id="maxSpeed">0</real><boolean id="applyMaxSpeed">false</boolean></attributes></motion><physics><attributes><real id="density">1</real><real id="friction">3</real><real id="restitution">0</real><boolean id="fixedRotation">false</boolean><boolean id="movable">true</boolean><enumeration id="collisionShape">0</enumeration><real id="drag">0</real><real id="angularDrag">0</real></attributes></physics></aspects></actor>
