<?xml version="1.0" encoding="UTF-8"?>
<actor PGFVersion="0.22" id="id789777" GSCVersion="0.13.14"><attributes><text id="name">FakeVideoAdBgk</text><real id="time">0</real><point id="position"><real id="x">0</real><real id="y">0</real></point><size id="size"><real id="width">245</real><real id="height">410</real></size><angle id="rotation">0</angle><color id="color"><real id="red">0.081338942050934</real><real id="green">0.11094117164612</real><real id="blue">0.14261046051979</real><real id="alpha">1</real></color><image id="image"></image><text id="tags"></text><boolean id="preloadArt">true</boolean></attributes><behaviors><behavior id="id560836" class="DisplayTextBehavior" enabled="true"><attributes><text id="name">Display Text</text><text id="bundleName">DisplayText.behavior</text><text id="text">Sorry No Ad would load. 
We fueld up your Ship.
Thanks for the support</text><text id="font">American Typewriter</text><real id="size">16</real><index id="alignment">1</index><boolean id="wrap">true</boolean><color id="color"><real id="red">1</real><real id="green">1</real><real id="blue">1</real><real id="alpha">1</real></color><real id="offsetx">160</real><real id="offsety">160</real><index id="space">1</index><index id="directionSpace">0</index><angle id="direction">0</angle></attributes></behavior></behaviors><aspects><graphics><attributes><boolean id="visible">true</boolean><enumeration id="blendingMode">0</enumeration><enumeration id="horizontalWrap">0</enumeration><enumeration id="verticalWrap">0</enumeration><enumeration id="horizontalAnchor">0</enumeration><enumeration id="verticalAnchor">0</enumeration><boolean id="flipHorizontally">false</boolean><boolean id="flipVertically">false</boolean><integer id="tileWidth">245</integer><integer id="tileHeight">410</integer></attributes></graphics><motion><attributes><point id="linearVelocity"><real id="x">0</real><real id="y">0</real></point><real id="angularVelocity">0</real><real id="maxSpeed">0</real><boolean id="applyMaxSpeed">false</boolean></attributes></motion><physics><attributes><real id="density">1</real><real id="friction">3</real><real id="restitution">1</real><boolean id="fixedRotation">false</boolean><boolean id="movable">true</boolean><enumeration id="collisionShape">0</enumeration><real id="drag">0</real><real id="angularDrag">0</real></attributes></physics></aspects></actor>
