<?xml version="1.0" encoding="UTF-8"?>
<actor PGFVersion="0.22" id="id237439" GSCVersion="0.13.14"><attributes><text id="name">UI_Fuel_Menu</text><real id="time">0</real><point id="position"><real id="x">0</real><real id="y">0</real></point><size id="size"><real id="width">272</real><real id="height">208</real></size><angle id="rotation">0</angle><color id="color"><real id="red">1</real><real id="green">1</real><real id="blue">1</real><real id="alpha">1</real></color><image id="image">UI_Fuel_Menu2</image><text id="tags"></text><boolean id="preloadArt">true</boolean></attributes><behaviors><behavior id="id845182" class="ChangeAttributeAction" enabled="true"><attributes><text id="name">Change PopUp UI to True</text><text id="bundleName">ChangeAttribute.behavior</text><text id="targetAttribute">game.attributes.id556827</text><text id="RHS">0</text></attributes></behavior><behavior id="id501089" class="SpawnAction" enabled="true"><attributes><text id="name">Spawn Actor</text><text id="bundleName">Spawn.behavior</text><text id="prototypeKey">id104009</text><angle id="direction">0</angle><index id="directionSpace">0</index><real id="x">-54</real><real id="y">-40</real><index id="positionSpace">0</index><index id="layerOrder">0</index></attributes></behavior><behavior id="id452682" class="SpawnAction" enabled="true"><attributes><text id="name">Spawn Actor</text><text id="bundleName">Spawn.behavior</text><text id="prototypeKey">id929714</text><angle id="direction">0</angle><index id="directionSpace">0</index><real id="x">55</real><real id="y">-40</real><index id="positionSpace">0</index><index id="layerOrder">0</index></attributes></behavior><behavior id="id418927" class="SpawnAction" enabled="true"><attributes><text id="name">Spawn Actor</text><text id="bundleName">Spawn.behavior</text><text id="prototypeKey">id536144</text><angle id="direction">0</angle><index id="directionSpace">0</index><real id="x">105</real><real id="y">95</real><index id="positionSpace">0</index><index id="layerOrder">0</index></attributes></behavior><behavior id="id862732" class="SpawnAction" enabled="true"><attributes><text id="name">Safe Landing Button</text><text id="bundleName">Spawn.behavior</text><text id="prototypeKey">id317416</text><angle id="direction">0</angle><index id="directionSpace">1</index><real id="x">45</real><real id="y">-84</real><index id="positionSpace">0</index><index id="layerOrder">0</index></attributes></behavior><behavior enabled="true" id="id468927" class="RuleBehavior"><attributes><text id="name">Rule</text><text id="bundleName">Rule.behavior</text><real id="compoundConditionKind">0</real></attributes><conditions><condition id="id842998" pluginPredicateTypeIndex="0" eventType="touch"><attributes><index id="conditionType">1</index><text id="subjectAttribute">game.attributes.id556827</text></attributes><predicate type="boolean"><attributes><index id="RHS">1</index></attributes></predicate></condition></conditions><behaviors><behavior id="id943610" class="DestroyAction" enabled="true"><attributes><text id="name">Destroy</text><text id="bundleName">Destroy.behavior</text></attributes></behavior></behaviors><elseBehaviors/></behavior></behaviors><aspects><graphics><attributes><boolean id="visible">true</boolean><enumeration id="blendingMode">0</enumeration><enumeration id="horizontalWrap">0</enumeration><enumeration id="verticalWrap">0</enumeration><enumeration id="horizontalAnchor">0</enumeration><enumeration id="verticalAnchor">0</enumeration><boolean id="flipHorizontally">false</boolean><boolean id="flipVertically">false</boolean><integer id="tileWidth">272</integer><integer id="tileHeight">208</integer></attributes></graphics><motion><attributes><point id="linearVelocity"><real id="x">0</real><real id="y">0</real></point><real id="angularVelocity">0</real><real id="maxSpeed">0</real><boolean id="applyMaxSpeed">false</boolean></attributes></motion><physics><attributes><real id="density">1</real><real id="friction">3</real><real id="restitution">1</real><boolean id="fixedRotation">false</boolean><boolean id="movable">true</boolean><enumeration id="collisionShape">0</enumeration><real id="drag">0</real><real id="angularDrag">0</real></attributes></physics></aspects></actor>
