<?xml version="1.0" encoding="UTF-8"?>
<actor PGFVersion="0.22" id="id666638" GSCVersion="0.13.14"><attributes><text id="name">Starfield</text><real id="time">0</real><point id="position"><real id="x">0</real><real id="y">0</real></point><size id="size"><real id="width">320</real><real id="height">568</real></size><angle id="rotation">0</angle><color id="color"><real id="red">1</real><real id="green">1</real><real id="blue">1</real><real id="alpha">1</real></color><image id="image">StarField_Alpha</image><text id="tags"></text><boolean id="preloadArt">true</boolean></attributes><behaviors><behavior id="id606216" class="MoveBehavior" enabled="true"><attributes><text id="name">Move</text><text id="bundleName">Move.behavior</text><angle id="direction">90</angle><index id="space">1</index><index id="moveType">0</index><real id="speed">100</real><boolean id="haltWhenBehaviorStops">true</boolean></attributes></behavior><behavior enabled="true" id="id174212" class="RuleBehavior"><attributes><text id="name">Rule</text><text id="bundleName">Rule.behavior</text><real id="compoundConditionKind">0</real></attributes><conditions><condition id="id647929" pluginPredicateTypeIndex="0" eventType="mouse button"><attributes><index id="conditionType">1</index><text id="subjectAttribute">self.attributes.position.y</text></attributes><predicate type="number"><attributes><text id="operator">&lt;</text><real id="RHS">2000</real></attributes></predicate></condition></conditions><behaviors><behavior id="id957147" class="ChangeAttributeAction" enabled="true"><attributes><text id="name">Change Attribute</text><text id="bundleName">ChangeAttribute.behavior</text><text id="targetAttribute">self.attributes.position.y</text><text id="RHS">1000</text></attributes></behavior></behaviors><elseBehaviors/></behavior></behaviors><aspects><graphics><attributes><boolean id="visible">true</boolean><enumeration id="blendingMode">0</enumeration><enumeration id="horizontalWrap">0</enumeration><enumeration id="verticalWrap">0</enumeration><enumeration id="horizontalAnchor">0</enumeration><enumeration id="verticalAnchor">0</enumeration><boolean id="flipHorizontally">false</boolean><boolean id="flipVertically">false</boolean><integer id="tileWidth">320</integer><integer id="tileHeight">568</integer></attributes></graphics><motion><attributes><point id="linearVelocity"><real id="x">0</real><real id="y">0</real></point><real id="angularVelocity">0</real><real id="maxSpeed">0</real><boolean id="applyMaxSpeed">false</boolean></attributes></motion><physics><attributes><real id="density">1</real><real id="friction">3</real><real id="restitution">1</real><boolean id="fixedRotation">false</boolean><boolean id="movable">false</boolean><enumeration id="collisionShape">0</enumeration><real id="drag">0</real><real id="angularDrag">0</real></attributes></physics></aspects></actor>
