<?xml version="1.0" encoding="UTF-8"?>
<actor PGFVersion="0.22" id="id399957" GSCVersion="0.13.14"><attributes><text id="name">StarParticles</text><real id="time">0</real><point id="position"><real id="x">0</real><real id="y">0</real></point><size id="size"><real id="width">10</real><real id="height">10</real></size><angle id="rotation">0</angle><color id="color"><real id="red">0</real><real id="green">0</real><real id="blue">0</real><real id="alpha">0.87</real></color><image id="image"></image><text id="tags"></text><boolean id="preloadArt">true</boolean><integer name="StarSpeed" id="id362821">110</integer></attributes><behaviors><behavior id="id800227" class="ParticlesBehavior" enabled="false"><attributes><text id="name">Particles</text><text id="bundleName">Particles.behavior</text><index id="numParticles">50</index><real id="size"><expression><string xml:space="preserve">random(1,3)</string></expression></real><real id="lifetime"><expression><string xml:space="preserve">1</string></expression></real><real id="startupTime">0</real><angle id="direction">270</angle><real id="speed"><expression><string xml:space="preserve">350</string></expression></real><image id="image"></image><angle id="rotation">0</angle><real id="angularVelocity">0</real><index id="directionRelativity">0</index><real id="emitterOffsetX"><expression><string xml:space="preserve">random(2,318)</string></expression></real><real id="emitterOffsetY"><expression><string xml:space="preserve">0</string></expression></real><boolean id="colorChange">true</boolean><boolean id="sizeChange">false</boolean><real id="colorTransitionTime"><expression><string xml:space="preserve">4</string></expression></real><real id="sizeTarget">5</real><real id="sizeTransitionTime">0</real><color id="color"><real id="red">1</real><real id="green">1</real><real id="blue">1</real><real id="alpha">1</real></color><color id="colorTarget"><real id="red">1</real><real id="green">1</real><real id="blue">1</real><real id="alpha">0</real></color><boolean id="affectedByGravity">false</boolean><enumeration id="blendingMode">0</enumeration></attributes></behavior><behavior id="id424748" class="ParticlesBehavior" enabled="false"><attributes><text id="name">Left: Particles</text><text id="bundleName">Particles.behavior</text><index id="numParticles">5</index><real id="size">10</real><real id="lifetime">15</real><real id="startupTime">0.2</real><angle id="direction">270</angle><real id="speed"><expression><string xml:space="preserve">random(300,400)</string></expression></real><image id="image">Fireworks</image><angle id="rotation">0</angle><real id="angularVelocity">0</real><index id="directionRelativity">0</index><real id="emitterOffsetX"><expression><string xml:space="preserve">random(2,318)</string></expression></real><real id="emitterOffsetY">0</real><boolean id="colorChange">true</boolean><boolean id="sizeChange">false</boolean><real id="colorTransitionTime">14</real><real id="sizeTarget">5</real><real id="sizeTransitionTime">1</real><color id="color"><real id="red">0.90196079015732</real><real id="green">0.90196079015732</real><real id="blue">0.90196079015732</real><real id="alpha">1</real></color><color id="colorTarget"><real id="red">1</real><real id="green">1</real><real id="blue">1</real><real id="alpha">0</real></color><boolean id="affectedByGravity">false</boolean><enumeration id="blendingMode">2</enumeration></attributes></behavior></behaviors><aspects><graphics><attributes><boolean id="visible">true</boolean><enumeration id="blendingMode">0</enumeration><enumeration id="horizontalWrap">0</enumeration><enumeration id="verticalWrap">0</enumeration><enumeration id="horizontalAnchor">0</enumeration><enumeration id="verticalAnchor">0</enumeration><boolean id="flipHorizontally">false</boolean><boolean id="flipVertically">false</boolean><integer id="tileWidth">10</integer><integer id="tileHeight">10</integer></attributes></graphics><motion><attributes><point id="linearVelocity"><real id="x">0</real><real id="y">0</real></point><real id="angularVelocity">0</real><real id="maxSpeed">0</real><boolean id="applyMaxSpeed">false</boolean></attributes></motion><physics><attributes><real id="density">1</real><real id="friction">3</real><real id="restitution">1</real><boolean id="fixedRotation">false</boolean><boolean id="movable">false</boolean><enumeration id="collisionShape">0</enumeration><real id="drag">0</real><real id="angularDrag">0</real></attributes></physics></aspects></actor>
