<?xml version="1.0" encoding="UTF-8"?>
<actor PGFVersion="0.22" id="id542733" GSCVersion="0.13.14"><attributes><text id="name">PrizeTime</text><real id="time">0</real><point id="position"><real id="x">0</real><real id="y">0</real></point><size id="size"><real id="width">180</real><real id="height">40</real></size><angle id="rotation">0</angle><color id="color"><real id="red">1</real><real id="green">1</real><real id="blue">1</real><real id="alpha">0</real></color><image id="image">Refuel_Button</image><text id="tags"></text><boolean id="preloadArt">true</boolean></attributes><behaviors><behavior id="id400880" class="CompoundBehavior" enabled="true"><attributes><text id="name">Set Game Timer</text><text id="bundleName">Group.behavior</text></attributes><behaviors><behavior enabled="true" id="id793333" class="RuleBehavior"><attributes><text id="name">Rule</text><text id="bundleName">Rule.behavior</text><real id="compoundConditionKind">0</real></attributes><conditions><condition id="id744255" pluginPredicateTypeIndex="0" eventType="mouse position"><attributes><index id="conditionType">1</index><text id="subjectAttribute">game.attributes.id172005</text></attributes><predicate type="number"><attributes><text id="operator">&gt;=</text><real id="RHS">0</real></attributes></predicate></condition></conditions><behaviors><behavior id="id109187" class="ConstrainAttributeBehavior" enabled="true"><attributes><text id="name">Constrain Attribute</text><text id="bundleName">ConstrainAttribute.behavior</text><text id="targetAttribute">game.attributes.id172005</text><text id="RHS"><expression><reference keypath="game.attributes.id747840"/><string xml:space="preserve">-(</string><reference keypath="game.devices.clock.minute"/><string xml:space="preserve">-</string><reference keypath="game.attributes.id227408"/><string xml:space="preserve">)</string></expression></text></attributes></behavior></behaviors><elseBehaviors/></behavior></behaviors></behavior><behavior id="id939061" class="DisplayTextBehavior" enabled="true"><attributes><text id="name">Display Text</text><text id="bundleName">DisplayText.behavior</text><text id="text"><expression><reference keypath="game.attributes.id172005"/></expression></text><text id="font">American Typewriter</text><real id="size">16</real><index id="alignment">0</index><boolean id="wrap">true</boolean><color id="color"><real id="red">1</real><real id="green">1</real><real id="blue">1</real><real id="alpha">1</real></color><real id="offsetx">0</real><real id="offsety">0</real><index id="space">0</index><index id="directionSpace">0</index><angle id="direction">0</angle></attributes></behavior><behavior enabled="true" id="id196180" class="RuleBehavior"><attributes><text id="name">Rule</text><text id="bundleName">Rule.behavior</text><real id="compoundConditionKind">0</real></attributes><conditions><condition id="id842998" pluginPredicateTypeIndex="0" eventType="touch"><attributes><index id="conditionType">1</index><text id="subjectAttribute">game.attributes.id556827</text></attributes><predicate type="boolean"><attributes><index id="RHS">1</index></attributes></predicate></condition></conditions><behaviors><behavior id="id943610" class="DestroyAction" enabled="true"><attributes><text id="name">Destroy</text><text id="bundleName">Destroy.behavior</text></attributes></behavior></behaviors><elseBehaviors/></behavior></behaviors><aspects><graphics><attributes><boolean id="visible">true</boolean><enumeration id="blendingMode">0</enumeration><enumeration id="horizontalWrap">0</enumeration><enumeration id="verticalWrap">0</enumeration><enumeration id="horizontalAnchor">0</enumeration><enumeration id="verticalAnchor">0</enumeration><boolean id="flipHorizontally">false</boolean><boolean id="flipVertically">false</boolean><integer id="tileWidth">180</integer><integer id="tileHeight">40</integer></attributes></graphics><motion><attributes><point id="linearVelocity"><real id="x">0</real><real id="y">0</real></point><real id="angularVelocity">0</real><real id="maxSpeed">0</real><boolean id="applyMaxSpeed">false</boolean></attributes></motion><physics><attributes><real id="density">1</real><real id="friction">3</real><real id="restitution">1</real><boolean id="fixedRotation">false</boolean><boolean id="movable">true</boolean><enumeration id="collisionShape">0</enumeration><real id="drag">0</real><real id="angularDrag">0</real></attributes></physics></aspects></actor>
