<?xml version="1.0" encoding="UTF-8"?>
<actor PGFVersion="0.22" id="id112112" GSCVersion="0.13.14"><attributes><text id="name">UI_Fuel-Bar</text><real id="time">0</real><point id="position"><real id="x">0</real><real id="y">0</real></point><size id="size"><real id="width">225</real><real id="height">17</real></size><angle id="rotation">0</angle><color id="color"><real id="red">1</real><real id="green">1</real><real id="blue">1</real><real id="alpha">1</real></color><image id="image">UI_Fuel-Bar</image><text id="tags"></text><boolean id="preloadArt">true</boolean></attributes><behaviors><behavior id="id457191" class="CompoundBehavior" enabled="true"><attributes><text id="name">Fuel Bar</text><text id="bundleName">Group.behavior</text></attributes><behaviors><behavior id="id262051" class="ConstrainAttributeBehavior" enabled="true"><attributes><text id="name">Constrain Attribute</text><text id="bundleName">ConstrainAttribute.behavior</text><text id="targetAttribute">self.attributes.size.width</text><text id="RHS"><expression><string xml:space="preserve">(</string><reference keypath="game.attributes.id461361"/><string xml:space="preserve">-100)</string></expression></text></attributes></behavior><behavior id="id982479" class="ConstrainAttributeBehavior" enabled="true"><attributes><text id="name">Constrain Attribute</text><text id="bundleName">ConstrainAttribute.behavior</text><text id="targetAttribute">self.attributes.position.x</text><text id="RHS"><expression><string xml:space="preserve">(</string><reference keypath="self.attributes.size.width"/><string xml:space="preserve">/2+50)</string></expression></text></attributes></behavior><behavior enabled="true" id="id772569" class="RuleBehavior"><attributes><text id="name">Rule</text><text id="bundleName">Rule.behavior</text><real id="compoundConditionKind">0</real></attributes><conditions><condition id="id116265" pluginPredicateTypeIndex="0" eventType="mouse position"><attributes><index id="conditionType">1</index><text id="subjectAttribute">game.attributes.id461361</text></attributes><predicate type="number"><attributes><text id="operator">&lt;</text><real id="RHS">150</real></attributes></predicate></condition></conditions><behaviors><behavior id="id926426" class="ParticlesBehavior" enabled="true"><attributes><text id="name">Particles</text><text id="bundleName">Particles.behavior</text><index id="numParticles"><expression><string xml:space="preserve">random(3,5)</string></expression></index><real id="size"><expression><string xml:space="preserve">random(3,7)</string></expression></real><real id="lifetime"><expression><string xml:space="preserve">random(1,2)</string></expression></real><real id="startupTime">2</real><angle id="direction">0</angle><real id="speed"><expression><string xml:space="preserve">random(30,50)</string></expression></real><image id="image">bubble</image><angle id="rotation">0</angle><real id="angularVelocity">0</real><index id="directionRelativity">0</index><real id="emitterOffsetX"><expression><string xml:space="preserve">0</string></expression></real><real id="emitterOffsetY"><expression><string xml:space="preserve">0</string></expression></real><boolean id="colorChange">true</boolean><boolean id="sizeChange">false</boolean><real id="colorTransitionTime">5</real><real id="sizeTarget">5</real><real id="sizeTransitionTime">0</real><color id="color"><real id="red">1</real><real id="green">1</real><real id="blue">1</real><real id="alpha">0.80000001192093</real></color><color id="colorTarget"><real id="red">1</real><real id="green">1</real><real id="blue">1</real><real id="alpha">0</real></color><boolean id="affectedByGravity">false</boolean><enumeration id="blendingMode">0</enumeration></attributes></behavior></behaviors><elseBehaviors/></behavior><behavior id="id547491" class="DisplayTextBehavior" enabled="false"><attributes><text id="name">Display Text</text><text id="bundleName">DisplayText.behavior</text><text id="text"><expression><reference keypath="game.attributes.id461361"/></expression></text><text id="font">Arial</text><real id="size">30</real><index id="alignment">1</index><boolean id="wrap">false</boolean><color id="color"><real id="red">1</real><real id="green">1</real><real id="blue">1</real><real id="alpha">1</real></color><real id="offsetx">0</real><real id="offsety">0</real><index id="space">0</index><index id="directionSpace">0</index><angle id="direction">0</angle></attributes></behavior></behaviors></behavior></behaviors><aspects><graphics><attributes><boolean id="visible">true</boolean><enumeration id="blendingMode">0</enumeration><enumeration id="horizontalWrap">0</enumeration><enumeration id="verticalWrap">0</enumeration><enumeration id="horizontalAnchor">0</enumeration><enumeration id="verticalAnchor">0</enumeration><boolean id="flipHorizontally">false</boolean><boolean id="flipVertically">false</boolean><integer id="tileWidth">225</integer><integer id="tileHeight">17</integer></attributes></graphics><motion><attributes><point id="linearVelocity"><real id="x">0</real><real id="y">0</real></point><real id="angularVelocity">0</real><real id="maxSpeed">0</real><boolean id="applyMaxSpeed">false</boolean></attributes></motion><physics><attributes><real id="density">1</real><real id="friction">3</real><real id="restitution">1</real><boolean id="fixedRotation">false</boolean><boolean id="movable">true</boolean><enumeration id="collisionShape">0</enumeration><real id="drag">0</real><real id="angularDrag">0</real></attributes></physics></aspects></actor>
