<?xml version="1.0" encoding="UTF-8"?>
<actor PGFVersion="0.22" id="id333344" GSCVersion="0.13.14"><attributes><text id="name">UI_CargoCountDownBtn</text><real id="time">0</real><point id="position"><real id="x">0</real><real id="y">0</real></point><size id="size"><real id="width">105</real><real id="height">34</real></size><angle id="rotation">0</angle><color id="color"><real id="red">1</real><real id="green">1</real><real id="blue">1</real><real id="alpha">1</real></color><image id="image">UI_CargoCountDownBtn</image><text id="tags"></text><boolean id="preloadArt">true</boolean></attributes><behaviors><behavior id="id323718" class="SpawnAction" enabled="true"><attributes><text id="name">Prize Count down</text><text id="bundleName">Spawn.behavior</text><text id="prototypeKey">id542733</text><angle id="direction">0</angle><index id="directionSpace">0</index><real id="x">55</real><real id="y">-12</real><index id="positionSpace">0</index><index id="layerOrder">0</index></attributes></behavior><behavior enabled="true" id="id978991" class="RuleBehavior"><attributes><text id="name">Rule</text><text id="bundleName">Rule.behavior</text><real id="compoundConditionKind">0</real></attributes><conditions><condition id="id506277" pluginPredicateTypeIndex="0" eventType="mouse position"><attributes><index id="conditionType">1</index><text id="subjectAttribute">game.attributes.id172005</text></attributes><predicate type="number"><attributes><text id="operator">=</text><real id="RHS">0</real></attributes></predicate></condition></conditions><behaviors><behavior id="id702473" class="ChangeImageAction" enabled="true"><attributes><text id="name">Change Image</text><text id="bundleName">ChangeImage.behavior</text><image id="image">UI_OpenCargoBtn</image></attributes></behavior></behaviors><elseBehaviors/></behavior><behavior enabled="true" id="id764536" class="RuleBehavior"><attributes><text id="name">Claim Prize</text><text id="bundleName">Rule.behavior</text><real id="compoundConditionKind">0</real></attributes><conditions><condition id="id112302" pluginPredicateTypeIndex="0" eventType="touch"><attributes><index id="conditionType">0</index></attributes><predicate type="touch" conditionType="pressed"><attributes/></predicate></condition></conditions><behaviors><behavior enabled="true" id="id863442" class="RuleBehavior"><attributes><text id="name">Check if Image has changed</text><text id="bundleName">Rule.behavior</text><real id="compoundConditionKind">0</real></attributes><conditions><condition id="id876703" pluginPredicateTypeIndex="0" eventType="mouse position"><attributes><index id="conditionType">1</index><text id="subjectAttribute">self.attributes.image</text></attributes><predicate type="string"><attributes><text id="operator">is</text><text id="RHS">UI_OpenCargoBtn</text></attributes></predicate></condition></conditions><behaviors><behavior enabled="true" id="id445121" class="RuleBehavior"><attributes><text id="name">Go to Prize Screen</text><text id="bundleName">Rule.behavior</text><real id="compoundConditionKind">0</real></attributes><conditions><condition id="id426347" pluginPredicateTypeIndex="0" eventType="touch"><attributes><index id="conditionType">0</index></attributes><predicate type="touch" conditionType="pressed"><attributes/></predicate></condition></conditions><behaviors><behavior id="id160377" class="PauseGameAction" enabled="true"><attributes><text id="name">Pause Game</text><text id="bundleName">PauseGame.behavior</text><text id="sceneKey">id894271</text><boolean id="enableAdvertisement">false</boolean></attributes></behavior></behaviors><elseBehaviors/></behavior><behavior id="id419713" class="ChangeImageAction" enabled="true"><attributes><text id="name">Change Back to Count Down</text><text id="bundleName">ChangeImage.behavior</text><image id="image">UI_CargoCountDownBtn</image></attributes></behavior></behaviors><elseBehaviors/></behavior></behaviors><elseBehaviors/></behavior></behaviors><aspects><graphics><attributes><boolean id="visible">true</boolean><enumeration id="blendingMode">0</enumeration><enumeration id="horizontalWrap">0</enumeration><enumeration id="verticalWrap">0</enumeration><enumeration id="horizontalAnchor">0</enumeration><enumeration id="verticalAnchor">0</enumeration><boolean id="flipHorizontally">false</boolean><boolean id="flipVertically">false</boolean><integer id="tileWidth">105</integer><integer id="tileHeight">34</integer></attributes></graphics><motion><attributes><point id="linearVelocity"><real id="x">0</real><real id="y">0</real></point><real id="angularVelocity">0</real><real id="maxSpeed">0</real><boolean id="applyMaxSpeed">false</boolean></attributes></motion><physics><attributes><real id="density">1</real><real id="friction">3</real><real id="restitution">1</real><boolean id="fixedRotation">false</boolean><boolean id="movable">true</boolean><enumeration id="collisionShape">0</enumeration><real id="drag">0</real><real id="angularDrag">0</real></attributes></physics></aspects></actor>
