<?xml version="1.0" encoding="UTF-8"?>
<actor PGFVersion="0.22" id="id707564" GSCVersion="0.13.14"><attributes><text id="name">Mid-Range-Zepplin</text><real id="time">0</real><point id="position"><real id="x">0</real><real id="y">0</real></point><size id="size"><real id="width">143</real><real id="height">24</real></size><angle id="rotation">0</angle><color id="color"><real id="red">1</real><real id="green">1</real><real id="blue">1</real><real id="alpha">1</real></color><image id="image">Mid-Range-Zepplin</image><text id="tags"></text><boolean id="preloadArt">true</boolean></attributes><behaviors><behavior id="id385915" class="SpawnAction" enabled="true"><attributes><text id="name">Spawn the Beam</text><text id="bundleName">Spawn.behavior</text><text id="prototypeKey">id943040</text><angle id="direction">0</angle><index id="directionSpace">0</index><real id="x">-30</real><real id="y">-115</real><index id="positionSpace">0</index><index id="layerOrder">1</index></attributes></behavior><behavior id="id946989" class="CompoundBehavior" enabled="true"><attributes><text id="name">Building Color effect</text><text id="bundleName">Group.behavior</text></attributes><behaviors><behavior id="id583737" class="ChangeAttributeAction" enabled="true"><attributes><text id="name">Change Sky color</text><text id="bundleName">ChangeAttribute.behavior</text><text id="targetAttribute">self.attributes.color.red</text><text id="RHS"><expression><reference keypath="game.attributes.id341245"/></expression></text></attributes></behavior><behavior id="id592850" class="ChangeAttributeAction" enabled="true"><attributes><text id="name">Change Attribute</text><text id="bundleName">ChangeAttribute.behavior</text><text id="targetAttribute">self.attributes.color.green</text><text id="RHS"><expression><reference keypath="game.attributes.id220432"/></expression></text></attributes></behavior><behavior id="id457462" class="ChangeAttributeAction" enabled="true"><attributes><text id="name">Change Attribute</text><text id="bundleName">ChangeAttribute.behavior</text><text id="targetAttribute">self.attributes.color.blue</text><text id="RHS"><expression><reference keypath="game.attributes.id109646"/></expression></text></attributes></behavior></behaviors></behavior><behavior id="id827790" class="MoveBehavior" enabled="true"><attributes><text id="name">Move</text><text id="bundleName">Move.behavior</text><angle id="direction">180</angle><index id="space">1</index><index id="moveType">0</index><real id="speed">25</real><boolean id="haltWhenBehaviorStops">true</boolean></attributes></behavior><behavior id="id910866" class="ParticlesBehavior" enabled="true"><attributes><text id="name">Particles</text><text id="bundleName">Particles.behavior</text><index id="numParticles">100</index><real id="size"><expression><reference keypath="self.attributes.size.height"/></expression></real><real id="lifetime">5</real><real id="startupTime"><expression><string xml:space="preserve">.5</string></expression></real><angle id="direction">0</angle><real id="speed">0</real><image id="image">sparkle2</image><angle id="rotation">0</angle><real id="angularVelocity">0</real><index id="directionRelativity">1</index><real id="emitterOffsetX">75</real><real id="emitterOffsetY">0</real><boolean id="colorChange">true</boolean><boolean id="sizeChange">false</boolean><real id="colorTransitionTime">5</real><real id="sizeTarget">5</real><real id="sizeTransitionTime">0</real><color id="color"><real id="red">1</real><real id="green">1</real><real id="blue">1</real><real id="alpha">0.75</real></color><color id="colorTarget"><real id="red">1</real><real id="green">1</real><real id="blue">1</real><real id="alpha">0</real></color><boolean id="affectedByGravity">false</boolean><enumeration id="blendingMode">3</enumeration></attributes></behavior><behavior enabled="true" id="id246052" class="RuleBehavior"><attributes><text id="name">Rule</text><text id="bundleName">Rule.behavior</text><real id="compoundConditionKind">1</real></attributes><conditions><condition id="id425429" pluginPredicateTypeIndex="0" eventType="overlaps or collides"><attributes><index id="conditionType">1</index><text id="subjectAttribute">self.attributes.size.width</text></attributes><predicate type="number"><attributes><text id="operator">&lt;=</text><real id="RHS"><expression><reference keypath="self.attributes.size.width"/><string xml:space="preserve">/2</string></expression></real></attributes></predicate></condition></conditions><behaviors><behavior id="id293988" class="DestroyAction" enabled="true"><attributes><text id="name">Destroy</text><text id="bundleName">Destroy.behavior</text></attributes></behavior></behaviors><elseBehaviors/></behavior></behaviors><aspects><graphics><attributes><boolean id="visible">true</boolean><enumeration id="blendingMode">0</enumeration><enumeration id="horizontalWrap">0</enumeration><enumeration id="verticalWrap">0</enumeration><enumeration id="horizontalAnchor">0</enumeration><enumeration id="verticalAnchor">0</enumeration><boolean id="flipHorizontally">false</boolean><boolean id="flipVertically">false</boolean><integer id="tileWidth">143</integer><integer id="tileHeight">24</integer></attributes></graphics><motion><attributes><point id="linearVelocity"><real id="x">0</real><real id="y">0</real></point><real id="angularVelocity">0</real><real id="maxSpeed">0</real><boolean id="applyMaxSpeed">false</boolean></attributes></motion><physics><attributes><real id="density">1</real><real id="friction">3</real><real id="restitution">1</real><boolean id="fixedRotation">false</boolean><boolean id="movable">true</boolean><enumeration id="collisionShape">0</enumeration><real id="drag">0</real><real id="angularDrag">0</real></attributes></physics></aspects></actor>
