<?xml version="1.0" encoding="UTF-8"?>
<actor PGFVersion="0.22" id="id943040" GSCVersion="0.13.14"><attributes><text id="name">Light-Beam</text><real id="time">0</real><point id="position"><real id="x">0</real><real id="y">0</real></point><size id="size"><real id="width">30</real><real id="height">228</real></size><angle id="rotation">0</angle><color id="color"><real id="red">1</real><real id="green">1</real><real id="blue">1</real><real id="alpha">1</real></color><image id="image">Light-Beam</image><text id="tags"></text><boolean id="preloadArt">true</boolean></attributes><behaviors><behavior id="id484051" class="MoveBehavior" enabled="true"><attributes><text id="name">Move</text><text id="bundleName">Move.behavior</text><angle id="direction">180</angle><index id="space">1</index><index id="moveType">0</index><real id="speed">25</real><boolean id="haltWhenBehaviorStops">true</boolean></attributes></behavior><behavior id="id502267" class="CompoundBehavior" enabled="true"><attributes><text id="name">Building Color effect</text><text id="bundleName">Group.behavior</text></attributes><behaviors><behavior id="id583737" class="ChangeAttributeAction" enabled="true"><attributes><text id="name">Change Sky color</text><text id="bundleName">ChangeAttribute.behavior</text><text id="targetAttribute">self.attributes.color.red</text><text id="RHS"><expression><reference keypath="game.attributes.id341245"/></expression></text></attributes></behavior><behavior id="id592850" class="ChangeAttributeAction" enabled="true"><attributes><text id="name">Change Attribute</text><text id="bundleName">ChangeAttribute.behavior</text><text id="targetAttribute">self.attributes.color.green</text><text id="RHS"><expression><reference keypath="game.attributes.id220432"/></expression></text></attributes></behavior><behavior id="id457462" class="ChangeAttributeAction" enabled="true"><attributes><text id="name">Change Attribute</text><text id="bundleName">ChangeAttribute.behavior</text><text id="targetAttribute">self.attributes.color.blue</text><text id="RHS"><expression><reference keypath="game.attributes.id109646"/></expression></text></attributes></behavior></behaviors></behavior><behavior id="id184492" class="TimerBehavior" enabled="true"><attributes><text id="name">Timer</text><text id="bundleName">Timer.behavior</text><index id="timerType">0</index><real id="interval">1</real><boolean id="runToCompletion">false</boolean></attributes><behaviors><behavior enabled="true" id="id327111" class="RuleBehavior"><attributes><text id="name">Rule</text><text id="bundleName">Rule.behavior</text><real id="compoundConditionKind">0</real></attributes><conditions><condition id="id553502" pluginPredicateTypeIndex="0" eventType="mouse position"><attributes><index id="conditionType">1</index><text id="subjectAttribute">self.attributes.rotation</text></attributes><predicate type="number"><attributes><text id="operator">=</text><real id="RHS">-2</real></attributes></predicate></condition></conditions><behaviors><behavior id="id208402" class="InterpolateBehavior" enabled="true"><attributes><text id="name">Interpolate</text><text id="bundleName">Interpolate.behavior</text><boolean id="runToCompletion">true</boolean><text id="targetAttribute">self.attributes.rotation</text><real id="finalValue">2</real><real id="duration">1</real><index id="easing">0</index></attributes></behavior></behaviors><elseBehaviors><behavior id="id929455" class="InterpolateBehavior" enabled="true"><attributes><text id="name">Interpolate</text><text id="bundleName">Interpolate.behavior</text><boolean id="runToCompletion">true</boolean><text id="targetAttribute">self.attributes.rotation</text><real id="finalValue">-2</real><real id="duration">1</real><index id="easing">0</index></attributes></behavior></elseBehaviors></behavior></behaviors></behavior></behaviors><aspects><graphics><attributes><boolean id="visible">true</boolean><enumeration id="blendingMode">0</enumeration><enumeration id="horizontalWrap">2</enumeration><enumeration id="verticalWrap">2</enumeration><enumeration id="horizontalAnchor">1</enumeration><enumeration id="verticalAnchor">2</enumeration><boolean id="flipHorizontally">false</boolean><boolean id="flipVertically">false</boolean><integer id="tileWidth">30</integer><integer id="tileHeight">228</integer></attributes></graphics><motion><attributes><point id="linearVelocity"><real id="x">0</real><real id="y">0</real></point><real id="angularVelocity">0</real><real id="maxSpeed">0</real><boolean id="applyMaxSpeed">false</boolean></attributes></motion><physics><attributes><real id="density">1</real><real id="friction">3</real><real id="restitution">1</real><boolean id="fixedRotation">true</boolean><boolean id="movable">true</boolean><enumeration id="collisionShape">0</enumeration><real id="drag">0</real><real id="angularDrag">0</real></attributes></physics></aspects></actor>
