<?xml version="1.0" encoding="UTF-8"?>
<actor PGFVersion="0.22" id="id200690" GSCVersion="0.13.14"><attributes><text id="name">as_PARTICLES_Explosion</text><real id="time">0</real><point id="position"><real id="x">0</real><real id="y">0</real></point><size id="size"><real id="width">100</real><real id="height">100</real></size><angle id="rotation">0</angle><color id="color"><real id="red">1</real><real id="green">0.346494</real><real id="blue">0.0368355</real><real id="alpha">0.5</real></color><image id="image"></image><text id="tags"></text><boolean id="preloadArt">true</boolean><boolean name="particlesLive" id="id919196">true</boolean></attributes><behaviors><behavior id="id560912" class="ChangeAttributeAction" enabled="true"><attributes><text id="name">Change Attribute</text><text id="bundleName">ChangeAttribute.behavior</text><text id="targetAttribute">self.attributes.color.alpha</text><text id="RHS"><expression><string xml:space="preserve">0</string></expression></text></attributes></behavior><behavior id="id519484" class="CompoundBehavior" enabled="true"><attributes><text id="name">Group: Ground Explosion</text><text id="bundleName">Group.behavior</text></attributes><behaviors><behavior id="id813775" class="TimerBehavior" enabled="true"><attributes><text id="name">Timer: Flame</text><text id="bundleName">Timer.behavior</text><index id="timerType">2</index><real id="interval"><expression><string xml:space="preserve">1</string></expression></real><boolean id="runToCompletion">false</boolean></attributes><behaviors><behavior id="id301333" class="ParticlesBehavior" enabled="true"><attributes><text id="name">Particles: Flame</text><text id="bundleName">Particles.behavior</text><index id="numParticles"><expression><string xml:space="preserve">4</string></expression></index><real id="size"><expression><string xml:space="preserve">random(32,64)</string></expression></real><real id="lifetime"><expression><string xml:space="preserve">2</string></expression></real><real id="startupTime"><expression><string xml:space="preserve">1</string></expression></real><angle id="direction">90.1109</angle><real id="speed"><expression><string xml:space="preserve">random(40,65)</string></expression></real><image id="image">as_flame</image><angle id="rotation">41.6057</angle><real id="angularVelocity">90.1261</real><index id="directionRelativity">0</index><real id="emitterOffsetX">0</real><real id="emitterOffsetY">0</real><boolean id="colorChange">true</boolean><boolean id="sizeChange">true</boolean><real id="colorTransitionTime"><expression><string xml:space="preserve">2</string></expression></real><real id="sizeTarget"><expression><string xml:space="preserve">random(130,155)</string></expression></real><real id="sizeTransitionTime"><expression><string xml:space="preserve">2</string></expression></real><color id="color"><real id="red">1</real><real id="green">1</real><real id="blue">1</real><real id="alpha">1</real></color><color id="colorTarget"><real id="red">1</real><real id="green">1</real><real id="blue">1</real><real id="alpha">0.01</real></color><boolean id="affectedByGravity">false</boolean><enumeration id="blendingMode">2</enumeration></attributes></behavior></behaviors></behavior><behavior id="id407933" class="TimerBehavior" enabled="true"><attributes><text id="name">Timer: Sparks</text><text id="bundleName">Timer.behavior</text><index id="timerType">2</index><real id="interval"><expression><string xml:space="preserve">1.4</string></expression></real><boolean id="runToCompletion">false</boolean></attributes><behaviors><behavior id="id900911" class="ParticlesBehavior" enabled="true"><attributes><text id="name">Particles: Sparks</text><text id="bundleName">Particles.behavior</text><index id="numParticles"><expression><string xml:space="preserve">random(12,18)</string></expression></index><real id="size"><expression><string xml:space="preserve">6</string></expression></real><real id="lifetime"><expression><string xml:space="preserve">2</string></expression></real><real id="startupTime"><expression><string xml:space="preserve">2</string></expression></real><angle id="direction"><expression><string xml:space="preserve">random(45,140)</string></expression></angle><real id="speed"><expression><string xml:space="preserve">127</string></expression></real><image id="image">orbYellow</image><angle id="rotation"><expression><string xml:space="preserve">270</string></expression></angle><real id="angularVelocity">0</real><index id="directionRelativity">0</index><real id="emitterOffsetX"><expression><string xml:space="preserve">random(-10,10)</string></expression></real><real id="emitterOffsetY">0</real><boolean id="colorChange">true</boolean><boolean id="sizeChange">true</boolean><real id="colorTransitionTime"><expression><string xml:space="preserve">2</string></expression></real><real id="sizeTarget"><expression><string xml:space="preserve">2</string></expression></real><real id="sizeTransitionTime"><expression><string xml:space="preserve">2</string></expression></real><color id="color"><real id="red">1</real><real id="green">1</real><real id="blue">1</real><real id="alpha">1</real></color><color id="colorTarget"><real id="red">1</real><real id="green">1</real><real id="blue">1</real><real id="alpha">0</real></color><boolean id="affectedByGravity">true</boolean><enumeration id="blendingMode">0</enumeration></attributes></behavior></behaviors></behavior><behavior id="id445198" class="TimerBehavior" enabled="true"><attributes><text id="name">Timer: Smoke</text><text id="bundleName">Timer.behavior</text><index id="timerType">1</index><real id="interval"><expression><string xml:space="preserve">0.5</string></expression></real><boolean id="runToCompletion">false</boolean></attributes><behaviors><behavior id="id702853" class="TimerBehavior" enabled="true"><attributes><text id="name">Timer</text><text id="bundleName">Timer.behavior</text><index id="timerType">2</index><real id="interval"><expression><string xml:space="preserve">1</string></expression></real><boolean id="runToCompletion">false</boolean></attributes><behaviors><behavior id="id282686" class="ParticlesBehavior" enabled="true"><attributes><text id="name">Particles: Smoke</text><text id="bundleName">Particles.behavior</text><index id="numParticles"><expression><string xml:space="preserve">3</string></expression></index><real id="size"><expression><string xml:space="preserve">random(40,60)</string></expression></real><real id="lifetime"><expression><string xml:space="preserve">3</string></expression></real><real id="startupTime"><expression><string xml:space="preserve">1</string></expression></real><angle id="direction">92.6189</angle><real id="speed"><expression><string xml:space="preserve">90</string></expression></real><image id="image">smoke2</image><angle id="rotation"><expression><string xml:space="preserve">random(-45,45)</string></expression></angle><real id="angularVelocity">34.9445</real><index id="directionRelativity">0</index><real id="emitterOffsetX">0</real><real id="emitterOffsetY"><expression><reference keypath="self.attributes.size.height"/><string xml:space="preserve">/2</string></expression></real><boolean id="colorChange">true</boolean><boolean id="sizeChange">true</boolean><real id="colorTransitionTime"><expression><string xml:space="preserve">1.4</string></expression></real><real id="sizeTarget"><expression><string xml:space="preserve">random(110,150)</string></expression></real><real id="sizeTransitionTime"><expression><string xml:space="preserve">1.4</string></expression></real><color id="color"><real id="red">1</real><real id="green">1</real><real id="blue">1</real><real id="alpha">1</real></color><color id="colorTarget"><real id="red">1</real><real id="green">1</real><real id="blue">1</real><real id="alpha">0.01</real></color><boolean id="affectedByGravity">false</boolean><enumeration id="blendingMode">0</enumeration></attributes></behavior></behaviors></behavior></behaviors></behavior></behaviors></behavior></behaviors><aspects><graphics><attributes><boolean id="visible">true</boolean><enumeration id="blendingMode">0</enumeration><enumeration id="horizontalWrap">0</enumeration><enumeration id="verticalWrap">0</enumeration><enumeration id="horizontalAnchor">0</enumeration><enumeration id="verticalAnchor">0</enumeration><boolean id="flipHorizontally">false</boolean><boolean id="flipVertically">false</boolean><integer id="tileWidth">0</integer><integer id="tileHeight">0</integer></attributes></graphics><motion><attributes><point id="linearVelocity"><real id="x">0</real><real id="y">0</real></point><real id="angularVelocity">0</real><real id="maxSpeed">0</real><boolean id="applyMaxSpeed">false</boolean></attributes></motion><physics><attributes><real id="density">1</real><real id="friction">3</real><real id="restitution">1</real><boolean id="fixedRotation">false</boolean><boolean id="movable">false</boolean><enumeration id="collisionShape">0</enumeration><real id="drag">0</real><real id="angularDrag">0</real></attributes></physics></aspects></actor>
