<?xml version="1.0" encoding="UTF-8"?>
<actor PGFVersion="0.22" id="id162853" GSCVersion="0.13.14"><attributes><text id="name">Thrust</text><real id="time">0</real><point id="position"><real id="x">0</real><real id="y">0</real></point><size id="size"><real id="width">67</real><real id="height">67</real></size><angle id="rotation">0</angle><color id="color"><real id="red">1</real><real id="green">1</real><real id="blue">1</real><real id="alpha">0</real></color><image id="image"></image><text id="tags">UI</text><boolean id="preloadArt">true</boolean></attributes><behaviors><behavior enabled="true" id="id510355" class="RuleBehavior"><attributes><text id="name">Lander Thrust Trigger</text><text id="bundleName">Rule.behavior</text><real id="compoundConditionKind">1</real></attributes><conditions><condition id="id281191" pluginPredicateTypeIndex="0" eventType="touch"><attributes><index id="conditionType">0</index></attributes><predicate type="touch" conditionType="pressed"><attributes/></predicate></condition><condition id="id446571" pluginPredicateTypeIndex="0" eventType="key"><attributes><index id="conditionType">0</index></attributes><predicate type="key"><attributes><text id="mode">down</text><text id="keyString">space</text></attributes></predicate></condition><condition id="id563962" pluginPredicateTypeIndex="0" eventType="mouse position"><attributes><index id="conditionType">1</index><text id="subjectAttribute">game.attributes.id398273</text></attributes><predicate type="boolean"><attributes><index id="RHS">1</index></attributes></predicate></condition></conditions><behaviors><behavior id="id667221" class="ChangeAttributeAction" enabled="true"><attributes><text id="name">Change Attribute</text><text id="bundleName">ChangeAttribute.behavior</text><text id="targetAttribute">game.attributes.id751059</text><text id="RHS">true</text></attributes></behavior></behaviors><elseBehaviors><behavior id="id629749" class="ChangeAttributeAction" enabled="true"><attributes><text id="name">Change Attribute</text><text id="bundleName">ChangeAttribute.behavior</text><text id="targetAttribute">game.attributes.id751059</text><text id="RHS">false</text></attributes></behavior></elseBehaviors></behavior><behavior id="id504325" class="TimerBehavior" enabled="false"><attributes><text id="name">Move on to screen</text><text id="bundleName">Timer.behavior</text><index id="timerType">1</index><real id="interval">0.2</real><boolean id="runToCompletion">false</boolean></attributes><behaviors><behavior id="id654385" class="InterpolateBehavior" enabled="true"><attributes><text name="Name" id="name">Interpolate</text><text name="Bundle Name" id="bundleName">Interpolate.behavior</text><boolean name="Run To Completion" id="runToCompletion">true</boolean><text name="Target Attribute" id="targetAttribute">self.attributes.position.x</text><real name="Final Value" id="finalValue">280</real><real name="Duration" id="duration">0.2</real><index name="Easing" id="easing">0</index></attributes></behavior></behaviors></behavior><behavior id="id610098" class="CompoundBehavior" enabled="false"><attributes><text id="name">Remove from Screen</text><text id="bundleName">Group.behavior</text></attributes><behaviors><behavior enabled="true" id="id622519" class="RuleBehavior"><attributes><text id="name">Rule</text><text id="bundleName">Rule.behavior</text><real id="compoundConditionKind">1</real></attributes><conditions><condition id="id197704" pluginPredicateTypeIndex="0" eventType="mouse position"><attributes><index id="conditionType">1</index><text id="subjectAttribute">game.attributes.id272795</text></attributes><predicate type="boolean"><attributes><index id="RHS">1</index></attributes></predicate></condition><condition id="id597124" pluginPredicateTypeIndex="0" eventType="mouse position"><attributes><index id="conditionType">1</index><text id="subjectAttribute">game.attributes.id398273</text></attributes><predicate type="boolean"><attributes><index id="RHS">1</index></attributes></predicate></condition></conditions><behaviors><behavior id="id788585" class="TimerBehavior" enabled="true"><attributes><text id="name">Timer</text><text id="bundleName">Timer.behavior</text><index id="timerType">1</index><real id="interval">0.1</real><boolean id="runToCompletion">false</boolean></attributes><behaviors><behavior id="id767286" class="InterpolateBehavior" enabled="true"><attributes><text name="Name" id="name">Interpolate</text><text name="Bundle Name" id="bundleName">Interpolate.behavior</text><boolean name="Run To Completion" id="runToCompletion">true</boolean><text name="Target Attribute" id="targetAttribute">self.attributes.position.x</text><real name="Final Value" id="finalValue">360</real><real name="Duration" id="duration">0.1</real><index name="Easing" id="easing">0</index></attributes></behavior></behaviors></behavior></behaviors><elseBehaviors/></behavior></behaviors></behavior></behaviors><aspects><graphics><attributes><boolean id="visible">true</boolean><enumeration id="blendingMode">0</enumeration><enumeration id="horizontalWrap">0</enumeration><enumeration id="verticalWrap">0</enumeration><enumeration id="horizontalAnchor">0</enumeration><enumeration id="verticalAnchor">0</enumeration><boolean id="flipHorizontally">false</boolean><boolean id="flipVertically">false</boolean><integer id="tileWidth">67</integer><integer id="tileHeight">67</integer></attributes></graphics><motion><attributes><point id="linearVelocity"><real id="x">0</real><real id="y">0</real></point><real id="angularVelocity">0</real><real id="maxSpeed">0</real><boolean id="applyMaxSpeed">false</boolean></attributes></motion><physics><attributes><real id="density">1</real><real id="friction">3</real><real id="restitution">1</real><boolean id="fixedRotation">false</boolean><boolean id="movable">false</boolean><enumeration id="collisionShape">0</enumeration><real id="drag">0</real><real id="angularDrag">0</real></attributes></physics></aspects></actor>
