<?xml version="1.0" encoding="UTF-8"?>
<actor PGFVersion="0.22" id="id559845" GSCVersion="0.13.14"><attributes><text id="name">FuelBar</text><real id="time">0</real><point id="position"><real id="x">0</real><real id="y">0</real></point><size id="size"><real id="width">14</real><real id="height">324</real></size><angle id="rotation">0</angle><color id="color"><real id="red">1</real><real id="green">1</real><real id="blue">1</real><real id="alpha">1</real></color><image id="image">UI_Fuel</image><text id="tags">UI</text><boolean id="preloadArt">true</boolean></attributes><behaviors><behavior id="id486092" class="CompoundBehavior" enabled="true"><attributes><text id="name">Fuel Bar</text><text id="bundleName">Group.behavior</text></attributes><behaviors><behavior id="id697040" class="TimerBehavior" enabled="true"><attributes><text id="name">Timer</text><text id="bundleName">Timer.behavior</text><index id="timerType">1</index><real id="interval">0.2</real><boolean id="runToCompletion">false</boolean></attributes><behaviors><behavior id="id767286" class="InterpolateBehavior" enabled="true"><attributes><text name="Name" id="name">Interpolate</text><text name="Bundle Name" id="bundleName">Interpolate.behavior</text><boolean name="Run To Completion" id="runToCompletion">true</boolean><text name="Target Attribute" id="targetAttribute">self.attributes.position.x</text><real name="Final Value" id="finalValue">20</real><real name="Duration" id="duration">0.2</real><index name="Easing" id="easing">0</index></attributes></behavior></behaviors></behavior><behavior id="id262051" class="ConstrainAttributeBehavior" enabled="true"><attributes><text id="name">Constrain Attribute</text><text id="bundleName">ConstrainAttribute.behavior</text><text id="targetAttribute">self.attributes.size.height</text><text id="RHS"><expression><reference keypath="game.attributes.id461361"/></expression></text></attributes></behavior><behavior id="id982479" class="ConstrainAttributeBehavior" enabled="true"><attributes><text id="name">Constrain Attribute</text><text id="bundleName">ConstrainAttribute.behavior</text><text id="targetAttribute">self.attributes.position.y</text><text id="RHS"><expression><string xml:space="preserve">(</string><reference keypath="self.attributes.size.height"/><string xml:space="preserve">/2+55)</string></expression></text></attributes></behavior><behavior enabled="true" id="id772569" class="RuleBehavior"><attributes><text id="name">Rule</text><text id="bundleName">Rule.behavior</text><real id="compoundConditionKind">0</real></attributes><conditions><condition id="id116265" pluginPredicateTypeIndex="0" eventType="mouse position"><attributes><index id="conditionType">1</index><text id="subjectAttribute">game.attributes.id461361</text></attributes><predicate type="number"><attributes><text id="operator">&lt;</text><real id="RHS">250</real></attributes></predicate></condition></conditions><behaviors><behavior id="id926426" class="ParticlesBehavior" enabled="true"><attributes><text id="name">Particles</text><text id="bundleName">Particles.behavior</text><index id="numParticles"><expression><string xml:space="preserve">random(3,5)</string></expression></index><real id="size"><expression><string xml:space="preserve">random(3,7)</string></expression></real><real id="lifetime"><expression><string xml:space="preserve">random(1,2)</string></expression></real><real id="startupTime">2</real><angle id="direction"><expression><string xml:space="preserve">random(91,89)</string></expression></angle><real id="speed"><expression><string xml:space="preserve">random(30,50)</string></expression></real><image id="image">bubble</image><angle id="rotation">0</angle><real id="angularVelocity">0</real><index id="directionRelativity">0</index><real id="emitterOffsetX"><expression><string xml:space="preserve">random(-1,1)</string></expression></real><real id="emitterOffsetY"><expression><reference keypath="self.attributes.size.height"/><string xml:space="preserve">-(</string><reference keypath="self.attributes.size.height"/><string xml:space="preserve">/2)</string></expression></real><boolean id="colorChange">true</boolean><boolean id="sizeChange">false</boolean><real id="colorTransitionTime">5</real><real id="sizeTarget">5</real><real id="sizeTransitionTime">0</real><color id="color"><real id="red">1</real><real id="green">1</real><real id="blue">1</real><real id="alpha">1</real></color><color id="colorTarget"><real id="red">1</real><real id="green">1</real><real id="blue">1</real><real id="alpha">0</real></color><boolean id="affectedByGravity">false</boolean><enumeration id="blendingMode">0</enumeration></attributes></behavior></behaviors><elseBehaviors/></behavior><behavior id="id547491" class="DisplayTextBehavior" enabled="false"><attributes><text id="name">Display Text</text><text id="bundleName">DisplayText.behavior</text><text id="text"><expression><reference keypath="game.attributes.id461361"/></expression></text><text id="font">Arial</text><real id="size">30</real><index id="alignment">1</index><boolean id="wrap">false</boolean><color id="color"><real id="red">1</real><real id="green">1</real><real id="blue">1</real><real id="alpha">1</real></color><real id="offsetx">0</real><real id="offsety">0</real><index id="space">0</index><index id="directionSpace">0</index><angle id="direction">0</angle></attributes></behavior></behaviors></behavior><behavior enabled="true" id="id123522" class="RuleBehavior"><attributes><text id="name">Debug: Add Fuel</text><text id="bundleName">Rule.behavior</text><real id="compoundConditionKind">1</real></attributes><conditions><condition id="id652681" pluginPredicateTypeIndex="0" eventType="touch"><attributes><index id="conditionType">0</index></attributes><predicate type="touch" conditionType="pressed"><attributes/></predicate></condition><condition id="id844691" pluginPredicateTypeIndex="0" eventType="key"><attributes><index id="conditionType">0</index></attributes><predicate type="key"><attributes><text id="mode">down</text><text id="keyString">f</text></attributes></predicate></condition></conditions><behaviors><behavior id="id336598" class="CompoundBehavior" enabled="true"><attributes><text id="name">Debug: Add Fuel</text><text id="bundleName">Group.behavior</text></attributes><behaviors><behavior id="id409815" class="ChangeAttributeAction" enabled="true"><attributes><text id="name">Change Attribute</text><text id="bundleName">ChangeAttribute.behavior</text><text id="targetAttribute">game.attributes.id461361</text><text id="RHS">325</text></attributes></behavior></behaviors></behavior></behaviors><elseBehaviors/></behavior><behavior id="id672408" class="CompoundBehavior" enabled="true"><attributes><text id="name">Remove from Screen</text><text id="bundleName">Group.behavior</text></attributes><behaviors><behavior enabled="true" id="id622519" class="RuleBehavior"><attributes><text id="name">Rule</text><text id="bundleName">Rule.behavior</text><real id="compoundConditionKind">1</real></attributes><conditions><condition id="id197704" pluginPredicateTypeIndex="0" eventType="mouse position"><attributes><index id="conditionType">1</index><text id="subjectAttribute">game.attributes.id272795</text></attributes><predicate type="boolean"><attributes><index id="RHS">1</index></attributes></predicate></condition><condition id="id597124" pluginPredicateTypeIndex="0" eventType="mouse position"><attributes><index id="conditionType">1</index><text id="subjectAttribute">game.attributes.id398273</text></attributes><predicate type="boolean"><attributes><index id="RHS">1</index></attributes></predicate></condition></conditions><behaviors><behavior id="id788585" class="TimerBehavior" enabled="true"><attributes><text id="name">Timer</text><text id="bundleName">Timer.behavior</text><index id="timerType">1</index><real id="interval">0.1</real><boolean id="runToCompletion">false</boolean></attributes><behaviors><behavior id="id767286" class="InterpolateBehavior" enabled="true"><attributes><text name="Name" id="name">Interpolate</text><text name="Bundle Name" id="bundleName">Interpolate.behavior</text><boolean name="Run To Completion" id="runToCompletion">true</boolean><text name="Target Attribute" id="targetAttribute">self.attributes.position.x</text><real name="Final Value" id="finalValue">-15</real><real name="Duration" id="duration">0.1</real><index name="Easing" id="easing">0</index></attributes></behavior></behaviors></behavior></behaviors><elseBehaviors/></behavior></behaviors></behavior></behaviors><aspects><graphics><attributes><boolean id="visible">true</boolean><enumeration id="blendingMode">0</enumeration><enumeration id="horizontalWrap">0</enumeration><enumeration id="verticalWrap">0</enumeration><enumeration id="horizontalAnchor">0</enumeration><enumeration id="verticalAnchor">0</enumeration><boolean id="flipHorizontally">false</boolean><boolean id="flipVertically">false</boolean><integer id="tileWidth">14</integer><integer id="tileHeight">324</integer></attributes></graphics><motion><attributes><point id="linearVelocity"><real id="x">0</real><real id="y">0</real></point><real id="angularVelocity">0</real><real id="maxSpeed">0</real><boolean id="applyMaxSpeed">false</boolean></attributes></motion><physics><attributes><real id="density">1</real><real id="friction">3</real><real id="restitution">1</real><boolean id="fixedRotation">false</boolean><boolean id="movable">false</boolean><enumeration id="collisionShape">0</enumeration><real id="drag">0</real><real id="angularDrag">0</real></attributes></physics></aspects></actor>
