<?xml version="1.0" encoding="UTF-8"?>
<actor PGFVersion="0.22" id="id359394" GSCVersion="0.13.14"><attributes><text id="name">CrashLander</text><real id="time">0</real><point id="position"><real id="x">0</real><real id="y">0</real></point><size id="size"><real id="width">123</real><real id="height">45</real></size><angle id="rotation">0</angle><color id="color"><real id="red">1</real><real id="green">1</real><real id="blue">1</real><real id="alpha">1</real></color><image id="image">L8B</image><text id="tags"></text><boolean id="preloadArt">true</boolean><real name="Speed" id="id713675">0</real></attributes><behaviors><behavior id="id705857" class="ChangeAttributeAction" enabled="true"><attributes><text id="name">Set Ship Skin</text><text id="bundleName">ChangeAttribute.behavior</text><text id="targetAttribute">game.attributes.id289745</text><text id="RHS"><expression><reference keypath="self.attributes.image"/></expression></text></attributes></behavior><behavior id="id879842" class="ControlCameraBehavior" enabled="true"><attributes><text id="name">Control Camera</text><text id="bundleName">ControlCamera.behavior</text></attributes></behavior><behavior id="id610066" class="PlaySoundAction" enabled="true"><attributes><text id="name">Play Sound</text><text id="bundleName">PlaySound.behavior</text><sound id="soundName">Warning</sound><boolean id="loop">true</boolean><boolean id="runToCompletion">true</boolean><boolean id="positional">false</boolean><boolean id="dopplerShift">false</boolean><real id="volume">1</real><real id="pitch">1</real></attributes></behavior><behavior id="id438238" class="RotateBehavior" enabled="true"><attributes><text id="name">Rotate</text><text id="bundleName">Rotate.behavior</text><real id="angularVelocity">180</real><index id="direction">1</index><boolean id="haltWhenBehaviorStops">true</boolean></attributes></behavior><behavior id="id760439" class="MoveToBehavior" enabled="true"><attributes><text id="name">Move To</text><text id="bundleName">MoveTo.behavior</text><boolean id="runToCompletion">false</boolean><point id="position"><real id="x">160</real><real id="y">0</real></point><index id="space">1</index><real id="speed"><expression><reference keypath="game.attributes.id778643"/></expression></real></attributes></behavior><behavior enabled="true" id="id127626" class="RuleBehavior"><attributes><text id="name">Destroy on landing</text><text id="bundleName">Rule.behavior</text><real id="compoundConditionKind">0</real></attributes><conditions><condition id="id486786" pluginPredicateTypeIndex="0" eventType="overlaps or collides"><attributes><index id="conditionType">0</index></attributes><predicate type="collision"><attributes><text id="prototypeKey">id656424</text><text id="actorTag">Rocks</text><real id="mode">0</real></attributes></predicate></condition></conditions><behaviors><behavior id="id191266" class="PlaySoundAction" enabled="true"><attributes><text id="name">Play Sound</text><text id="bundleName">PlaySound.behavior</text><sound id="soundName">Warning</sound><boolean id="loop">true</boolean><boolean id="runToCompletion">true</boolean><boolean id="positional">false</boolean><boolean id="dopplerShift">false</boolean><real id="volume">1</real><real id="pitch">1</real></attributes></behavior><behavior id="id294817" class="PlaySoundAction" enabled="true"><attributes><text id="name">Play Sound</text><text id="bundleName">PlaySound.behavior</text><sound id="soundName">blow</sound><boolean id="loop">false</boolean><boolean id="runToCompletion">true</boolean><boolean id="positional">false</boolean><boolean id="dopplerShift">false</boolean><real id="volume">1</real><real id="pitch">1</real></attributes></behavior><behavior id="id925364" class="DestroyAction" enabled="true"><attributes><text id="name">Destroy</text><text id="bundleName">Destroy.behavior</text></attributes></behavior></behaviors><elseBehaviors/></behavior><behavior id="id536838" class="CompoundBehavior" enabled="true"><attributes><text id="name">Fire Fire</text><text id="bundleName">Group.behavior</text></attributes><behaviors><behavior id="id204928" class="ParticlesBehavior" enabled="true"><attributes><text id="name">Particles</text><text id="bundleName">Particles.behavior</text><index id="numParticles">10</index><real id="size">15</real><real id="lifetime">1.2</real><real id="startupTime">0.2</real><angle id="direction"><expression><string xml:space="preserve">random(0,360)</string></expression></angle><real id="speed">150</real><image id="image">Fireworks</image><angle id="rotation">0</angle><real id="angularVelocity">0</real><index id="directionRelativity">0</index><real id="emitterOffsetX">0</real><real id="emitterOffsetY">0</real><boolean id="colorChange">true</boolean><boolean id="sizeChange">true</boolean><real id="colorTransitionTime">1</real><real id="sizeTarget">5</real><real id="sizeTransitionTime">1</real><color id="color"><real id="red">0</real><real id="green">0.625718</real><real id="blue">1</real><real id="alpha">1</real></color><color id="colorTarget"><real id="red">1</real><real id="green">0</real><real id="blue">0.0471187</real><real id="alpha">1</real></color><boolean id="affectedByGravity">true</boolean><enumeration id="blendingMode">2</enumeration></attributes></behavior><behavior id="id723011" class="TimerBehavior" enabled="true"><attributes><text id="name">Timer</text><text id="bundleName">Timer.behavior</text><index id="timerType">2</index><real id="interval">0.5</real><boolean id="runToCompletion">true</boolean></attributes><behaviors><behavior id="id628306" class="ParticlesBehavior" enabled="false"><attributes><text id="name">Coin Particles</text><text id="bundleName">Particles.behavior</text><index id="numParticles">10</index><real id="size">32</real><real id="lifetime">1.2</real><real id="startupTime">0.2</real><angle id="direction"><expression><string xml:space="preserve">random(0,360)</string></expression></angle><real id="speed">150</real><image id="image"></image><angle id="rotation">0</angle><real id="angularVelocity">0</real><index id="directionRelativity">0</index><real id="emitterOffsetX">0</real><real id="emitterOffsetY">0</real><boolean id="colorChange">true</boolean><boolean id="sizeChange">true</boolean><real id="colorTransitionTime">1</real><real id="sizeTarget">5</real><real id="sizeTransitionTime">1</real><color id="color"><real id="red">1</real><real id="green">1</real><real id="blue">1</real><real id="alpha">1</real></color><color id="colorTarget"><real id="red">1</real><real id="green">0</real><real id="blue">0.047118701040745</real><real id="alpha">0</real></color><boolean id="affectedByGravity">true</boolean><enumeration id="blendingMode">2</enumeration></attributes></behavior></behaviors></behavior><behavior id="id285552" class="ParticlesBehavior" enabled="true"><attributes><text id="name">Right: Small Fire</text><text id="bundleName">Particles.behavior</text><index id="numParticles">10</index><real id="size"><expression><string xml:space="preserve">random(30,40)</string></expression></real><real id="lifetime">1.2</real><real id="startupTime">0.1</real><angle id="direction">270</angle><real id="speed"><expression><reference keypath="self.attributes.id713675"/><string xml:space="preserve">+50</string></expression></real><image id="image">Fireworks</image><angle id="rotation">0</angle><real id="angularVelocity">0</real><index id="directionRelativity">1</index><real id="emitterOffsetX">45</real><real id="emitterOffsetY">-14</real><boolean id="colorChange">true</boolean><boolean id="sizeChange">true</boolean><real id="colorTransitionTime">1</real><real id="sizeTarget">5</real><real id="sizeTransitionTime">0.5</real><color id="color"><real id="red">1</real><real id="green">0.899544</real><real id="blue">0</real><real id="alpha">1</real></color><color id="colorTarget"><real id="red">1</real><real id="green">0.348097</real><real id="blue">0</real><real id="alpha">1</real></color><boolean id="affectedByGravity">true</boolean><enumeration id="blendingMode">0</enumeration></attributes></behavior><behavior id="id742169" class="ParticlesBehavior" enabled="true"><attributes><text id="name">Left: Small Fire</text><text id="bundleName">Particles.behavior</text><index id="numParticles">10</index><real id="size">40</real><real id="lifetime">1.2</real><real id="startupTime">0.1</real><angle id="direction">270</angle><real id="speed"><expression><reference keypath="self.attributes.id713675"/><string xml:space="preserve">+50</string></expression></real><image id="image">Fireworks</image><angle id="rotation">0</angle><real id="angularVelocity">0</real><index id="directionRelativity">1</index><real id="emitterOffsetX">-45</real><real id="emitterOffsetY">-14</real><boolean id="colorChange">true</boolean><boolean id="sizeChange">true</boolean><real id="colorTransitionTime">1</real><real id="sizeTarget">5</real><real id="sizeTransitionTime">0.5</real><color id="color"><real id="red">1</real><real id="green">0.899544</real><real id="blue">0</real><real id="alpha">1</real></color><color id="colorTarget"><real id="red">1</real><real id="green">0.348097</real><real id="blue">0</real><real id="alpha">1</real></color><boolean id="affectedByGravity">true</boolean><enumeration id="blendingMode">0</enumeration></attributes></behavior><behavior id="id164272" class="ParticlesBehavior" enabled="true"><attributes><text id="name">Exhaust</text><text id="bundleName">Particles.behavior</text><index id="numParticles">10</index><real id="size"><expression><string xml:space="preserve">random(10,15)</string></expression></real><real id="lifetime">1</real><real id="startupTime">1</real><angle id="direction">20</angle><real id="speed"><expression><string xml:space="preserve">random(25,50)</string></expression></real><image id="image">scratcharea</image><angle id="rotation">0</angle><real id="angularVelocity">20</real><index id="directionRelativity">1</index><real id="emitterOffsetX">45</real><real id="emitterOffsetY">14</real><boolean id="colorChange">true</boolean><boolean id="sizeChange">false</boolean><real id="colorTransitionTime"><expression><string xml:space="preserve">random(1,1.5)</string></expression></real><real id="sizeTarget">5</real><real id="sizeTransitionTime">0</real><color id="color"><real id="red">1</real><real id="green">1</real><real id="blue">1</real><real id="alpha">1</real></color><color id="colorTarget"><real id="red">1</real><real id="green">1</real><real id="blue">1</real><real id="alpha">0</real></color><boolean id="affectedByGravity">false</boolean><enumeration id="blendingMode">2</enumeration></attributes></behavior><behavior id="id744090" class="ParticlesBehavior" enabled="true"><attributes><text id="name">Exhaust</text><text id="bundleName">Particles.behavior</text><index id="numParticles">10</index><real id="size"><expression><string xml:space="preserve">random(10,15)</string></expression></real><real id="lifetime">1</real><real id="startupTime">1</real><angle id="direction">20</angle><real id="speed"><expression><string xml:space="preserve">random(25,50)</string></expression></real><image id="image">scratcharea</image><angle id="rotation">0</angle><real id="angularVelocity">20</real><index id="directionRelativity">1</index><real id="emitterOffsetX">-45</real><real id="emitterOffsetY">-14</real><boolean id="colorChange">true</boolean><boolean id="sizeChange">false</boolean><real id="colorTransitionTime"><expression><string xml:space="preserve">random(1,1.5)</string></expression></real><real id="sizeTarget">5</real><real id="sizeTransitionTime">0</real><color id="color"><real id="red">1</real><real id="green">1</real><real id="blue">1</real><real id="alpha">1</real></color><color id="colorTarget"><real id="red">1</real><real id="green">1</real><real id="blue">1</real><real id="alpha">0</real></color><boolean id="affectedByGravity">false</boolean><enumeration id="blendingMode">2</enumeration></attributes></behavior></behaviors></behavior><behavior enabled="false" id="id191972" class="RuleBehavior"><attributes><text id="name">Change to Gold Ship</text><text id="bundleName">Rule.behavior</text><real id="compoundConditionKind">0</real></attributes><conditions><condition id="id136345" pluginPredicateTypeIndex="0" eventType="mouse position"><attributes><index id="conditionType">1</index><text id="subjectAttribute">game.attributes.id233852</text></attributes><predicate type="number"><attributes><text id="operator">&gt;=</text><real id="RHS"><expression><string xml:space="preserve">10</string></expression></real></attributes></predicate></condition></conditions><behaviors><behavior id="id875814" class="ChangeImageAction" enabled="true"><attributes><text id="name">Change Image</text><text id="bundleName">ChangeImage.behavior</text><image id="image">L8B1Gold</image></attributes></behavior></behaviors><elseBehaviors/></behavior><behavior enabled="true" id="id582117" class="RuleBehavior"><attributes><text id="name">Sparkle Gold Ship</text><text id="bundleName">Rule.behavior</text><real id="compoundConditionKind">0</real></attributes><conditions><condition id="id277680" pluginPredicateTypeIndex="0" eventType="mouse position"><attributes><index id="conditionType">1</index><text id="subjectAttribute">self.attributes.image</text></attributes><predicate type="string"><attributes><text id="operator">is</text><text id="RHS">L8B1Gold</text></attributes></predicate></condition></conditions><behaviors><behavior id="id211678" class="ParticlesBehavior" enabled="true"><attributes><text id="name">Particles</text><text id="bundleName">Particles.behavior</text><index id="numParticles">40</index><real id="size"><expression><string xml:space="preserve">random(40,100)</string></expression></real><real id="lifetime">0.4</real><real id="startupTime">0.2</real><angle id="direction"><expression><string xml:space="preserve">((</string><reference keypath="self.attributes.time"/><string xml:space="preserve">*1700)%360)</string></expression></angle><real id="speed"><expression><string xml:space="preserve">random(50,100)</string></expression></real><image id="image">sparkle2</image><angle id="rotation"><expression><string xml:space="preserve">((</string><reference keypath="self.attributes.time"/><string xml:space="preserve">*1700)%360)+90</string></expression></angle><real id="angularVelocity">100</real><index id="directionRelativity">0</index><real id="emitterOffsetX"><expression><string xml:space="preserve">random(-28,28)</string></expression></real><real id="emitterOffsetY"><expression><string xml:space="preserve">random(-45,45)</string></expression></real><boolean id="colorChange">true</boolean><boolean id="sizeChange">true</boolean><real id="colorTransitionTime">0.4</real><real id="sizeTarget"><expression><string xml:space="preserve">random(15,40)</string></expression></real><real id="sizeTransitionTime">0.4</real><color id="color"><real id="red">1</real><real id="green">1</real><real id="blue">0.40000000596046</real><real id="alpha">1</real></color><color id="colorTarget"><real id="red">1</real><real id="green">1</real><real id="blue">1</real><real id="alpha">0</real></color><boolean id="affectedByGravity">false</boolean><enumeration id="blendingMode">0</enumeration></attributes></behavior></behaviors><elseBehaviors/></behavior></behaviors><aspects><graphics><attributes><boolean id="visible">true</boolean><enumeration id="blendingMode">0</enumeration><enumeration id="horizontalWrap">0</enumeration><enumeration id="verticalWrap">0</enumeration><enumeration id="horizontalAnchor">0</enumeration><enumeration id="verticalAnchor">0</enumeration><boolean id="flipHorizontally">false</boolean><boolean id="flipVertically">false</boolean><integer id="tileWidth">123</integer><integer id="tileHeight">45</integer></attributes></graphics><motion><attributes><point id="linearVelocity"><real id="x">0</real><real id="y">0</real></point><real id="angularVelocity">0</real><real id="maxSpeed">0</real><boolean id="applyMaxSpeed">false</boolean></attributes></motion><physics><attributes><real id="density">1</real><real id="friction">3</real><real id="restitution">0</real><boolean id="fixedRotation">false</boolean><boolean id="movable">true</boolean><enumeration id="collisionShape">0</enumeration><real id="drag">0</real><real id="angularDrag">0</real></attributes></physics></aspects></actor>
