<?xml version="1.0" encoding="UTF-8"?>
<actor PGFVersion="0.22" id="id503845" GSCVersion="0.13.14"><attributes><text id="name">OK -Safe</text><real id="time">0</real><point id="position"><real id="x">0</real><real id="y">0</real></point><size id="size"><real id="width">75</real><real id="height">50</real></size><angle id="rotation">0</angle><color id="color"><real id="red">1</real><real id="green">1</real><real id="blue">1</real><real id="alpha">0</real></color><image id="image"></image><text id="tags">UI</text><boolean id="preloadArt">true</boolean></attributes><behaviors><behavior id="id475457" class="ChangeAttributeAction" enabled="true"><attributes><text id="name">Change PopUp UI to True</text><text id="bundleName">ChangeAttribute.behavior</text><text id="targetAttribute">game.attributes.id556827</text><text id="RHS">0</text></attributes></behavior><behavior enabled="true" id="id473640" class="RuleBehavior"><attributes><text id="name">Reset Scene</text><text id="bundleName">Rule.behavior</text><real id="compoundConditionKind">0</real></attributes><conditions><condition id="id275007" pluginPredicateTypeIndex="0" eventType="touch"><attributes><index id="conditionType">0</index></attributes><predicate type="touch" conditionType="pressed"><attributes/></predicate></condition></conditions><behaviors><behavior id="id764419" class="ChangeAttributeAction" enabled="true"><attributes><text id="name">Set UI Close to True</text><text id="bundleName">ChangeAttribute.behavior</text><text id="targetAttribute">game.attributes.id602623</text><text id="RHS">1</text></attributes></behavior><behavior enabled="true" id="id182381" class="RuleBehavior"><attributes><text id="name">Check Height</text><text id="bundleName">Rule.behavior</text><real id="compoundConditionKind">0</real></attributes><conditions><condition id="id705591" pluginPredicateTypeIndex="0" eventType="mouse position"><attributes><index id="conditionType">1</index><text id="subjectAttribute">game.attributes.id539126</text></attributes><predicate type="number"><attributes><text id="operator">&gt;=</text><real id="RHS"><expression><string xml:space="preserve">tableCellValue(</string><reference keypath="game.attributes.id966040"/><string xml:space="preserve">,1,2)</string></expression></real></attributes></predicate></condition></conditions><behaviors><behavior id="id980659" class="ChangeSceneAction" enabled="true"><attributes><text id="name">Change Scene</text><text id="bundleName">ChangeScene.behavior</text><text id="sceneKey">id945546</text><boolean id="enableAdvertisement">false</boolean><index id="index">1</index></attributes></behavior></behaviors><elseBehaviors><behavior id="id790148" class="ChangeAttributeAction" enabled="true"><attributes><text id="name">Increase Height</text><text id="bundleName">ChangeAttribute.behavior</text><text id="targetAttribute">game.attributes.id539126</text><text id="RHS"><expression><reference keypath="game.attributes.id539126"/><string xml:space="preserve">+</string><string xml:space="preserve">(tableCellValue(</string><reference keypath="game.attributes.id578074"/><string xml:space="preserve">,5,3))</string></expression></text></attributes></behavior></elseBehaviors></behavior><behavior id="id159077" class="ChangeAttributeAction" enabled="true"><attributes><text id="name">Coin Reward</text><text id="bundleName">ChangeAttribute.behavior</text><text id="targetAttribute">game.attributes.id562385</text><text id="RHS"><expression><string xml:space="preserve">0</string></expression></text></attributes></behavior><behavior id="id931488" class="ChangeAttributeAction" enabled="true"><attributes><text id="name">Rest Touchdown to False</text><text id="bundleName">ChangeAttribute.behavior</text><text id="targetAttribute">game.attributes.id398273</text><text id="RHS">false</text></attributes></behavior><behavior id="id251837" class="ChangeAttributeAction" enabled="true"><attributes><text id="name">Rest Thrust to False</text><text id="bundleName">ChangeAttribute.behavior</text><text id="targetAttribute">game.attributes.id751059</text><text id="RHS">false</text></attributes></behavior><behavior id="id203011" class="ChangeAttributeAction" enabled="true"><attributes><text id="name">Rest Crash to False</text><text id="bundleName">ChangeAttribute.behavior</text><text id="targetAttribute">game.attributes.id272795</text><text id="RHS">false</text></attributes></behavior><behavior id="id733345" class="ChangeAttributeAction" enabled="true"><attributes><text id="name">Set Drop #</text><text id="bundleName">ChangeAttribute.behavior</text><text id="targetAttribute">game.attributes.id123485</text><text id="RHS"><expression><reference keypath="game.attributes.id123485"/><string xml:space="preserve">+1</string></expression></text></attributes></behavior><behavior id="id277650" class="ResetSceneAction" enabled="true"><attributes><text id="name">Reset Scene</text><text id="bundleName">ResetScene.behavior</text><boolean id="enableAdvertisement">false</boolean></attributes></behavior></behaviors><elseBehaviors/></behavior></behaviors><aspects><graphics><attributes><boolean id="visible">true</boolean><enumeration id="blendingMode">0</enumeration><enumeration id="horizontalWrap">0</enumeration><enumeration id="verticalWrap">0</enumeration><enumeration id="horizontalAnchor">0</enumeration><enumeration id="verticalAnchor">0</enumeration><boolean id="flipHorizontally">false</boolean><boolean id="flipVertically">false</boolean><integer id="tileWidth">75</integer><integer id="tileHeight">50</integer></attributes></graphics><motion><attributes><point id="linearVelocity"><real id="x">0</real><real id="y">0</real></point><real id="angularVelocity">0</real><real id="maxSpeed">0</real><boolean id="applyMaxSpeed">false</boolean></attributes></motion><physics><attributes><real id="density">1</real><real id="friction">3</real><real id="restitution">1</real><boolean id="fixedRotation">false</boolean><boolean id="movable">false</boolean><enumeration id="collisionShape">0</enumeration><real id="drag">0</real><real id="angularDrag">0</real></attributes></physics></aspects></actor>
