<?xml version="1.0" encoding="UTF-8"?>
<actor PGFVersion="0.22" id="id722225" GSCVersion="0.13.14"><attributes><text id="name">TweetBtn</text><real id="time">0</real><point id="position"><real id="x">0</real><real id="y">0</real></point><size id="size"><real id="width">75</real><real id="height">50</real></size><angle id="rotation">0</angle><color id="color"><real id="red">1</real><real id="green">1</real><real id="blue">1</real><real id="alpha">0</real></color><image id="image"></image><text id="tags">UI</text><boolean id="preloadArt">true</boolean></attributes><behaviors><behavior id="id475457" class="ChangeAttributeAction" enabled="true"><attributes><text id="name">Change PopUp UI to True</text><text id="bundleName">ChangeAttribute.behavior</text><text id="targetAttribute">game.attributes.id556827</text><text id="RHS">0</text></attributes></behavior><behavior enabled="true" id="id201414" class="RuleBehavior"><attributes><text id="name">Rule</text><text id="bundleName">Rule.behavior</text><real id="compoundConditionKind">0</real></attributes><conditions><condition id="id517689" pluginPredicateTypeIndex="0" eventType="touch"><attributes><index id="conditionType">0</index></attributes><predicate type="touch" conditionType="pressed"><attributes/></predicate></condition></conditions><behaviors><behavior id="id873328" class="TweetSheetAction" enabled="true"><attributes><text id="name">Tweet Sheet</text><text id="bundleName">TweetSheet.behavior</text><text id="message"><expression><string xml:space="preserve">&quot;I just scored&quot;..</string><reference keypath="game.attributes.id233852"/><string xml:space="preserve">..&quot;Playing #Lander8b @frostbitStudio&quot;</string></expression></text><boolean id="editable">true</boolean><text id="image"></text></attributes></behavior></behaviors><elseBehaviors/></behavior></behaviors><aspects><graphics><attributes><boolean id="visible">true</boolean><enumeration id="blendingMode">0</enumeration><enumeration id="horizontalWrap">0</enumeration><enumeration id="verticalWrap">0</enumeration><enumeration id="horizontalAnchor">0</enumeration><enumeration id="verticalAnchor">0</enumeration><boolean id="flipHorizontally">false</boolean><boolean id="flipVertically">false</boolean><integer id="tileWidth">75</integer><integer id="tileHeight">50</integer></attributes></graphics><motion><attributes><point id="linearVelocity"><real id="x">0</real><real id="y">0</real></point><real id="angularVelocity">0</real><real id="maxSpeed">0</real><boolean id="applyMaxSpeed">false</boolean></attributes></motion><physics><attributes><real id="density">1</real><real id="friction">3</real><real id="restitution">1</real><boolean id="fixedRotation">false</boolean><boolean id="movable">false</boolean><enumeration id="collisionShape">0</enumeration><real id="drag">0</real><real id="angularDrag">0</real></attributes></physics></aspects></actor>
