<?xml version="1.0" encoding="UTF-8"?>
<actor PGFVersion="0.22" id="id472953" GSCVersion="0.13.14"><attributes><text id="name">OK-Crash</text><real id="time">0</real><point id="position"><real id="x">0</real><real id="y">0</real></point><size id="size"><real id="width">75</real><real id="height">50</real></size><angle id="rotation">0</angle><color id="color"><real id="red">1</real><real id="green">1</real><real id="blue">1</real><real id="alpha">0</real></color><image id="image"></image><text id="tags">UI</text><boolean id="preloadArt">true</boolean></attributes><behaviors><behavior enabled="true" id="id789272" class="RuleBehavior"><attributes><text id="name">Rule</text><text id="bundleName">Rule.behavior</text><real id="compoundConditionKind">0</real></attributes><conditions><condition id="id275007" pluginPredicateTypeIndex="0" eventType="touch"><attributes><index id="conditionType">0</index></attributes><predicate type="touch" conditionType="pressed"><attributes/></predicate></condition></conditions><behaviors><behavior id="id391940" class="ChangeAttributeAction" enabled="true"><attributes><text id="name">Set UI Close to True</text><text id="bundleName">ChangeAttribute.behavior</text><text id="targetAttribute">game.attributes.id602623</text><text id="RHS">1</text></attributes></behavior><behavior id="id880684" class="SaveAttributeAction" enabled="true"><attributes><text id="name">Save Attribute</text><text id="bundleName">SaveAttribute.behavior</text><text id="targetAttribute">game.attributes.id580598</text><text id="key">HighScore</text></attributes></behavior><behavior id="id141002" class="ChangeAttributeAction" enabled="true"><attributes><text id="name">Set Coin reward back to 0</text><text id="bundleName">ChangeAttribute.behavior</text><text id="targetAttribute">game.attributes.id562385</text><text id="RHS"><expression><string xml:space="preserve">0</string></expression></text></attributes></behavior><behavior id="id669720" class="ChangeAttributeAction" enabled="true"><attributes><text id="name">Drop #</text><text id="bundleName">ChangeAttribute.behavior</text><text id="targetAttribute">game.attributes.id123485</text><text id="RHS"><expression><string xml:space="preserve">0</string></expression></text></attributes></behavior><behavior id="id350370" class="ChangeAttributeAction" enabled="true"><attributes><text id="name">Change Attribute</text><text id="bundleName">ChangeAttribute.behavior</text><text id="targetAttribute">game.attributes.id539126</text><text id="RHS"><expression><string xml:space="preserve">tableCellValue(</string><reference keypath="game.attributes.id578074"/><string xml:space="preserve">,5,2)</string></expression></text></attributes></behavior><behavior id="id264423" class="ChangeAttributeAction" enabled="true"><attributes><text id="name">Change Attribute</text><text id="bundleName">ChangeAttribute.behavior</text><text id="targetAttribute">game.attributes.id233852</text><text id="RHS">0</text></attributes></behavior><behavior id="id812511" class="ChangeAttributeAction" enabled="true"><attributes><text id="name">Change Attribute</text><text id="bundleName">ChangeAttribute.behavior</text><text id="targetAttribute">game.attributes.id418431</text><text id="RHS"><expression><reference keypath="game.attributes.id418431"/><string xml:space="preserve">+1</string></expression></text></attributes></behavior><behavior id="id788341" class="SaveAttributeAction" enabled="true"><attributes><text id="name">Save Attribute</text><text id="bundleName">SaveAttribute.behavior</text><text id="targetAttribute">game.attributes.id418431</text><text id="key">AdRotator</text></attributes></behavior><behavior id="id665444" class="CompoundBehavior" enabled="true"><attributes><text id="name">Reset Settings</text><text id="bundleName">Group.behavior</text></attributes><behaviors><behavior id="id177480" class="LoadAttributeAction" enabled="true"><attributes><text id="name">Load Attribute</text><text id="bundleName">LoadAtribute.behavior</text><text id="targetAttribute">game.attributes.id580598</text><text id="key">HighScore</text></attributes></behavior><behavior id="id922419" class="SaveAttributeAction" enabled="true"><attributes><text id="name">Save Attribute</text><text id="bundleName">SaveAttribute.behavior</text><text id="targetAttribute">game.attributes.id580598</text><text id="key">HighScore</text></attributes></behavior><behavior id="id429805" class="ChangeAttributeAction" enabled="true"><attributes><text id="name">Change Attribute</text><text id="bundleName">ChangeAttribute.behavior</text><text id="targetAttribute">game.attributes.id539126</text><text id="RHS"><expression><string xml:space="preserve">tableCellValue(</string><reference keypath="game.attributes.id578074"/><string xml:space="preserve">,5,2)</string></expression></text></attributes></behavior><behavior id="id945571" class="ChangeAttributeAction" enabled="true"><attributes><text id="name">Change Attribute</text><text id="bundleName">ChangeAttribute.behavior</text><text id="targetAttribute">game.attributes.id461361</text><text id="RHS"><expression><string xml:space="preserve">320</string></expression></text></attributes></behavior><behavior id="id615408" class="ChangeAttributeAction" enabled="true"><attributes><text id="name">Change Attribute</text><text id="bundleName">ChangeAttribute.behavior</text><text id="targetAttribute">game.attributes.id456466</text><text id="RHS"><expression><string xml:space="preserve">tableCellValue(</string><reference keypath="game.attributes.id578074"/><string xml:space="preserve">,1,1)</string></expression></text></attributes></behavior><behavior id="id966682" class="ChangeAttributeAction" enabled="true"><attributes><text id="name">Change Attribute</text><text id="bundleName">ChangeAttribute.behavior</text><text id="targetAttribute">game.attributes.id812472</text><text id="RHS"><expression><string xml:space="preserve">tableCellValue(</string><reference keypath="game.attributes.id578074"/><string xml:space="preserve">,2,1)</string></expression></text></attributes></behavior><behavior id="id830027" class="ChangeAttributeAction" enabled="true"><attributes><text id="name">Change Attribute</text><text id="bundleName">ChangeAttribute.behavior</text><text id="targetAttribute">game.attributes.id272795</text><text id="RHS"><expression><string xml:space="preserve">tableCellValue(</string><reference keypath="game.attributes.id578074"/><string xml:space="preserve">,3,1)</string></expression></text></attributes></behavior><behavior id="id870237" class="ChangeAttributeAction" enabled="true"><attributes><text id="name">Change Attribute</text><text id="bundleName">ChangeAttribute.behavior</text><text id="targetAttribute">game.attributes.id398273</text><text id="RHS"><expression><string xml:space="preserve">tableCellValue(</string><reference keypath="game.attributes.id578074"/><string xml:space="preserve">,4,1)</string></expression></text></attributes></behavior><behavior id="id779854" class="ChangeAttributeAction" enabled="true"><attributes><text id="name">Change Attribute</text><text id="bundleName">ChangeAttribute.behavior</text><text id="targetAttribute">game.attributes.id751059</text><text id="RHS"><expression><string xml:space="preserve">tableCellValue(</string><reference keypath="game.attributes.id578074"/><string xml:space="preserve">,6,1)</string></expression></text></attributes></behavior><behavior enabled="true" id="id343012" class="RuleBehavior"><attributes><text id="name">Ad Rule</text><text id="bundleName">Rule.behavior</text><real id="compoundConditionKind">0</real></attributes><conditions><condition id="id358131" pluginPredicateTypeIndex="0" eventType="mouse position"><attributes><index id="conditionType">1</index><text id="subjectAttribute">game.attributes.id418431</text></attributes><predicate type="number"><attributes><text id="operator">&gt;=</text><real id="RHS"><expression><string xml:space="preserve">3</string></expression></real></attributes></predicate></condition></conditions><behaviors><behavior id="id687797" class="ChangeSceneAction" enabled="true"><attributes><text id="name">Change Scene</text><text id="bundleName">ChangeScene.behavior</text><text id="sceneKey">id659294</text><boolean id="enableAdvertisement">true</boolean><index id="index">1</index></attributes></behavior><behavior id="id836080" class="ChangeAttributeAction" enabled="true"><attributes><text id="name">Change Attribute</text><text id="bundleName">ChangeAttribute.behavior</text><text id="targetAttribute">game.attributes.id418431</text><text id="RHS">0</text></attributes></behavior></behaviors><elseBehaviors><behavior id="id752269" class="ChangeSceneAction" enabled="true"><attributes><text id="name">Change Scene</text><text id="bundleName">ChangeScene.behavior</text><text id="sceneKey">id659294</text><boolean id="enableAdvertisement">false</boolean><index id="index">1</index></attributes></behavior></elseBehaviors></behavior></behaviors></behavior></behaviors><elseBehaviors/></behavior></behaviors><aspects><graphics><attributes><boolean id="visible">true</boolean><enumeration id="blendingMode">0</enumeration><enumeration id="horizontalWrap">0</enumeration><enumeration id="verticalWrap">0</enumeration><enumeration id="horizontalAnchor">0</enumeration><enumeration id="verticalAnchor">0</enumeration><boolean id="flipHorizontally">false</boolean><boolean id="flipVertically">false</boolean><integer id="tileWidth">75</integer><integer id="tileHeight">50</integer></attributes></graphics><motion><attributes><point id="linearVelocity"><real id="x">0</real><real id="y">0</real></point><real id="angularVelocity">0</real><real id="maxSpeed">0</real><boolean id="applyMaxSpeed">false</boolean></attributes></motion><physics><attributes><real id="density">1</real><real id="friction">3</real><real id="restitution">1</real><boolean id="fixedRotation">false</boolean><boolean id="movable">false</boolean><enumeration id="collisionShape">0</enumeration><real id="drag">0</real><real id="angularDrag">0</real></attributes></physics></aspects></actor>
