<?xml version="1.0" encoding="UTF-8"?>
<actor PGFVersion="0.22" id="id306193" GSCVersion="0.13.14"><attributes><text id="name">CoinReward10</text><real id="time">0</real><point id="position"><real id="x">0</real><real id="y">0</real></point><size id="size"><real id="width">26</real><real id="height">26</real></size><angle id="rotation">0</angle><color id="color"><real id="red">1</real><real id="green">1</real><real id="blue">1</real><real id="alpha">1</real></color><image id="image">0</image><text id="tags">Numbers</text><boolean id="preloadArt">true</boolean><integer name="Div" id="id726654">10</integer></attributes><behaviors><behavior id="id534648" class="InterpolateBehavior" enabled="true"><attributes><text id="name">Interpolate</text><text id="bundleName">Interpolate.behavior</text><boolean id="runToCompletion">true</boolean><text id="targetAttribute">self.attributes.color.alpha</text><real id="finalValue">1</real><real id="duration">0.1</real><index id="easing">0</index></attributes></behavior><behavior id="id822533" class="ConstrainAttributeBehavior" enabled="true"><attributes><text id="name">Constrain Attribute</text><text id="bundleName">ConstrainAttribute.behavior</text><text id="targetAttribute">self.attributes.image</text><text id="RHS"><expression><string xml:space="preserve">floor((</string><reference keypath="game.attributes.id562385"/><string xml:space="preserve">%</string><reference keypath="self.attributes.id726654"/><string xml:space="preserve">)/(</string><reference keypath="self.attributes.id726654"/><string xml:space="preserve">/10))..&quot;.png&quot;</string></expression></text></attributes></behavior><behavior id="id947615" class="SpawnAction" enabled="true"><attributes><text id="name">Spawn Actor</text><text id="bundleName">Spawn.behavior</text><text id="prototypeKey">id585783</text><angle id="direction">0</angle><index id="directionSpace">0</index><real id="x">30</real><real id="y">0</real><index id="positionSpace">0</index><index id="layerOrder">0</index></attributes></behavior><behavior id="id855531" class="ChangeAttributeAction" enabled="false"><attributes><text id="name">Change Attribute</text><text id="bundleName">ChangeAttribute.behavior</text><text id="targetAttribute">self.attributes.position.y</text><text id="RHS">100</text></attributes></behavior></behaviors><aspects><graphics><attributes><boolean id="visible">true</boolean><enumeration id="blendingMode">0</enumeration><enumeration id="horizontalWrap">0</enumeration><enumeration id="verticalWrap">0</enumeration><enumeration id="horizontalAnchor">0</enumeration><enumeration id="verticalAnchor">0</enumeration><boolean id="flipHorizontally">false</boolean><boolean id="flipVertically">false</boolean><integer id="tileWidth">26</integer><integer id="tileHeight">26</integer></attributes></graphics><motion><attributes><point id="linearVelocity"><real id="x">0</real><real id="y">0</real></point><real id="angularVelocity">0</real><real id="maxSpeed">0</real><boolean id="applyMaxSpeed">false</boolean></attributes></motion><physics><attributes><real id="density">1</real><real id="friction">3</real><real id="restitution">1</real><boolean id="fixedRotation">false</boolean><boolean id="movable">false</boolean><enumeration id="collisionShape">0</enumeration><real id="drag">0</real><real id="angularDrag">0</real></attributes></physics></aspects></actor>
