<?xml version="1.0" encoding="UTF-8"?>
<actor PGFVersion="0.22" id="id656424" GSCVersion="0.13.14"><attributes><text id="name">Ground</text><real id="time">0</real><point id="position"><real id="x">0</real><real id="y">0</real></point><size id="size"><real id="width">320</real><real id="height">120</real></size><angle id="rotation">0</angle><color id="color"><real id="red">1</real><real id="green">1</real><real id="blue">1</real><real id="alpha">1</real></color><image id="image">B&amp;W-Landing-Pad</image><text id="tags"></text><boolean id="preloadArt">true</boolean><index name="LanderSpeed" id="id140088">0</index><real name="CoinsSpawn" id="id762870">0</real></attributes><behaviors><behavior id="id949664" class="SpawnAction" enabled="true"><attributes><text id="name">Add Railing Actor</text><text id="bundleName">Spawn.behavior</text><text id="prototypeKey">id928267</text><angle id="direction">0</angle><index id="directionSpace">0</index><real id="x">0</real><real id="y">38</real><index id="positionSpace">0</index><index id="layerOrder">2</index></attributes></behavior><behavior enabled="true" id="id265581" class="RuleBehavior"><attributes><text id="name">Landing</text><text id="bundleName">Rule.behavior</text><real id="compoundConditionKind">0</real></attributes><conditions><condition id="id747725" pluginPredicateTypeIndex="0" eventType="overlaps or collides"><attributes><index id="conditionType">0</index></attributes><predicate type="collision"><attributes><text id="prototypeKey">id996330</text><text id="actorTag"></text><real id="mode">0</real></attributes></predicate></condition><condition id="id718540" pluginPredicateTypeIndex="0" eventType="mouse position"><attributes><index id="conditionType">1</index><text id="subjectAttribute">game.attributes.id398273</text></attributes><predicate type="boolean"><attributes><index id="RHS">0</index></attributes></predicate></condition></conditions><behaviors><behavior id="id277984" class="ChangeAttributeAction" enabled="true"><attributes><text id="name">Impact Speed</text><text id="bundleName">ChangeAttribute.behavior</text><text id="targetAttribute">self.attributes.id140088</text><text id="RHS"><expression><reference keypath="game.attributes.id915473"/></expression></text></attributes></behavior><behavior id="id712331" class="ChangeAttributeAction" enabled="true"><attributes><text id="name">Did Ship touch down?</text><text id="bundleName">ChangeAttribute.behavior</text><text id="targetAttribute">game.attributes.id398273</text><text id="RHS"><expression><string xml:space="preserve">true</string></expression></text></attributes></behavior><behavior id="id295697" class="ChangeAttributeAction" enabled="true"><attributes><text id="name">Changing Landings to +1</text><text id="bundleName">ChangeAttribute.behavior</text><text id="targetAttribute">game.attributes.id233852</text><text id="RHS"><expression><reference keypath="game.attributes.id233852"/><string xml:space="preserve">+1</string></expression></text></attributes></behavior></behaviors><elseBehaviors/></behavior><behavior enabled="true" id="id321282" class="RuleBehavior"><attributes><text id="name">Safe Landing</text><text id="bundleName">Rule.behavior</text><real id="compoundConditionKind">0</real></attributes><conditions><condition id="id360172" pluginPredicateTypeIndex="0" eventType="mouse position"><attributes><index id="conditionType">1</index><text id="subjectAttribute">self.attributes.id140088</text></attributes><predicate type="number"><attributes><text id="operator">&lt;=</text><real id="RHS"><expression><string xml:space="preserve">tableCellValue(</string><reference keypath="game.attributes.id848836"/><string xml:space="preserve">,6,3)</string></expression></real></attributes></predicate></condition><condition id="id424240" pluginPredicateTypeIndex="0" eventType="mouse position"><attributes><index id="conditionType">1</index><text id="subjectAttribute">game.attributes.id398273</text></attributes><predicate type="boolean"><attributes><index id="RHS">1</index></attributes></predicate></condition></conditions><behaviors><behavior id="id246172" class="ChangeAttributeAction" enabled="true"><attributes><text id="name">Coin Reward Random</text><text id="bundleName">ChangeAttribute.behavior</text><text id="targetAttribute">game.attributes.id562385</text><text id="RHS"><expression><string xml:space="preserve">random(5,10)</string></expression></text></attributes></behavior><behavior id="id225574" class="ChangeAttributeAction" enabled="true"><attributes><text id="name">Add Coin Reward to CoinBan</text><text id="bundleName">ChangeAttribute.behavior</text><text id="targetAttribute">game.attributes.id584946</text><text id="RHS"><expression><reference keypath="game.attributes.id584946"/><string xml:space="preserve">+</string><reference keypath="game.attributes.id562385"/></expression></text></attributes></behavior><behavior enabled="true" id="id683226" class="RuleBehavior"><attributes><text id="name">Rule</text><text id="bundleName">Rule.behavior</text><real id="compoundConditionKind">0</real></attributes><conditions><condition id="id828409" pluginPredicateTypeIndex="0" eventType="mouse position"><attributes><index id="conditionType">1</index><text id="subjectAttribute">self.attributes.id762870</text></attributes><predicate type="number"><attributes><text id="operator">&lt;=</text><real id="RHS"><expression><reference keypath="game.attributes.id562385"/></expression></real></attributes></predicate></condition></conditions><behaviors><behavior id="id491767" class="TimerBehavior" enabled="true"><attributes><text id="name">Timer</text><text id="bundleName">Timer.behavior</text><index id="timerType">0</index><real id="interval">0.15</real><boolean id="runToCompletion">false</boolean></attributes><behaviors><behavior id="id620395" class="SpawnAction" enabled="true"><attributes><text id="name">Scatter Coins</text><text id="bundleName">Spawn.behavior</text><text id="prototypeKey">id819089</text><angle id="direction"><expression><string xml:space="preserve">0</string></expression></angle><index id="directionSpace">0</index><real id="x">160</real><real id="y">450</real><index id="positionSpace">1</index><index id="layerOrder">1</index></attributes></behavior><behavior id="id519166" class="ChangeAttributeAction" enabled="true"><attributes><text id="name">Change Attribute</text><text id="bundleName">ChangeAttribute.behavior</text><text id="targetAttribute">self.attributes.id762870</text><text id="RHS"><expression><reference keypath="self.attributes.id762870"/><string xml:space="preserve">+1</string></expression></text></attributes></behavior></behaviors></behavior></behaviors><elseBehaviors/></behavior><behavior enabled="true" id="id581499" class="RuleBehavior"><attributes><text id="name">Spawn Fuel or Safe Landing Menu</text><text id="bundleName">Rule.behavior</text><real id="compoundConditionKind">0</real></attributes><conditions><condition id="id669574" pluginPredicateTypeIndex="0" eventType="mouse position"><attributes><index id="conditionType">1</index><text id="subjectAttribute">self.attributes.id762870</text></attributes><predicate type="number"><attributes><text id="operator">&gt;=</text><real id="RHS"><expression><reference keypath="game.attributes.id562385"/></expression></real></attributes></predicate></condition></conditions><behaviors><behavior enabled="true" id="id750437" class="RuleBehavior"><attributes><text id="name">Rule</text><text id="bundleName">Rule.behavior</text><real id="compoundConditionKind">0</real></attributes><conditions><condition id="id256884" pluginPredicateTypeIndex="0" eventType="mouse position"><attributes><index id="conditionType">1</index><text id="subjectAttribute">game.attributes.id461361</text></attributes><predicate type="number"><attributes><text id="operator">&lt;=</text><real id="RHS"><expression><string xml:space="preserve">150</string></expression></real></attributes></predicate></condition></conditions><behaviors><behavior id="id476304" class="TimerBehavior" enabled="true"><attributes><text id="name">Timer</text><text id="bundleName">Timer.behavior</text><index id="timerType">1</index><real id="interval">1.5</real><boolean id="runToCompletion">false</boolean></attributes><behaviors><behavior id="id347877" class="SpawnAction" enabled="true"><attributes><text id="name">Safe Landing Button</text><text id="bundleName">Spawn.behavior</text><text id="prototypeKey">id237439</text><angle id="direction">0</angle><index id="directionSpace">1</index><real id="x">160</real><real id="y">265</real><index id="positionSpace">1</index><index id="layerOrder">0</index></attributes></behavior></behaviors></behavior></behaviors><elseBehaviors><behavior id="id975138" class="TimerBehavior" enabled="true"><attributes><text id="name">Timer</text><text id="bundleName">Timer.behavior</text><index id="timerType">1</index><real id="interval">0.75</real><boolean id="runToCompletion">false</boolean></attributes><behaviors><behavior id="id326725" class="SpawnAction" enabled="true"><attributes><text id="name">Safe Landing Button</text><text id="bundleName">Spawn.behavior</text><text id="prototypeKey">id868425</text><angle id="direction">0</angle><index id="directionSpace">1</index><real id="x">160</real><real id="y">265</real><index id="positionSpace">1</index><index id="layerOrder">0</index></attributes></behavior></behaviors></behavior></elseBehaviors></behavior></behaviors><elseBehaviors/></behavior></behaviors><elseBehaviors/></behavior><behavior enabled="true" id="id776913" class="RuleBehavior"><attributes><text id="name">Crash Landing</text><text id="bundleName">Rule.behavior</text><real id="compoundConditionKind">0</real></attributes><conditions><condition id="id360172" pluginPredicateTypeIndex="0" eventType="mouse position"><attributes><index id="conditionType">1</index><text id="subjectAttribute">self.attributes.id140088</text></attributes><predicate type="number"><attributes><text id="operator">&gt;</text><real id="RHS"><expression><string xml:space="preserve">tableCellValue(</string><reference keypath="game.attributes.id848836"/><string xml:space="preserve">,6,3)</string></expression></real></attributes></predicate></condition></conditions><behaviors><behavior id="id948801" class="ChangeAttributeAction" enabled="true"><attributes><text id="name">Change Attribute</text><text id="bundleName">ChangeAttribute.behavior</text><text id="targetAttribute">game.attributes.id272795</text><text id="RHS">true</text></attributes></behavior><behavior id="id152885" class="SpawnAction" enabled="true"><attributes><text id="name">Spawn Actor</text><text id="bundleName">Spawn.behavior</text><text id="prototypeKey">id200690</text><angle id="direction">0</angle><index id="directionSpace">0</index><real id="x">0</real><real id="y">32</real><index id="positionSpace">0</index><index id="layerOrder">1</index></attributes></behavior><behavior id="id767452" class="SpawnAction" enabled="true"><attributes><text id="name">Game Over UI</text><text id="bundleName">Spawn.behavior</text><text id="prototypeKey">id132903</text><angle id="direction">0</angle><index id="directionSpace">1</index><real id="x">160</real><real id="y">265</real><index id="positionSpace">1</index><index id="layerOrder">0</index></attributes></behavior><behavior id="id334873" class="SpawnAction" enabled="true"><attributes><text id="name">Splat Image</text><text id="bundleName">Spawn.behavior</text><text id="prototypeKey">id458632</text><angle id="direction">0</angle><index id="directionSpace">1</index><real id="x">0</real><real id="y">10</real><index id="positionSpace">0</index><index id="layerOrder">0</index></attributes></behavior><behavior id="id217129" class="TimerBehavior" enabled="true"><attributes><text id="name">Timer</text><text id="bundleName">Timer.behavior</text><index id="timerType">1</index><real id="interval">2</real><boolean id="runToCompletion">true</boolean></attributes><behaviors><behavior id="id594654" class="SpawnAction" enabled="true"><attributes><text id="name">Splat Image</text><text id="bundleName">Spawn.behavior</text><text id="prototypeKey">id324123</text><angle id="direction">0</angle><index id="directionSpace">1</index><real id="x">0</real><real id="y">0</real><index id="positionSpace">0</index><index id="layerOrder">1</index></attributes></behavior></behaviors></behavior></behaviors><elseBehaviors/></behavior><behavior enabled="true" id="id222548" class="RuleBehavior"><attributes><text id="name">Change Score to High Score</text><text id="bundleName">Rule.behavior</text><real id="compoundConditionKind">0</real></attributes><conditions><condition id="id897080" pluginPredicateTypeIndex="0" eventType="mouse position"><attributes><index id="conditionType">1</index><text id="subjectAttribute">game.attributes.id233852</text></attributes><predicate type="number"><attributes><text id="operator">&gt;</text><real id="RHS"><expression><reference keypath="game.attributes.id580598"/></expression></real></attributes></predicate></condition></conditions><behaviors><behavior id="id899411" class="ChangeAttributeAction" enabled="true"><attributes><text id="name">Change Attribute</text><text id="bundleName">ChangeAttribute.behavior</text><text id="targetAttribute">game.attributes.id580598</text><text id="RHS"><expression><reference keypath="game.attributes.id233852"/></expression></text></attributes></behavior><behavior id="id372029" class="SaveAttributeAction" enabled="true"><attributes><text id="name">Save Attribute</text><text id="bundleName">SaveAttribute.behavior</text><text id="targetAttribute">game.attributes.id580598</text><text id="key">HighScore</text></attributes></behavior></behaviors><elseBehaviors/></behavior><behavior id="id575578" class="CollideBehavior" enabled="true"><attributes><text id="name">Collide</text><text id="bundleName">Collide.behavior</text><text id="prototypeKey">id996330</text><text id="actorTag"></text><index id="mode">0</index></attributes></behavior></behaviors><aspects><graphics><attributes><boolean id="visible">true</boolean><enumeration id="blendingMode">0</enumeration><enumeration id="horizontalWrap">0</enumeration><enumeration id="verticalWrap">0</enumeration><enumeration id="horizontalAnchor">0</enumeration><enumeration id="verticalAnchor">0</enumeration><boolean id="flipHorizontally">false</boolean><boolean id="flipVertically">false</boolean><integer id="tileWidth">320</integer><integer id="tileHeight">120</integer></attributes></graphics><motion><attributes><point id="linearVelocity"><real id="x">0</real><real id="y">0</real></point><real id="angularVelocity">0</real><real id="maxSpeed">0</real><boolean id="applyMaxSpeed">false</boolean></attributes></motion><physics><attributes><real id="density">1</real><real id="friction">3</real><real id="restitution">0</real><boolean id="fixedRotation">false</boolean><boolean id="movable">false</boolean><enumeration id="collisionShape">0</enumeration><real id="drag">0</real><real id="angularDrag">0</real></attributes></physics></aspects></actor>
