<?xml version="1.0" encoding="UTF-8"?>
<actor PGFVersion="0.22" id="id476039" GSCVersion="0.13.14"><attributes><text id="name">High Score 100</text><real id="time">0</real><point id="position"><real id="x">0</real><real id="y">0</real></point><size id="size"><real id="width">19</real><real id="height">24</real></size><angle id="rotation">0</angle><color id="color"><real id="red">1</real><real id="green">1</real><real id="blue">1</real><real id="alpha">1</real></color><image id="image">0</image><text id="tags">Numbers</text><boolean id="preloadArt">true</boolean><integer name="Div" id="id726654">1000</integer></attributes><behaviors><behavior id="id172716" class="LoadAttributeAction" enabled="false"><attributes><text name="Name" id="name">Load Attribute</text><text name="Bundle Name" id="bundleName">LoadAtribute.behavior</text><text name="Target Attribute" id="targetAttribute">game.attributes.id580598</text><text name="Key" id="key">HighScore</text></attributes></behavior><behavior id="id207729" class="ConstrainAttributeBehavior" enabled="true"><attributes><text id="name">Constrain Attribute</text><text id="bundleName">ConstrainAttribute.behavior</text><text id="targetAttribute">self.attributes.image</text><text id="RHS"><expression><string xml:space="preserve">floor((</string><reference keypath="game.attributes.id580598"/><string xml:space="preserve">%</string><reference keypath="self.attributes.id726654"/><string xml:space="preserve">)/(</string><reference keypath="self.attributes.id726654"/><string xml:space="preserve">/10))..&quot;.png&quot;</string></expression></text></attributes></behavior></behaviors><aspects><graphics><attributes><boolean id="visible">true</boolean><enumeration id="blendingMode">0</enumeration><enumeration id="horizontalWrap">0</enumeration><enumeration id="verticalWrap">0</enumeration><enumeration id="horizontalAnchor">0</enumeration><enumeration id="verticalAnchor">0</enumeration><boolean id="flipHorizontally">false</boolean><boolean id="flipVertically">false</boolean><integer id="tileWidth">19</integer><integer id="tileHeight">24</integer></attributes></graphics><motion><attributes><point id="linearVelocity"><real id="x">0</real><real id="y">0</real></point><real id="angularVelocity">0</real><real id="maxSpeed">0</real><boolean id="applyMaxSpeed">false</boolean></attributes></motion><physics><attributes><real id="density">1</real><real id="friction">3</real><real id="restitution">1</real><boolean id="fixedRotation">false</boolean><boolean id="movable">false</boolean><enumeration id="collisionShape">0</enumeration><real id="drag">0</real><real id="angularDrag">0</real></attributes></physics></aspects></actor>
