<?xml version="1.0" encoding="UTF-8"?>
<actor PGFVersion="0.22" id="id716845" GSCVersion="0.13.14"><attributes><text id="name">Top</text><real id="time">0</real><point id="position"><real id="x">0</real><real id="y">0</real></point><size id="size"><real id="width">100</real><real id="height">100</real></size><angle id="rotation">0</angle><color id="color"><real id="red">1</real><real id="green">1</real><real id="blue">1</real><real id="alpha">1</real></color><image id="image"></image><text id="tags"></text><boolean id="preloadArt">true</boolean></attributes><behaviors><behavior enabled="true" id="id646896" class="RuleBehavior"><attributes><text id="name">Rule:Rule: Lander Not Fly off screen</text><text id="bundleName">Rule.behavior</text><real id="compoundConditionKind">0</real></attributes><conditions><condition id="id456770" pluginPredicateTypeIndex="0" eventType="overlaps or collides"><attributes><index id="conditionType">0</index></attributes><predicate type="collision"><attributes><text id="prototypeKey">id996330</text><text id="actorTag"></text><real id="mode">0</real></attributes></predicate></condition></conditions><behaviors><behavior id="id532859" class="PlaySoundAction" enabled="true"><attributes><text id="name">Play Sound</text><text id="bundleName">PlaySound.behavior</text><sound id="soundName">Warning</sound><boolean id="loop">false</boolean><boolean id="runToCompletion">true</boolean><boolean id="positional">false</boolean><boolean id="dopplerShift">false</boolean><real id="volume">1</real><real id="pitch">1</real></attributes></behavior></behaviors><elseBehaviors/></behavior><behavior id="id148224" class="ChangeAttributeAction" enabled="true"><attributes><text id="name">Set City Variable</text><text id="bundleName">ChangeAttribute.behavior</text><text id="targetAttribute">game.attributes.id674643</text><text id="RHS"><expression><string xml:space="preserve">random(1,3)</string></expression></text></attributes></behavior><behavior enabled="true" id="id134265" class="RuleBehavior"><attributes><text id="name">Star Generator</text><text id="bundleName">Rule.behavior</text><real id="compoundConditionKind">0</real></attributes><conditions><condition id="id920559" pluginPredicateTypeIndex="0" eventType="mouse position"><attributes><index id="conditionType">1</index><text id="subjectAttribute">game.attributes.id398273</text></attributes><predicate type="boolean"><attributes><index id="RHS">0</index></attributes></predicate></condition></conditions><behaviors><behavior id="id175972" class="ParticlesBehavior" enabled="true"><attributes><text id="name">Particles</text><text id="bundleName">Particles.behavior</text><index id="numParticles">50</index><real id="size"><expression><string xml:space="preserve">random(1,3)</string></expression></real><real id="lifetime"><expression><string xml:space="preserve">5</string></expression></real><real id="startupTime">0</real><angle id="direction">270</angle><real id="speed"><expression><string xml:space="preserve">350</string></expression></real><image id="image">Fireworks</image><angle id="rotation">0</angle><real id="angularVelocity">0</real><index id="directionRelativity">0</index><real id="emitterOffsetX"><expression><string xml:space="preserve">random(2,318)</string></expression></real><real id="emitterOffsetY"><expression><string xml:space="preserve">0</string></expression></real><boolean id="colorChange">true</boolean><boolean id="sizeChange">false</boolean><real id="colorTransitionTime"><expression><string xml:space="preserve">10</string></expression></real><real id="sizeTarget">5</real><real id="sizeTransitionTime">0</real><color id="color"><real id="red">1</real><real id="green">0.12487579137087</real><real id="blue">0.21510314941406</real><real id="alpha">1</real></color><color id="colorTarget"><real id="red">1</real><real id="green">1</real><real id="blue">1</real><real id="alpha">0</real></color><boolean id="affectedByGravity">false</boolean><enumeration id="blendingMode">0</enumeration></attributes></behavior><behavior id="id905727" class="ParticlesBehavior" enabled="true"><attributes><text id="name">Left: Particles</text><text id="bundleName">Particles.behavior</text><index id="numParticles">5</index><real id="size">10</real><real id="lifetime">5</real><real id="startupTime">0.2</real><angle id="direction">270</angle><real id="speed"><expression><string xml:space="preserve">random(300,400)</string></expression></real><image id="image">Fireworks</image><angle id="rotation">0</angle><real id="angularVelocity">0</real><index id="directionRelativity">0</index><real id="emitterOffsetX"><expression><string xml:space="preserve">random(2,318)</string></expression></real><real id="emitterOffsetY">0</real><boolean id="colorChange">true</boolean><boolean id="sizeChange">false</boolean><real id="colorTransitionTime">10</real><real id="sizeTarget">5</real><real id="sizeTransitionTime">1</real><color id="color"><real id="red">0.90196079015732</real><real id="green">0.90196079015732</real><real id="blue">0.90196079015732</real><real id="alpha">1</real></color><color id="colorTarget"><real id="red">1</real><real id="green">1</real><real id="blue">1</real><real id="alpha">0</real></color><boolean id="affectedByGravity">false</boolean><enumeration id="blendingMode">2</enumeration></attributes></behavior></behaviors><elseBehaviors/></behavior><behavior id="id103269" class="TimerBehavior" enabled="true"><attributes><text id="name">Release UFO</text><text id="bundleName">Timer.behavior</text><index id="timerType">0</index><real id="interval">3</real><boolean id="runToCompletion">false</boolean></attributes><behaviors><behavior id="id965753" class="SpawnAction" enabled="true"><attributes><text id="name">Spawn Actor</text><text id="bundleName">Spawn.behavior</text><text id="prototypeKey">id267884</text><angle id="direction">90</angle><index id="directionSpace">0</index><real id="x"><expression><string xml:space="preserve">450</string></expression></real><real id="y"><expression><string xml:space="preserve">random(1500,2000)</string></expression></real><index id="positionSpace">1</index><index id="layerOrder">0</index></attributes></behavior></behaviors></behavior></behaviors><aspects><graphics><attributes><boolean id="visible">true</boolean><enumeration id="blendingMode">0</enumeration><enumeration id="horizontalWrap">0</enumeration><enumeration id="verticalWrap">0</enumeration><enumeration id="horizontalAnchor">0</enumeration><enumeration id="verticalAnchor">0</enumeration><boolean id="flipHorizontally">false</boolean><boolean id="flipVertically">false</boolean><integer id="tileWidth">0</integer><integer id="tileHeight">0</integer></attributes></graphics><motion><attributes><point id="linearVelocity"><real id="x">0</real><real id="y">0</real></point><real id="angularVelocity">0</real><real id="maxSpeed">0</real><boolean id="applyMaxSpeed">false</boolean></attributes></motion><physics><attributes><real id="density">1</real><real id="friction">3</real><real id="restitution">0.1</real><boolean id="fixedRotation">false</boolean><boolean id="movable">false</boolean><enumeration id="collisionShape">0</enumeration><real id="drag">0</real><real id="angularDrag">0</real></attributes></physics></aspects></actor>
