<?xml version="1.0" encoding="UTF-8"?>
<actor PGFVersion="0.22" id="id518465" GSCVersion="0.13.14"><attributes><text id="name">Chip's Fog Emmitter</text><real id="time">0</real><point id="position"><real id="x">0</real><real id="y">0</real></point><size id="size"><real id="width">20</real><real id="height">20</real></size><angle id="rotation">0</angle><color id="color"><real id="red">1</real><real id="green">1</real><real id="blue">1</real><real id="alpha">0</real></color><image id="image"></image><text id="tags"></text><boolean id="preloadArt">true</boolean></attributes><behaviors><behavior id="id970754" class="TimerBehavior" enabled="true"><attributes><text id="name">Timer</text><text id="bundleName">Timer.behavior</text><index id="timerType">0</index><real id="interval">0</real><boolean id="runToCompletion">false</boolean></attributes><behaviors><behavior id="id720185" class="SpawnAction" enabled="true"><attributes><text id="name">Spawn Actor</text><text id="bundleName">Spawn.behavior</text><text id="prototypeKey">id359776</text><angle id="direction">0</angle><index id="directionSpace">0</index><real id="x"><expression><string xml:space="preserve">random(0,320)</string></expression></real><real id="y">0</real><index id="positionSpace">0</index><index id="layerOrder">2</index></attributes></behavior><behavior id="id497247" class="SpawnAction" enabled="true"><attributes><text id="name">Spawn Actor</text><text id="bundleName">Spawn.behavior</text><text id="prototypeKey">id539918</text><angle id="direction">0</angle><index id="directionSpace">0</index><real id="x"><expression><string xml:space="preserve">random(0,320)</string></expression></real><real id="y">0</real><index id="positionSpace">0</index><index id="layerOrder">2</index></attributes></behavior></behaviors></behavior></behaviors><aspects><graphics><attributes><boolean id="visible">true</boolean><enumeration id="blendingMode">0</enumeration><enumeration id="horizontalWrap">0</enumeration><enumeration id="verticalWrap">0</enumeration><enumeration id="horizontalAnchor">0</enumeration><enumeration id="verticalAnchor">0</enumeration><boolean id="flipHorizontally">false</boolean><boolean id="flipVertically">false</boolean><integer id="tileWidth">20</integer><integer id="tileHeight">20</integer></attributes></graphics><motion><attributes><point id="linearVelocity"><real id="x">0</real><real id="y">0</real></point><real id="angularVelocity">0</real><real id="maxSpeed">0</real><boolean id="applyMaxSpeed">false</boolean></attributes></motion><physics><attributes><real id="density">1</real><real id="friction">3</real><real id="restitution">1</real><boolean id="fixedRotation">false</boolean><boolean id="movable">false</boolean><enumeration id="collisionShape">0</enumeration><real id="drag">0</real><real id="angularDrag">0</real></attributes></physics></aspects></actor>
