<?xml version="1.0" encoding="UTF-8"?>
<actor PGFVersion="0.22" id="id401351" GSCVersion="0.13.14"><attributes><text id="name">O2 B1</text><real id="time">0</real><point id="position"><real id="x">0</real><real id="y">0</real></point><size id="size"><real id="width">48</real><real id="height">48</real></size><angle id="rotation">0</angle><color id="color"><real id="red">1</real><real id="green">1</real><real id="blue">1</real><real id="alpha">1</real></color><image id="image">Mail</image><text id="tags">buttons</text><boolean id="preloadArt">true</boolean><real name="Start.X" id="id670783">0</real><real name="Start.Y" id="id160254">0</real></attributes><behaviors><behavior id="id670730" class="ChangeAttributeAction" enabled="true"><attributes><text id="name">Change Attribute</text><text id="bundleName">ChangeAttribute.behavior</text><text id="targetAttribute">self.attributes.id670783</text><text id="RHS"><expression><reference keypath="self.attributes.position.x"/></expression></text></attributes></behavior><behavior id="id166595" class="ChangeAttributeAction" enabled="true"><attributes><text id="name">Change Attribute</text><text id="bundleName">ChangeAttribute.behavior</text><text id="targetAttribute">self.attributes.id160254</text><text id="RHS"><expression><reference keypath="self.attributes.position.y"/></expression></text></attributes></behavior><behavior enabled="true" id="id762115" class="RuleBehavior"><attributes><text id="name">Rule</text><text id="bundleName">Rule.behavior</text><real id="compoundConditionKind">0</real></attributes><conditions><condition id="id932246" eventType="mouse button"><attributes><index id="conditionType">1</index><text id="subjectAttribute">game.attributes.id260969</text></attributes><predicate type="number"><attributes><text id="operator">=</text><real id="RHS">1</real></attributes></predicate></condition></conditions><behaviors><behavior id="id305199" class="InterpolateBehavior" enabled="true"><attributes><text id="name">Interpolate</text><text id="bundleName">Interpolate.behavior</text><boolean id="runToCompletion">true</boolean><text id="targetAttribute">self.attributes.position.y</text><real id="finalValue"><expression><reference keypath="self.attributes.id160254"/><string xml:space="preserve">+48</string></expression></real><real id="duration">1</real><index id="easing">0</index></attributes></behavior><behavior id="id591567" class="InterpolateBehavior" enabled="true"><attributes><text id="name">Interpolate</text><text id="bundleName">Interpolate.behavior</text><boolean id="runToCompletion">true</boolean><text id="targetAttribute">self.attributes.color.alpha</text><real id="finalValue"><expression><string xml:space="preserve">1</string></expression></real><real id="duration"><expression><reference keypath="game.attributes.id561421"/></expression></real><index id="easing">0</index></attributes></behavior></behaviors><elseBehaviors><behavior id="id576840" class="InterpolateBehavior" enabled="true"><attributes><text id="name">Interpolate</text><text id="bundleName">Interpolate.behavior</text><boolean id="runToCompletion">true</boolean><text id="targetAttribute">self.attributes.position.y</text><real id="finalValue"><expression><reference keypath="self.attributes.id160254"/></expression></real><real id="duration">1</real><index id="easing">0</index></attributes></behavior><behavior id="id751640" class="InterpolateBehavior" enabled="true"><attributes><text id="name">Interpolate</text><text id="bundleName">Interpolate.behavior</text><boolean id="runToCompletion">true</boolean><text id="targetAttribute">self.attributes.color.alpha</text><real id="finalValue"><expression><string xml:space="preserve">0</string></expression></real><real id="duration">1</real><index id="easing">0</index></attributes></behavior></elseBehaviors></behavior><behavior enabled="true" id="id600562" class="RuleBehavior"><attributes><text id="name">Rule</text><text id="bundleName">Rule.behavior</text><real id="compoundConditionKind">0</real></attributes><conditions><condition id="id546575" eventType="touch"><attributes><index id="conditionType">0</index></attributes><predicate type="touch" conditionType="pressed"><attributes/></predicate></condition><condition id="id745852" eventType="mouse button"><attributes><index id="conditionType">1</index><text id="subjectAttribute">self.attributes.color.alpha</text></attributes><predicate type="number"><attributes><text id="operator">=</text><real id="RHS">1</real></attributes></predicate></condition></conditions><behaviors/><elseBehaviors/></behavior></behaviors><aspects><graphics><attributes><boolean id="visible">true</boolean><enumeration id="blendingMode">0</enumeration><enumeration id="horizontalWrap">0</enumeration><enumeration id="verticalWrap">0</enumeration><enumeration id="horizontalAnchor">0</enumeration><enumeration id="verticalAnchor">0</enumeration><boolean id="flipHorizontally">false</boolean><boolean id="flipVertically">false</boolean><integer id="tileWidth">48</integer><integer id="tileHeight">48</integer></attributes></graphics><motion><attributes><point id="linearVelocity"><real id="x">0</real><real id="y">0</real></point><real id="angularVelocity">0</real><real id="maxSpeed">0</real><boolean id="applyMaxSpeed">false</boolean></attributes></motion><physics><attributes><real id="density">1</real><real id="friction">3</real><real id="restitution">1</real><boolean id="fixedRotation">false</boolean><boolean id="movable">true</boolean><enumeration id="collisionShape">0</enumeration><real id="drag">0</real><real id="angularDrag">0</real></attributes></physics></aspects></actor>
