<?xml version="1.0" encoding="UTF-8"?>
<actor PGFVersion="0.22" id="id158609" GSCVersion="0.13.14"><attributes><text id="name">Info</text><real id="time">0</real><point id="position"><real id="x">0</real><real id="y">0</real></point><size id="size"><real id="width">49</real><real id="height">49</real></size><angle id="rotation">0</angle><color id="color"><real id="red">1</real><real id="green">1</real><real id="blue">1</real><real id="alpha">1</real></color><image id="image">Info</image><text id="tags">buttons</text><boolean id="preloadArt">true</boolean></attributes><behaviors><behavior enabled="true" id="id637055" class="RuleBehavior"><attributes><text id="name">Rule</text><text id="bundleName">Rule.behavior</text><real id="compoundConditionKind">0</real></attributes><conditions><condition id="id877243" eventType="touch"><attributes><index id="conditionType">0</index></attributes><predicate type="touch" conditionType="pressed"><attributes/></predicate></condition><condition id="id277033" eventType="mouse button"><attributes><index id="conditionType">1</index><text id="subjectAttribute">game.attributes.id733004</text></attributes><predicate type="number"><attributes><text id="operator">=</text><real id="RHS">0</real></attributes></predicate></condition></conditions><behaviors><behavior id="id575004" class="ChangeAttributeAction" enabled="true"><attributes><text id="name">Change Attribute</text><text id="bundleName">ChangeAttribute.behavior</text><text id="targetAttribute">game.attributes.id733004</text><text id="RHS"><expression><string xml:space="preserve">(</string><reference keypath="game.attributes.id733004"/><string xml:space="preserve">+1)%2</string></expression></text></attributes></behavior></behaviors><elseBehaviors/></behavior></behaviors><aspects><graphics><attributes><boolean id="visible">true</boolean><enumeration id="blendingMode">0</enumeration><enumeration id="horizontalWrap">0</enumeration><enumeration id="verticalWrap">0</enumeration><enumeration id="horizontalAnchor">0</enumeration><enumeration id="verticalAnchor">0</enumeration><boolean id="flipHorizontally">false</boolean><boolean id="flipVertically">false</boolean><integer id="tileWidth">49</integer><integer id="tileHeight">49</integer></attributes></graphics><motion><attributes><point id="linearVelocity"><real id="x">0</real><real id="y">0</real></point><real id="angularVelocity">0</real><real id="maxSpeed">0</real><boolean id="applyMaxSpeed">false</boolean></attributes></motion><physics><attributes><real id="density">1</real><real id="friction">3</real><real id="restitution">1</real><boolean id="fixedRotation">false</boolean><boolean id="movable">true</boolean><enumeration id="collisionShape">0</enumeration><real id="drag">0</real><real id="angularDrag">0</real></attributes></physics></aspects></actor>
