<?xml version="1.0" encoding="UTF-8"?>
<actor PGFVersion="0.22" id="id207744" GSCVersion="0.13.14"><attributes><text id="name">overlaymenya</text><real id="time">0</real><point id="position"><real id="x">0</real><real id="y">0</real></point><size id="size"><real id="width">320</real><real id="height">572</real></size><angle id="rotation">0</angle><color id="color"><real id="red">1</real><real id="green">1</real><real id="blue">1</real><real id="alpha">1</real></color><image id="image">InfoPanel</image><text id="tags">UI</text><boolean id="preloadArt">true</boolean><integer name="startx" id="id567040">0</integer><integer name="starty" id="id270491">0</integer></attributes><behaviors><behavior id="id341937" class="ChangeAttributeAction" enabled="true"><attributes><text name="Name" id="name">Change Attribute</text><text name="Bundle Name" id="bundleName">ChangeAttribute.behavior</text><text name="Target Attribute" id="targetAttribute">self.attributes.id270491</text><text name="RHS" id="RHS"><expression><reference keypath="self.attributes.position.y"/></expression></text></attributes></behavior><behavior id="id762084" class="ChangeAttributeAction" enabled="true"><attributes><text name="Name" id="name">Change Attribute</text><text name="Bundle Name" id="bundleName">ChangeAttribute.behavior</text><text name="Target Attribute" id="targetAttribute">self.attributes.id567040</text><text name="RHS" id="RHS"><expression><reference keypath="self.attributes.position.x"/></expression></text></attributes></behavior><behavior enabled="true" id="id837591" class="RuleBehavior"><attributes><text name="Name" id="name">Rule</text><text name="Bundle Name" id="bundleName">Rule.behavior</text><real name="Compound Condition Kind" id="compoundConditionKind">0</real></attributes><conditions><condition id="id898149" eventType="mouse button"><attributes><index name="Condition Type" id="conditionType">1</index><text name="Subject Attribute" id="subjectAttribute">game.attributes.id733004</text></attributes><predicate type="number"><attributes><text id="operator">=</text><real id="RHS">1</real></attributes></predicate></condition></conditions><behaviors><behavior id="id826655" class="InterpolateBehavior" enabled="true"><attributes><text name="Name" id="name">Interpolate</text><text name="Bundle Name" id="bundleName">Interpolate.behavior</text><boolean name="Run To Completion" id="runToCompletion">true</boolean><text name="Target Attribute" id="targetAttribute">self.attributes.position.x</text><real name="Final Value" id="finalValue">160</real><real name="Duration" id="duration">1</real><index name="Easing" id="easing">0</index></attributes></behavior></behaviors><elseBehaviors><behavior id="id904532" class="InterpolateBehavior" enabled="true"><attributes><text name="Name" id="name">Interpolate</text><text name="Bundle Name" id="bundleName">Interpolate.behavior</text><boolean name="Run To Completion" id="runToCompletion">true</boolean><text name="Target Attribute" id="targetAttribute">self.attributes.position.x</text><real name="Final Value" id="finalValue"><expression><reference keypath="self.attributes.id567040"/></expression></real><real name="Duration" id="duration">1</real><index name="Easing" id="easing">0</index></attributes></behavior></elseBehaviors></behavior></behaviors><aspects><graphics><attributes><boolean id="visible">true</boolean><enumeration id="blendingMode">0</enumeration><enumeration id="horizontalWrap">0</enumeration><enumeration id="verticalWrap">0</enumeration><enumeration id="horizontalAnchor">0</enumeration><enumeration id="verticalAnchor">0</enumeration><boolean id="flipHorizontally">false</boolean><boolean id="flipVertically">false</boolean><integer id="tileWidth">320</integer><integer id="tileHeight">572</integer></attributes></graphics><motion><attributes><point id="linearVelocity"><real id="x">0</real><real id="y">0</real></point><real id="angularVelocity">0</real><real id="maxSpeed">0</real><boolean id="applyMaxSpeed">false</boolean></attributes></motion><physics><attributes><real id="density">1</real><real id="friction">3</real><real id="restitution">1</real><boolean id="fixedRotation">false</boolean><boolean id="movable">true</boolean><enumeration id="collisionShape">0</enumeration><real id="drag">0</real><real id="angularDrag">0</real></attributes></physics></aspects></actor>
