<?xml version="1.0" encoding="UTF-8"?>
<actor PGFVersion="0.22" id="id792561" GSCVersion="0.13.14"><attributes><text id="name">TopUI</text><real id="time">0</real><point id="position"><real id="x">0</real><real id="y">0</real></point><size id="size"><real id="width">311</real><real id="height">99</real></size><angle id="rotation">0</angle><color id="color"><real id="red">1</real><real id="green">1</real><real id="blue">1</real><real id="alpha">1</real></color><image id="image">UI_Top</image><text id="tags"></text><boolean id="preloadArt">true</boolean></attributes><behaviors><behavior id="id742085" class="SpawnAction" enabled="true"><attributes><text id="name">Spawn Actor</text><text id="bundleName">Spawn.behavior</text><text id="prototypeKey">id677891</text><angle id="direction">0</angle><index id="directionSpace">0</index><real id="x"><expression><string xml:space="preserve">160</string></expression></real><real id="y">240</real><index id="positionSpace">1</index><index id="layerOrder">2</index></attributes></behavior><behavior id="id345479" class="PlayMusicAction" enabled="true"><attributes><text id="name">Play Music</text><text id="bundleName">PlayMusic.behavior</text><music id="musicName"></music><boolean id="loop">true</boolean></attributes></behavior><behavior id="id434255" class="PlaySoundAction" enabled="true"><attributes><text id="name">Play Sound</text><text id="bundleName">PlaySound.behavior</text><sound id="soundName">AlienAlarm</sound><boolean id="loop">true</boolean><boolean id="runToCompletion">true</boolean><boolean id="positional">false</boolean><boolean id="dopplerShift">false</boolean><real id="volume">0.3</real><real id="pitch">1</real></attributes></behavior></behaviors><aspects><graphics><attributes><boolean id="visible">true</boolean><enumeration id="blendingMode">0</enumeration><enumeration id="horizontalWrap">0</enumeration><enumeration id="verticalWrap">0</enumeration><enumeration id="horizontalAnchor">0</enumeration><enumeration id="verticalAnchor">0</enumeration><boolean id="flipHorizontally">false</boolean><boolean id="flipVertically">false</boolean><integer id="tileWidth">311</integer><integer id="tileHeight">99</integer></attributes></graphics><motion><attributes><point id="linearVelocity"><real id="x">0</real><real id="y">0</real></point><real id="angularVelocity">0</real><real id="maxSpeed">0</real><boolean id="applyMaxSpeed">false</boolean></attributes></motion><physics><attributes><real id="density">1</real><real id="friction">3</real><real id="restitution">1</real><boolean id="fixedRotation">false</boolean><boolean id="movable">false</boolean><enumeration id="collisionShape">0</enumeration><real id="drag">0</real><real id="angularDrag">0</real></attributes></physics></aspects></actor>
