<?xml version="1.0" encoding="UTF-8"?>
<actor PGFVersion="0.22" id="id917114" GSCVersion="0.13.14"><attributes><text id="name">Red Pulsar</text><real id="time">0</real><point id="position"><real id="x">0</real><real id="y">0</real></point><size id="size"><real id="width">10</real><real id="height">10</real></size><angle id="rotation">0</angle><color id="color"><real id="red">1</real><real id="green">0</real><real id="blue">0</real><real id="alpha">1</real></color><image id="image">Fireworks</image><text id="tags"></text><boolean id="preloadArt">true</boolean></attributes><behaviors><behavior id="id977514" class="MoveBehavior" enabled="true"><attributes><text id="name">Move</text><text id="bundleName">Move.behavior</text><angle id="direction">90</angle><index id="space">1</index><index id="moveType">0</index><real id="speed"><expression><string xml:space="preserve">100</string></expression></real><boolean id="haltWhenBehaviorStops">true</boolean></attributes></behavior><behavior id="id192398" class="ParticlesBehavior" enabled="false"><attributes><text id="name">Particles</text><text id="bundleName">Particles.behavior</text><index id="numParticles">100</index><real id="size"><expression><string xml:space="preserve">10</string></expression></real><real id="lifetime"><expression><string xml:space="preserve">5</string></expression></real><real id="startupTime">0</real><angle id="direction">270</angle><real id="speed"><expression><string xml:space="preserve">250</string></expression></real><image id="image">Fireworks</image><angle id="rotation">0</angle><real id="angularVelocity">0</real><index id="directionRelativity">0</index><real id="emitterOffsetX"><expression><string xml:space="preserve">0</string></expression></real><real id="emitterOffsetY"><expression><string xml:space="preserve">0</string></expression></real><boolean id="colorChange">false</boolean><boolean id="sizeChange">true</boolean><real id="colorTransitionTime">4</real><real id="sizeTarget">9</real><real id="sizeTransitionTime">4</real><color id="color"><real id="red">1</real><real id="green">0</real><real id="blue">0</real><real id="alpha">1</real></color><color id="colorTarget"><real id="red">1</real><real id="green">0</real><real id="blue">0</real><real id="alpha">0.62000000476837</real></color><boolean id="affectedByGravity">false</boolean><enumeration id="blendingMode">0</enumeration></attributes></behavior><behavior enabled="true" id="id939162" class="RuleBehavior"><attributes><text id="name">Rule</text><text id="bundleName">Rule.behavior</text><real id="compoundConditionKind">0</real></attributes><conditions><condition id="id707617" pluginPredicateTypeIndex="0" eventType="overlaps or collides"><attributes><index id="conditionType">0</index></attributes><predicate type="collision"><attributes><text id="prototypeKey">id716845</text><text id="actorTag">Rocks</text><real id="mode">0</real></attributes></predicate></condition></conditions><behaviors><behavior id="id940516" class="DestroyAction" enabled="true"><attributes><text id="name">Destroy</text><text id="bundleName">Destroy.behavior</text></attributes></behavior></behaviors><elseBehaviors/></behavior></behaviors><aspects><graphics><attributes><boolean id="visible">true</boolean><enumeration id="blendingMode">0</enumeration><enumeration id="horizontalWrap">0</enumeration><enumeration id="verticalWrap">0</enumeration><enumeration id="horizontalAnchor">0</enumeration><enumeration id="verticalAnchor">0</enumeration><boolean id="flipHorizontally">false</boolean><boolean id="flipVertically">false</boolean><integer id="tileWidth">10</integer><integer id="tileHeight">10</integer></attributes></graphics><motion><attributes><point id="linearVelocity"><real id="x">0</real><real id="y">0</real></point><real id="angularVelocity">0</real><real id="maxSpeed">0</real><boolean id="applyMaxSpeed">false</boolean></attributes></motion><physics><attributes><real id="density">1</real><real id="friction">3</real><real id="restitution">1</real><boolean id="fixedRotation">false</boolean><boolean id="movable">true</boolean><enumeration id="collisionShape">0</enumeration><real id="drag">0</real><real id="angularDrag">0</real></attributes></physics></aspects></actor>
