<?xml version="1.0" encoding="UTF-8"?>
<actor PGFVersion="0.22" id="id876030" GSCVersion="0.13.14"><attributes><text id="name">Sky</text><real id="time">0</real><point id="position"><real id="x">0</real><real id="y">0</real></point><size id="size"><real id="width">320</real><real id="height">1600</real></size><angle id="rotation">0</angle><color id="color"><real id="red">0.13407783210278</real><real id="green">1</real><real id="blue">0.4156978726387</real><real id="alpha">1</real></color><image id="image">gradiant2</image><text id="tags"></text><boolean id="preloadArt">true</boolean></attributes><behaviors><behavior id="id381053" class="CompoundBehavior" enabled="true"><attributes><text id="name">Sky effect</text><text id="bundleName">Group.behavior</text></attributes><behaviors><behavior id="id572243" class="ChangeAttributeAction" enabled="false"><attributes><text id="name">Set Alpha to 1</text><text id="bundleName">ChangeAttribute.behavior</text><text id="targetAttribute">self.attributes.color.alpha</text><text id="RHS">1</text></attributes></behavior><behavior id="id290242" class="CompoundBehavior" enabled="true"><attributes><text id="name">New Color</text><text id="bundleName">Group.behavior</text></attributes><behaviors><behavior id="id935893" class="ChangeAttributeAction" enabled="true"><attributes><text id="name">Change Sky color</text><text id="bundleName">ChangeAttribute.behavior</text><text id="targetAttribute">self.attributes.color.red</text><text id="RHS"><expression><string xml:space="preserve">random(50,255)/255</string></expression></text></attributes></behavior><behavior id="id867972" class="ChangeAttributeAction" enabled="true"><attributes><text id="name">Change Sky color</text><text id="bundleName">ChangeAttribute.behavior</text><text id="targetAttribute">game.attributes.id341245</text><text id="RHS"><expression><reference keypath="self.attributes.color.red"/></expression></text></attributes></behavior><behavior id="id507861" class="ChangeAttributeAction" enabled="true"><attributes><text id="name">Change Attribute</text><text id="bundleName">ChangeAttribute.behavior</text><text id="targetAttribute">self.attributes.color.green</text><text id="RHS"><expression><string xml:space="preserve">random(50,255)/255</string></expression></text></attributes></behavior><behavior id="id620805" class="ChangeAttributeAction" enabled="true"><attributes><text id="name">Change Sky color</text><text id="bundleName">ChangeAttribute.behavior</text><text id="targetAttribute">game.attributes.id220432</text><text id="RHS"><expression><reference keypath="self.attributes.color.green"/></expression></text></attributes></behavior><behavior id="id781312" class="ChangeAttributeAction" enabled="true"><attributes><text id="name">Change Attribute</text><text id="bundleName">ChangeAttribute.behavior</text><text id="targetAttribute">self.attributes.color.blue</text><text id="RHS"><expression><string xml:space="preserve">random(50,255)/255</string></expression></text></attributes></behavior><behavior id="id213003" class="ChangeAttributeAction" enabled="true"><attributes><text id="name">Change Sky color</text><text id="bundleName">ChangeAttribute.behavior</text><text id="targetAttribute">game.attributes.id109646</text><text id="RHS"><expression><reference keypath="self.attributes.color.blue"/></expression></text></attributes></behavior></behaviors></behavior></behaviors></behavior></behaviors><aspects><graphics><attributes><boolean id="visible">true</boolean><enumeration id="blendingMode">0</enumeration><enumeration id="horizontalWrap">0</enumeration><enumeration id="verticalWrap">0</enumeration><enumeration id="horizontalAnchor">0</enumeration><enumeration id="verticalAnchor">0</enumeration><boolean id="flipHorizontally">false</boolean><boolean id="flipVertically">false</boolean><integer id="tileWidth">320</integer><integer id="tileHeight">1600</integer></attributes></graphics><motion><attributes><point id="linearVelocity"><real id="x">0</real><real id="y">0</real></point><real id="angularVelocity">0</real><real id="maxSpeed">0</real><boolean id="applyMaxSpeed">false</boolean></attributes></motion><physics><attributes><real id="density">1</real><real id="friction">3</real><real id="restitution">1</real><boolean id="fixedRotation">false</boolean><boolean id="movable">false</boolean><enumeration id="collisionShape">0</enumeration><real id="drag">0</real><real id="angularDrag">0</real></attributes></physics></aspects></actor>
