<?xml version="1.0" encoding="UTF-8"?>
<actor PGFVersion="0.22" id="id259550" GSCVersion="0.13.14"><attributes><text id="name">New Star Emmitor</text><real id="time">0</real><point id="position"><real id="x">0</real><real id="y">0</real></point><size id="size"><real id="width">10</real><real id="height">10</real></size><angle id="rotation">0</angle><color id="color"><real id="red">0</real><real id="green">1</real><real id="blue">0</real><real id="alpha">1</real></color><image id="image"></image><text id="tags"></text><boolean id="preloadArt">true</boolean></attributes><behaviors><behavior id="id771880" class="TimerBehavior" enabled="true"><attributes><text id="name">Timer</text><text id="bundleName">Timer.behavior</text><index id="timerType">0</index><real id="interval">0.5</real><boolean id="runToCompletion">true</boolean></attributes><behaviors><behavior id="id710309" class="ParticlesBehavior" enabled="true"><attributes><text id="name">Particles</text><text id="bundleName">Particles.behavior</text><index id="numParticles">5</index><real id="size">5</real><real id="lifetime">30</real><real id="startupTime">3</real><angle id="direction"><expression><string xml:space="preserve">270</string></expression></angle><real id="speed">77.6073</real><image id="image">Fireworks</image><angle id="rotation">0</angle><real id="angularVelocity">0</real><index id="directionRelativity">1</index><real id="emitterOffsetX"><expression><string xml:space="preserve">random(0,320)</string></expression></real><real id="emitterOffsetY">0</real><boolean id="colorChange">false</boolean><boolean id="sizeChange">false</boolean><real id="colorTransitionTime">1</real><real id="sizeTarget">5</real><real id="sizeTransitionTime">0</real><color id="color"><real id="red">1</real><real id="green">1</real><real id="blue">1</real><real id="alpha">1</real></color><color id="colorTarget"><real id="red">1</real><real id="green">1</real><real id="blue">1</real><real id="alpha">1</real></color><boolean id="affectedByGravity">false</boolean><enumeration id="blendingMode">0</enumeration></attributes></behavior></behaviors></behavior></behaviors><aspects><graphics><attributes><boolean id="visible">true</boolean><enumeration id="blendingMode">0</enumeration><enumeration id="horizontalWrap">0</enumeration><enumeration id="verticalWrap">0</enumeration><enumeration id="horizontalAnchor">0</enumeration><enumeration id="verticalAnchor">0</enumeration><boolean id="flipHorizontally">false</boolean><boolean id="flipVertically">false</boolean><integer id="tileWidth">10</integer><integer id="tileHeight">10</integer></attributes></graphics><motion><attributes><point id="linearVelocity"><real id="x">0</real><real id="y">0</real></point><real id="angularVelocity">0</real><real id="maxSpeed">0</real><boolean id="applyMaxSpeed">false</boolean></attributes></motion><physics><attributes><real id="density">1</real><real id="friction">3</real><real id="restitution">1</real><boolean id="fixedRotation">false</boolean><boolean id="movable">true</boolean><enumeration id="collisionShape">0</enumeration><real id="drag">0</real><real id="angularDrag">0</real></attributes></physics></aspects></actor>
