<?xml version="1.0" encoding="UTF-8"?>
<actor PGFVersion="0.22" id="id437681" GSCVersion="0.13.14"><attributes><text id="name">Lander8b_ipad_loading</text><real id="time">0</real><point id="position"><real id="x">0</real><real id="y">0</real></point><size id="size"><real id="width">320.089</real><real id="height">480.133</real></size><angle id="rotation">0</angle><color id="color"><real id="red">1</real><real id="green">1</real><real id="blue">1</real><real id="alpha">0</real></color><image id="image">DragonBlocks_ipad_loading</image><text id="tags"></text><boolean id="preloadArt">true</boolean></attributes><behaviors><behavior enabled="true" id="id595429" class="RuleBehavior"><attributes><text id="name">Rule</text><text id="bundleName">Rule.behavior</text><real id="compoundConditionKind">0</real></attributes><conditions><condition id="id353812" eventType="mouse position" pluginPredicateTypeIndex="0"><attributes><index id="conditionType">1</index><text id="subjectAttribute">game.attributes.id966919</text></attributes></condition></conditions><behaviors><behavior id="id727001" class="ChangeAttributeAction" enabled="true"><attributes><text id="name">Change Attribute</text><text id="bundleName">ChangeAttribute.behavior</text><text id="targetAttribute">self.attributes.color.alpha</text><text id="RHS">1</text></attributes></behavior></behaviors><elseBehaviors><behavior id="id264293" class="ChangeAttributeAction" enabled="true"><attributes><text id="name">Change Attribute</text><text id="bundleName">ChangeAttribute.behavior</text><text id="targetAttribute">self.attributes.color.alpha</text><text id="RHS">0</text></attributes></behavior></elseBehaviors></behavior><behavior id="id453811" class="LoadAttributeAction" enabled="true"><attributes><text id="name">Load Attribute</text><text id="bundleName">LoadAtribute.behavior</text><text id="targetAttribute"></text><text id="key"><expression><string xml:space="preserve">unlock</string></expression></text></attributes></behavior><behavior id="id315264" class="LoadAttributeAction" enabled="true"><attributes><text id="name">Load Attribute</text><text id="bundleName">LoadAtribute.behavior</text><text id="targetAttribute"></text><text id="key">coins</text></attributes></behavior><behavior id="id950283" class="LoadAttributeAction" enabled="true"><attributes><text id="name">Load Attribute</text><text id="bundleName">LoadAtribute.behavior</text><text id="targetAttribute"></text><text id="key">multiplier</text></attributes></behavior><behavior enabled="true" id="id606400" class="RuleBehavior"><attributes><text id="name">iPhone 5</text><text id="bundleName">Rule.behavior</text><real id="compoundConditionKind">0</real></attributes><conditions><condition id="id615239" pluginPredicateTypeIndex="0" eventType="mouse position"><attributes><index id="conditionType">1</index><text id="subjectAttribute">game.devices.screen.size.height</text></attributes><predicate type="number"><attributes><text id="operator">=</text><real id="RHS">568</real></attributes></predicate></condition></conditions><behaviors><behavior id="id937046" class="ChangeAttributeAction" enabled="true"><attributes><text id="name">Change Attribute</text><text id="bundleName">ChangeAttribute.behavior</text><text id="targetAttribute"></text><text id="RHS">370</text></attributes></behavior><behavior id="id714853" class="ChangeAttributeAction" enabled="true"><attributes><text id="name">Change Attribute</text><text id="bundleName">ChangeAttribute.behavior</text><text id="targetAttribute"></text><text id="RHS">480</text></attributes></behavior><behavior id="id743597" class="ChangeAttributeAction" enabled="true"><attributes><text id="name">Change Attribute</text><text id="bundleName">ChangeAttribute.behavior</text><text id="targetAttribute"></text><text id="RHS">-25</text></attributes></behavior></behaviors><elseBehaviors/></behavior><behavior enabled="true" id="id771404" class="RuleBehavior"><attributes><text id="name">iPad</text><text id="bundleName">Rule.behavior</text><real id="compoundConditionKind">0</real></attributes><conditions><condition id="id615239" pluginPredicateTypeIndex="0" eventType="mouse position"><attributes><index id="conditionType">1</index><text id="subjectAttribute">game.devices.screen.size.height</text></attributes><predicate type="number"><attributes><text id="operator">=</text><real id="RHS">1024</real></attributes></predicate></condition></conditions><behaviors><behavior id="id937046" class="ChangeAttributeAction" enabled="true"><attributes><text id="name">Change Attribute</text><text id="bundleName">ChangeAttribute.behavior</text><text id="targetAttribute"></text><text id="RHS">531</text></attributes></behavior><behavior id="id799172" class="ChangeAttributeAction" enabled="true"><attributes><text id="name">Change Attribute</text><text id="bundleName">ChangeAttribute.behavior</text><text id="targetAttribute"></text><text id="RHS">315</text></attributes></behavior><behavior id="id743597" class="ChangeAttributeAction" enabled="false"><attributes><text id="name">Change Attribute</text><text id="bundleName">ChangeAttribute.behavior</text><text id="targetAttribute"></text><text id="RHS">-34</text></attributes></behavior><behavior id="id607339" class="ChangeAttributeAction" enabled="true"><attributes><text id="name">Change Attribute</text><text id="bundleName">ChangeAttribute.behavior</text><text id="targetAttribute"></text><text id="RHS">-26</text></attributes></behavior></behaviors><elseBehaviors/></behavior></behaviors><aspects><graphics><attributes><boolean id="visible">true</boolean><enumeration id="blendingMode">0</enumeration><enumeration id="horizontalWrap">0</enumeration><enumeration id="verticalWrap">0</enumeration><enumeration id="horizontalAnchor">0</enumeration><enumeration id="verticalAnchor">0</enumeration><boolean id="flipHorizontally">false</boolean><boolean id="flipVertically">false</boolean><integer id="tileWidth">320</integer><integer id="tileHeight">480</integer></attributes></graphics><motion><attributes><point id="linearVelocity"><real id="x">0</real><real id="y">0</real></point><real id="angularVelocity">0</real><real id="maxSpeed">0</real><boolean id="applyMaxSpeed">false</boolean></attributes></motion><physics><attributes><real id="density">1</real><real id="friction">3</real><real id="restitution">1</real><boolean id="fixedRotation">false</boolean><boolean id="movable">true</boolean><enumeration id="collisionShape">0</enumeration><real id="drag">0</real><real id="angularDrag">0</real></attributes></physics></aspects></actor>
