<?xml version="1.0" encoding="UTF-8"?>
<actor PGFVersion="0.22" id="id732362" GSCVersion="0.13.14"><attributes><text id="name">New Star Maker</text><real id="time">0</real><point id="position"><real id="x">0</real><real id="y">0</real></point><size id="size"><real id="width">25</real><real id="height">25</real></size><angle id="rotation">0</angle><color id="color"><real id="red">0.50196081399918</real><real id="green">0</real><real id="blue">0</real><real id="alpha">1</real></color><image id="image"></image><text id="tags"></text><boolean id="preloadArt">true</boolean><integer name="rotation2" id="id397856">0</integer><boolean name="touch" id="id241844">false</boolean></attributes><behaviors><behavior id="id346821" class="TimerBehavior" enabled="true"><attributes><text id="name">Timer</text><text id="bundleName">Timer.behavior</text><index id="timerType">0</index><real id="interval">1</real><boolean id="runToCompletion">false</boolean></attributes><behaviors><behavior id="id828400" class="ParticlesBehavior" enabled="true"><attributes><text id="name">Particles</text><text id="bundleName">Particles.behavior</text><index id="numParticles"><expression><string xml:space="preserve">100</string></expression></index><real id="size"><expression><string xml:space="preserve">random(2,5)</string></expression></real><real id="lifetime"><expression><string xml:space="preserve">random(30,60)</string></expression></real><real id="startupTime"><expression><string xml:space="preserve">1</string></expression></real><angle id="direction"><expression><string xml:space="preserve">270</string></expression></angle><real id="speed"><expression><string xml:space="preserve">random(75,150)</string></expression></real><image id="image"></image><angle id="rotation">0</angle><real id="angularVelocity">0</real><index id="directionRelativity">1</index><real id="emitterOffsetX"><expression><string xml:space="preserve">random(-160,160)</string></expression></real><real id="emitterOffsetY"><expression><string xml:space="preserve">0</string></expression></real><boolean id="colorChange">true</boolean><boolean id="sizeChange">false</boolean><real id="colorTransitionTime"><expression><string xml:space="preserve">random(15,20)</string></expression></real><real id="sizeTarget">5</real><real id="sizeTransitionTime">0</real><color id="color"><real id="red">1</real><real id="green">1</real><real id="blue">1</real><real id="alpha">1</real></color><color id="colorTarget"><real id="red">1</real><real id="green">1</real><real id="blue">1</real><real id="alpha">0</real></color><boolean id="affectedByGravity">false</boolean><enumeration id="blendingMode">0</enumeration></attributes></behavior></behaviors></behavior><behavior id="id995510" class="MoveBehavior" enabled="false"><attributes><text id="name">Move</text><text id="bundleName">Move.behavior</text><angle id="direction">0</angle><index id="space">0</index><index id="moveType">0</index><real id="speed"><expression><string xml:space="preserve">300</string></expression></real><boolean id="haltWhenBehaviorStops">true</boolean></attributes></behavior><behavior id="id689626" class="ChangeAttributeAction" enabled="false"><attributes><text id="name">Change Attribute</text><text id="bundleName">ChangeAttribute.behavior</text><text id="targetAttribute">self.attributes.id397856</text><text id="RHS"><expression><reference keypath="self.attributes.rotation"/></expression></text></attributes></behavior><behavior enabled="true" id="id521799" class="RuleBehavior"><attributes><text id="name">Rule</text><text id="bundleName">Rule.behavior</text><real id="compoundConditionKind">0</real></attributes><conditions><condition id="id248891" pluginPredicateTypeIndex="0" eventType="mouse button"><attributes><index id="conditionType">0</index></attributes><predicate mouseState="down" type="mouse"><attributes/></predicate></condition><condition id="id344737" pluginPredicateTypeIndex="0" eventType="mouse position"><attributes><index id="conditionType">1</index><text id="subjectAttribute">self.attributes.id241844</text></attributes><predicate type="boolean"><attributes><index id="RHS">0</index></attributes></predicate></condition></conditions><behaviors><behavior id="id872621" class="ChangeAttributeAction" enabled="true"><attributes><text id="name">Change Attribute</text><text id="bundleName">ChangeAttribute.behavior</text><text id="targetAttribute">self.attributes.id241844</text><text id="RHS"><expression><string xml:space="preserve">true</string></expression></text></attributes></behavior><behavior id="id970887" class="InterpolateBehavior" enabled="true"><attributes><text id="name">Interpolate</text><text id="bundleName">Interpolate.behavior</text><boolean id="runToCompletion">true</boolean><text id="targetAttribute">self.attributes.rotation</text><real id="finalValue"><expression><reference keypath="self.attributes.id397856"/><string xml:space="preserve">+90</string></expression></real><real id="duration"><expression><string xml:space="preserve">0.1</string></expression></real><index id="easing">0</index></attributes></behavior><behavior id="id380231" class="TimerBehavior" enabled="true"><attributes><text id="name">Timer</text><text id="bundleName">Timer.behavior</text><index id="timerType">1</index><real id="interval"><expression><string xml:space="preserve">0.12</string></expression></real><boolean id="runToCompletion">true</boolean></attributes><behaviors><behavior id="id589342" class="ChangeAttributeAction" enabled="true"><attributes><text id="name">Change Attribute</text><text id="bundleName">ChangeAttribute.behavior</text><text id="targetAttribute">self.attributes.id397856</text><text id="RHS"><expression><reference keypath="self.attributes.rotation"/></expression></text></attributes></behavior><behavior id="id403379" class="ChangeAttributeAction" enabled="true"><attributes><text id="name">Change Attribute</text><text id="bundleName">ChangeAttribute.behavior</text><text id="targetAttribute">self.attributes.id241844</text><text id="RHS"><expression><string xml:space="preserve">false</string></expression></text></attributes></behavior></behaviors></behavior></behaviors><elseBehaviors/></behavior><behavior id="id420312" class="DisplayTextBehavior" enabled="true"><attributes><text id="name">Display Text</text><text id="bundleName">DisplayText.behavior</text><text id="text"><expression><reference keypath="self.attributes.id397856"/></expression></text><text id="font">Arial</text><real id="size">30</real><index id="alignment">1</index><boolean id="wrap">false</boolean><color id="color"><real id="red">1</real><real id="green">1</real><real id="blue">1</real><real id="alpha">1</real></color><real id="offsetx">0</real><real id="offsety">0</real><index id="space">0</index><index id="directionSpace">0</index><angle id="direction">0</angle></attributes></behavior></behaviors><aspects><graphics><attributes><boolean id="visible">true</boolean><enumeration id="blendingMode">0</enumeration><enumeration id="horizontalWrap">0</enumeration><enumeration id="verticalWrap">0</enumeration><enumeration id="horizontalAnchor">0</enumeration><enumeration id="verticalAnchor">0</enumeration><boolean id="flipHorizontally">false</boolean><boolean id="flipVertically">false</boolean><integer id="tileWidth">25</integer><integer id="tileHeight">25</integer></attributes></graphics><motion><attributes><point id="linearVelocity"><real id="x">0</real><real id="y">0</real></point><real id="angularVelocity">0</real><real id="maxSpeed">0</real><boolean id="applyMaxSpeed">false</boolean></attributes></motion><physics><attributes><real id="density">1</real><real id="friction">3</real><real id="restitution">1</real><boolean id="fixedRotation">false</boolean><boolean id="movable">false</boolean><enumeration id="collisionShape">0</enumeration><real id="drag">0</real><real id="angularDrag">0</real></attributes></physics></aspects></actor>
