<?xml version="1.0" encoding="UTF-8"?>
<actor PGFVersion="0.22" id="id375003" GSCVersion="0.13.14"><attributes><text id="name">City_Layer1</text><real id="time">0</real><point id="position"><real id="x">0</real><real id="y">0</real></point><size id="size"><real id="width">1076</real><real id="height">187</real></size><angle id="rotation">0</angle><color id="color"><real id="red">1</real><real id="green">1</real><real id="blue">1</real><real id="alpha">1</real></color><image id="image">City1_Layer1</image><text id="tags"></text><boolean id="preloadArt">true</boolean><real name="CityImage" id="id310845">0</real></attributes><behaviors><behavior id="id102432" class="CompoundBehavior" enabled="true"><attributes><text id="name">Building Color effect</text><text id="bundleName">Group.behavior</text></attributes><behaviors><behavior id="id583737" class="ChangeAttributeAction" enabled="true"><attributes><text id="name">Change Sky color</text><text id="bundleName">ChangeAttribute.behavior</text><text id="targetAttribute">self.attributes.color.red</text><text id="RHS"><expression><reference keypath="game.attributes.id341245"/></expression></text></attributes></behavior><behavior id="id592850" class="ChangeAttributeAction" enabled="true"><attributes><text id="name">Change Attribute</text><text id="bundleName">ChangeAttribute.behavior</text><text id="targetAttribute">self.attributes.color.green</text><text id="RHS"><expression><reference keypath="game.attributes.id220432"/></expression></text></attributes></behavior><behavior id="id457462" class="ChangeAttributeAction" enabled="true"><attributes><text id="name">Change Attribute</text><text id="bundleName">ChangeAttribute.behavior</text><text id="targetAttribute">self.attributes.color.blue</text><text id="RHS"><expression><reference keypath="game.attributes.id109646"/></expression></text></attributes></behavior></behaviors></behavior><behavior enabled="true" id="id392460" class="RuleBehavior"><attributes><text id="name">City 1</text><text id="bundleName">Rule.behavior</text><real id="compoundConditionKind">0</real></attributes><conditions><condition id="id382353" pluginPredicateTypeIndex="0" eventType="mouse position"><attributes><index id="conditionType">1</index><text id="subjectAttribute">game.attributes.id674643</text></attributes><predicate type="number"><attributes><text id="operator">=</text><real id="RHS">1</real></attributes></predicate></condition></conditions><behaviors><behavior id="id830372" class="CompoundBehavior" enabled="true"><attributes><text id="name">Group</text><text id="bundleName">Group.behavior</text></attributes><behaviors><behavior id="id275801" class="SpawnAction" enabled="true"><attributes><text id="name">Street lights</text><text id="bundleName">Spawn.behavior</text><text id="prototypeKey">id242152</text><angle id="direction">0</angle><index id="directionSpace">0</index><real id="x">50</real><real id="y">90</real><index id="positionSpace">1</index><index id="layerOrder">0</index></attributes></behavior><behavior id="id102324" class="SpawnAction" enabled="true"><attributes><text id="name">Antenna 1</text><text id="bundleName">Spawn.behavior</text><text id="prototypeKey">id586073</text><angle id="direction">0</angle><index id="directionSpace">0</index><real id="x"><expression><string xml:space="preserve">random(50,300)</string></expression></real><real id="y">0</real><index id="positionSpace">1</index><index id="layerOrder">1</index></attributes></behavior><behavior id="id470174" class="SpawnAction" enabled="true"><attributes><text id="name">Antenna 2</text><text id="bundleName">Spawn.behavior</text><text id="prototypeKey">id586073</text><angle id="direction">0</angle><index id="directionSpace">0</index><real id="x"><expression><string xml:space="preserve">random(50,300)</string></expression></real><real id="y">0</real><index id="positionSpace">1</index><index id="layerOrder">1</index></attributes></behavior><behavior id="id759365" class="SpawnAction" enabled="true"><attributes><text id="name">Cafe Sign</text><text id="bundleName">Spawn.behavior</text><text id="prototypeKey">id805530</text><angle id="direction">0</angle><index id="directionSpace">0</index><real id="x"><expression><string xml:space="preserve">random(50,160)</string></expression></real><real id="y">40</real><index id="positionSpace">0</index><index id="layerOrder">1</index></attributes></behavior><behavior id="id166684" class="SpawnAction" enabled="false"><attributes><text id="name">Cafe Sign</text><text id="bundleName">Spawn.behavior</text><text id="prototypeKey">id443071</text><angle id="direction">0</angle><index id="directionSpace">0</index><real id="x"><expression><string xml:space="preserve">300</string></expression></real><real id="y">40</real><index id="positionSpace">0</index><index id="layerOrder">1</index></attributes></behavior></behaviors></behavior><behavior id="id523223" class="ChangeImageAction" enabled="true"><attributes><text id="name">Change Image</text><text id="bundleName">ChangeImage.behavior</text><image id="image">City1_Layer1</image></attributes></behavior></behaviors><elseBehaviors/></behavior><behavior enabled="true" id="id289643" class="RuleBehavior"><attributes><text id="name">City 2</text><text id="bundleName">Rule.behavior</text><real id="compoundConditionKind">0</real></attributes><conditions><condition id="id808736" pluginPredicateTypeIndex="0" eventType="mouse position"><attributes><index id="conditionType">1</index><text id="subjectAttribute">game.attributes.id674643</text></attributes><predicate type="number"><attributes><text id="operator">=</text><real id="RHS"><expression><string xml:space="preserve">2</string></expression></real></attributes></predicate></condition></conditions><behaviors><behavior id="id297198" class="CompoundBehavior" enabled="true"><attributes><text id="name">Group</text><text id="bundleName">Group.behavior</text></attributes><behaviors><behavior id="id275801" class="SpawnAction" enabled="true"><attributes><text id="name">Street lights</text><text id="bundleName">Spawn.behavior</text><text id="prototypeKey">id586073</text><angle id="direction">0</angle><index id="directionSpace">0</index><real id="x">50</real><real id="y">90</real><index id="positionSpace">1</index><index id="layerOrder">0</index></attributes></behavior><behavior id="id102324" class="SpawnAction" enabled="true"><attributes><text id="name">Antenna 1</text><text id="bundleName">Spawn.behavior</text><text id="prototypeKey">id586073</text><angle id="direction">0</angle><index id="directionSpace">0</index><real id="x"><expression><string xml:space="preserve">random(50,300)</string></expression></real><real id="y">90</real><index id="positionSpace">1</index><index id="layerOrder">0</index></attributes></behavior><behavior id="id470174" class="SpawnAction" enabled="true"><attributes><text id="name">Antenna 2</text><text id="bundleName">Spawn.behavior</text><text id="prototypeKey">id586073</text><angle id="direction">0</angle><index id="directionSpace">0</index><real id="x"><expression><string xml:space="preserve">random(50,300)</string></expression></real><real id="y">90</real><index id="positionSpace">1</index><index id="layerOrder">0</index></attributes></behavior></behaviors></behavior><behavior id="id523223" class="ChangeImageAction" enabled="true"><attributes><text id="name">Change Image</text><text id="bundleName">ChangeImage.behavior</text><image id="image">City2_Layer1</image></attributes></behavior></behaviors><elseBehaviors/></behavior><behavior enabled="true" id="id540431" class="RuleBehavior"><attributes><text id="name">City 3</text><text id="bundleName">Rule.behavior</text><real id="compoundConditionKind">0</real></attributes><conditions><condition id="id328799" pluginPredicateTypeIndex="0" eventType="mouse position"><attributes><index id="conditionType">1</index><text id="subjectAttribute">game.attributes.id674643</text></attributes><predicate type="number"><attributes><text id="operator">=</text><real id="RHS"><expression><string xml:space="preserve">3</string></expression></real></attributes></predicate></condition></conditions><behaviors><behavior id="id523223" class="ChangeImageAction" enabled="true"><attributes><text id="name">Change Image</text><text id="bundleName">ChangeImage.behavior</text><image id="image">City3_Layer1</image></attributes></behavior></behaviors><elseBehaviors/></behavior></behaviors><aspects><graphics><attributes><boolean id="visible">true</boolean><enumeration id="blendingMode">0</enumeration><enumeration id="horizontalWrap">0</enumeration><enumeration id="verticalWrap">0</enumeration><enumeration id="horizontalAnchor">0</enumeration><enumeration id="verticalAnchor">0</enumeration><boolean id="flipHorizontally">false</boolean><boolean id="flipVertically">false</boolean><integer id="tileWidth">1076</integer><integer id="tileHeight">187</integer></attributes></graphics><motion><attributes><point id="linearVelocity"><real id="x">0</real><real id="y">0</real></point><real id="angularVelocity">0</real><real id="maxSpeed">0</real><boolean id="applyMaxSpeed">false</boolean></attributes></motion><physics><attributes><real id="density">1</real><real id="friction">3</real><real id="restitution">1</real><boolean id="fixedRotation">false</boolean><boolean id="movable">true</boolean><enumeration id="collisionShape">0</enumeration><real id="drag">0</real><real id="angularDrag">0</real></attributes></physics></aspects></actor>
