<?xml version="1.0" encoding="UTF-8"?>
<actor PGFVersion="0.22" id="id326019" GSCVersion="0.13.14"><attributes><text id="name">FrostBit-Logo</text><real id="time">0</real><point id="position"><real id="x">0</real><real id="y">0</real></point><size id="size"><real id="width">1536</real><real id="height">2048</real></size><angle id="rotation">0</angle><color id="color"><real id="red">1</real><real id="green">1</real><real id="blue">1</real><real id="alpha">1</real></color><image id="image">HD-Logo</image><text id="tags"></text><boolean id="preloadArt">true</boolean></attributes><behaviors><behavior id="id131243" class="GameCenterLoginAction" enabled="false"><attributes><text id="name">Game Center - Login</text><text id="bundleName">GameCenterLogin.behavior</text></attributes></behavior><behavior enabled="true" id="id514964" class="RuleBehavior"><attributes><text id="name">Rule</text><text id="bundleName">Rule.behavior</text><real id="compoundConditionKind">0</real></attributes><conditions><condition id="id667099" pluginPredicateTypeIndex="0" eventType="touch"><attributes><index id="conditionType">0</index></attributes><predicate type="touch" conditionType="pressed"><attributes/></predicate></condition></conditions><behaviors><behavior id="id866154" class="ChangeSceneAction" enabled="true"><attributes><text id="name">Change Scene</text><text id="bundleName">ChangeScene.behavior</text><text id="sceneKey">id453577</text><boolean id="enableAdvertisement">false</boolean><index id="index">1</index></attributes></behavior></behaviors><elseBehaviors/></behavior><behavior id="id312751" class="TimerBehavior" enabled="true"><attributes><text id="name">Timer</text><text id="bundleName">Timer.behavior</text><index id="timerType">1</index><real id="interval">5</real><boolean id="runToCompletion">true</boolean></attributes><behaviors><behavior id="id989293" class="ChangeSceneAction" enabled="true"><attributes><text id="name">Change Scene</text><text id="bundleName">ChangeScene.behavior</text><text id="sceneKey">id453577</text><boolean id="enableAdvertisement">false</boolean><index id="index">1</index></attributes></behavior></behaviors></behavior><behavior id="id651204" class="SpawnAction" enabled="true"><attributes><text id="name">Spawn Actor</text><text id="bundleName">Spawn.behavior</text><text id="prototypeKey">id253135</text><angle id="direction">0</angle><index id="directionSpace">0</index><real id="x">160</real><real id="y">50</real><index id="positionSpace">1</index><index id="layerOrder">0</index></attributes></behavior><behavior id="id121027" class="LoadAttributeAction" enabled="true"><attributes><text id="name">Load Attribute</text><text id="bundleName">LoadAtribute.behavior</text><text id="targetAttribute">game.attributes.id584946</text><text id="key">CB</text></attributes></behavior></behaviors><aspects><graphics><attributes><boolean id="visible">true</boolean><enumeration id="blendingMode">0</enumeration><enumeration id="horizontalWrap">0</enumeration><enumeration id="verticalWrap">0</enumeration><enumeration id="horizontalAnchor">0</enumeration><enumeration id="verticalAnchor">0</enumeration><boolean id="flipHorizontally">false</boolean><boolean id="flipVertically">false</boolean><integer id="tileWidth">1536</integer><integer id="tileHeight">2048</integer></attributes></graphics><motion><attributes><point id="linearVelocity"><real id="x">0</real><real id="y">0</real></point><real id="angularVelocity">0</real><real id="maxSpeed">0</real><boolean id="applyMaxSpeed">false</boolean></attributes></motion><physics><attributes><real id="density">1</real><real id="friction">3</real><real id="restitution">1</real><boolean id="fixedRotation">false</boolean><boolean id="movable">true</boolean><enumeration id="collisionShape">0</enumeration><real id="drag">0</real><real id="angularDrag">0</real></attributes></physics></aspects></actor>
