<?xml version="1.0" encoding="UTF-8"?>
<actor PGFVersion="0.22" id="id451769" GSCVersion="0.13.14"><attributes><text id="name">coin</text><real id="time">0</real><point id="position"><real id="x">0</real><real id="y">0</real></point><size id="size"><real id="width">32</real><real id="height">32</real></size><angle id="rotation">0</angle><color id="color"><real id="red">1</real><real id="green">1</real><real id="blue">1</real><real id="alpha">0</real></color><image id="image"></image><text id="tags"></text><boolean id="preloadArt">true</boolean><real name="CoinsSpawn" id="id324596">0</real></attributes><behaviors><behavior id="id321165" class="ChangeAttributeAction" enabled="false"><attributes><text id="name">Rest CoinSpawn to 0</text><text id="bundleName">ChangeAttribute.behavior</text><text id="targetAttribute">self.attributes.id324596</text><text id="RHS">0</text></attributes></behavior><behavior id="id316229" class="SpawnAction" enabled="false"><attributes><text id="name">Display Coin Reward</text><text id="bundleName">Spawn.behavior</text><text id="prototypeKey">id306193</text><angle id="direction">0</angle><index id="directionSpace">0</index><real id="x">180</real><real id="y">100</real><index id="positionSpace">1</index><index id="layerOrder">0</index></attributes></behavior><behavior enabled="true" id="id923736" class="RuleBehavior"><attributes><text id="name">Drop Coins</text><text id="bundleName">Rule.behavior</text><real id="compoundConditionKind">0</real></attributes><conditions><condition id="id651309" pluginPredicateTypeIndex="0" eventType="mouse position"><attributes><index id="conditionType">1</index><text id="subjectAttribute">self.attributes.id324596</text></attributes><predicate type="number"><attributes><text id="operator">&lt;=</text><real id="RHS"><expression><reference keypath="game.attributes.id562385"/></expression></real></attributes></predicate></condition></conditions><behaviors><behavior id="id332975" class="TimerBehavior" enabled="true"><attributes><text id="name">Timer</text><text id="bundleName">Timer.behavior</text><index id="timerType">0</index><real id="interval">0.15</real><boolean id="runToCompletion">false</boolean></attributes><behaviors><behavior id="id620395" class="SpawnAction" enabled="true"><attributes><text id="name">Scatter Coins</text><text id="bundleName">Spawn.behavior</text><text id="prototypeKey">id819089</text><angle id="direction"><expression><string xml:space="preserve">0</string></expression></angle><index id="directionSpace">0</index><real id="x"><expression><string xml:space="preserve">160</string></expression></real><real id="y">450</real><index id="positionSpace">1</index><index id="layerOrder">1</index></attributes></behavior><behavior id="id519166" class="ChangeAttributeAction" enabled="true"><attributes><text id="name">Change Attribute</text><text id="bundleName">ChangeAttribute.behavior</text><text id="targetAttribute">self.attributes.id324596</text><text id="RHS"><expression><reference keypath="self.attributes.id324596"/><string xml:space="preserve">+1</string></expression></text></attributes></behavior></behaviors></behavior></behaviors><elseBehaviors/></behavior><behavior enabled="true" id="id683876" class="RuleBehavior"><attributes><text id="name">Spawn Fuel or Safe Landing Menu</text><text id="bundleName">Rule.behavior</text><real id="compoundConditionKind">0</real></attributes><conditions><condition id="id669574" pluginPredicateTypeIndex="0" eventType="mouse position"><attributes><index id="conditionType">1</index><text id="subjectAttribute">self.attributes.id324596</text></attributes><predicate type="number"><attributes><text id="operator">&gt;=</text><real id="RHS"><expression><reference keypath="game.attributes.id562385"/></expression></real></attributes></predicate></condition></conditions><behaviors><behavior enabled="true" id="id750437" class="RuleBehavior"><attributes><text id="name">Rule</text><text id="bundleName">Rule.behavior</text><real id="compoundConditionKind">0</real></attributes><conditions><condition id="id256884" pluginPredicateTypeIndex="0" eventType="mouse position"><attributes><index id="conditionType">1</index><text id="subjectAttribute">game.attributes.id461361</text></attributes><predicate type="number"><attributes><text id="operator">&lt;=</text><real id="RHS"><expression><string xml:space="preserve">150</string></expression></real></attributes></predicate></condition></conditions><behaviors><behavior id="id476304" class="TimerBehavior" enabled="true"><attributes><text id="name">Timer</text><text id="bundleName">Timer.behavior</text><index id="timerType">1</index><real id="interval">1.5</real><boolean id="runToCompletion">false</boolean></attributes><behaviors><behavior id="id648755" class="SpawnAction" enabled="true"><attributes><text id="name">Safe Landing Button</text><text id="bundleName">Spawn.behavior</text><text id="prototypeKey">id237439</text><angle id="direction">0</angle><index id="directionSpace">1</index><real id="x">160</real><real id="y">265</real><index id="positionSpace">1</index><index id="layerOrder">0</index></attributes></behavior></behaviors></behavior></behaviors><elseBehaviors><behavior enabled="true" id="id281232" class="RuleBehavior"><attributes><text id="name">Rule</text><text id="bundleName">Rule.behavior</text><real id="compoundConditionKind">0</real></attributes><conditions><condition id="id561384" pluginPredicateTypeIndex="0" eventType="mouse position"><attributes><index id="conditionType">1</index><text id="subjectAttribute">game.attributes.id556827</text></attributes><predicate type="boolean"><attributes><index id="RHS">0</index></attributes></predicate></condition></conditions><behaviors><behavior id="id600605" class="TimerBehavior" enabled="true"><attributes><text id="name">Timer</text><text id="bundleName">Timer.behavior</text><index id="timerType">1</index><real id="interval">1.5</real><boolean id="runToCompletion">false</boolean></attributes><behaviors><behavior id="id326725" class="SpawnAction" enabled="true"><attributes><text id="name">Safe Landing Button</text><text id="bundleName">Spawn.behavior</text><text id="prototypeKey">id868425</text><angle id="direction">0</angle><index id="directionSpace">1</index><real id="x">160</real><real id="y">265</real><index id="positionSpace">1</index><index id="layerOrder">0</index></attributes></behavior></behaviors></behavior></behaviors><elseBehaviors/></behavior></elseBehaviors></behavior></behaviors><elseBehaviors/></behavior></behaviors><aspects><graphics><attributes><boolean id="visible">true</boolean><enumeration id="blendingMode">0</enumeration><enumeration id="horizontalWrap">0</enumeration><enumeration id="verticalWrap">0</enumeration><enumeration id="horizontalAnchor">0</enumeration><enumeration id="verticalAnchor">0</enumeration><boolean id="flipHorizontally">false</boolean><boolean id="flipVertically">false</boolean><integer id="tileWidth">32</integer><integer id="tileHeight">32</integer></attributes></graphics><motion><attributes><point id="linearVelocity"><real id="x">0</real><real id="y">0</real></point><real id="angularVelocity">0</real><real id="maxSpeed">0</real><boolean id="applyMaxSpeed">false</boolean></attributes></motion><physics><attributes><real id="density">1</real><real id="friction">3</real><real id="restitution">1</real><boolean id="fixedRotation">false</boolean><boolean id="movable">true</boolean><enumeration id="collisionShape">0</enumeration><real id="drag">0</real><real id="angularDrag">0</real></attributes></physics></aspects></actor>
