<?xml version="1.0" encoding="UTF-8"?>
<actor PGFVersion="0.22" id="id775067" GSCVersion="0.13.14"><attributes><text id="name">coinPickup</text><real id="time">0</real><point id="position"><real id="x">0</real><real id="y">0</real></point><size id="size"><real id="width">35</real><real id="height">30</real></size><angle id="rotation">0</angle><color id="color"><real id="red">1</real><real id="green">1</real><real id="blue">1</real><real id="alpha">1</real></color><image id="image">UI_Coin3</image><text id="tags"></text><boolean id="preloadArt">true</boolean></attributes><behaviors><behavior id="id156969" class="MoveToBehavior" enabled="true"><attributes><text id="name">Move To</text><text id="bundleName">MoveTo.behavior</text><boolean id="runToCompletion">false</boolean><point id="position"><real id="x"><expression><string xml:space="preserve">160</string></expression></real><real id="y">0</real></point><index id="space">1</index><real id="speed"><expression><reference keypath="game.attributes.id778643"/><string xml:space="preserve">-150</string></expression></real></attributes></behavior><behavior id="id444740" class="RotateBehavior" enabled="true"><attributes><text id="name">Rotate</text><text id="bundleName">Rotate.behavior</text><real id="angularVelocity">180</real><index id="direction">0</index><boolean id="haltWhenBehaviorStops">true</boolean></attributes></behavior><behavior id="id374582" class="TimerBehavior" enabled="true"><attributes><text id="name">Delay before destroying</text><text id="bundleName">Timer.behavior</text><index id="timerType">1</index><real id="interval">1</real><boolean id="runToCompletion">false</boolean></attributes><behaviors><behavior id="id245830" class="DestroyAction" enabled="true"><attributes><text id="name">Destroy</text><text id="bundleName">Destroy.behavior</text></attributes></behavior></behaviors></behavior><behavior id="id932164" class="ChangeAttributeAction" enabled="true"><attributes><text id="name">Random Award</text><text id="bundleName">ChangeAttribute.behavior</text><text id="targetAttribute">game.attributes.id562385</text><text id="RHS"><expression><string xml:space="preserve">random(5,10)</string></expression></text></attributes></behavior><behavior id="id490251" class="ChangeAttributeAction" enabled="true"><attributes><text id="name">Ad reward to CoinBank</text><text id="bundleName">ChangeAttribute.behavior</text><text id="targetAttribute">game.attributes.id584946</text><text id="RHS"><expression><reference keypath="game.attributes.id584946"/><string xml:space="preserve">+</string><reference keypath="game.attributes.id562385"/></expression></text></attributes></behavior><behavior id="id280966" class="DisplayTextBehavior" enabled="true"><attributes><text id="name">Display Coin Reward amount</text><text id="bundleName">DisplayText.behavior</text><text id="text"><expression><reference keypath="game.attributes.id562385"/></expression></text><text id="font">American Typewriter</text><real id="size">30</real><index id="alignment">1</index><boolean id="wrap">false</boolean><color id="color"><real id="red">1</real><real id="green">1</real><real id="blue">1</real><real id="alpha">1</real></color><real id="offsetx">0</real><real id="offsety">0</real><index id="space">0</index><index id="directionSpace">1</index><angle id="direction">0</angle></attributes></behavior><behavior enabled="true" id="id870532" class="RuleBehavior"><attributes><text id="name">Coin Blink</text><text id="bundleName">Rule.behavior</text><real id="compoundConditionKind">0</real></attributes><conditions><condition id="id707239" pluginPredicateTypeIndex="0" eventType="mouse position"><attributes><index id="conditionType">1</index><text id="subjectAttribute">self.attributes.color.alpha</text></attributes><predicate type="number"><attributes><text id="operator">=</text><real id="RHS">1</real></attributes></predicate></condition></conditions><behaviors><behavior id="id650265" class="InterpolateBehavior" enabled="true"><attributes><text id="name">Interpolate</text><text id="bundleName">Interpolate.behavior</text><boolean id="runToCompletion">true</boolean><text id="targetAttribute">self.attributes.color.alpha</text><real id="finalValue">0</real><real id="duration">1</real><index id="easing">0</index></attributes></behavior></behaviors><elseBehaviors><behavior id="id642890" class="InterpolateBehavior" enabled="true"><attributes><text id="name">Interpolate</text><text id="bundleName">Interpolate.behavior</text><boolean id="runToCompletion">true</boolean><text id="targetAttribute">self.attributes.color.alpha</text><real id="finalValue">1</real><real id="duration">1</real><index id="easing">0</index></attributes></behavior></elseBehaviors></behavior></behaviors><aspects><graphics><attributes><boolean id="visible">true</boolean><enumeration id="blendingMode">0</enumeration><enumeration id="horizontalWrap">0</enumeration><enumeration id="verticalWrap">0</enumeration><enumeration id="horizontalAnchor">0</enumeration><enumeration id="verticalAnchor">0</enumeration><boolean id="flipHorizontally">false</boolean><boolean id="flipVertically">false</boolean><integer id="tileWidth">35</integer><integer id="tileHeight">30</integer></attributes></graphics><motion><attributes><point id="linearVelocity"><real id="x">0</real><real id="y">0</real></point><real id="angularVelocity">0</real><real id="maxSpeed">0</real><boolean id="applyMaxSpeed">false</boolean></attributes></motion><physics><attributes><real id="density">1</real><real id="friction">3</real><real id="restitution">1</real><boolean id="fixedRotation">false</boolean><boolean id="movable">true</boolean><enumeration id="collisionShape">0</enumeration><real id="drag">0</real><real id="angularDrag">0</real></attributes></physics></aspects></actor>
