<?xml version="1.0" encoding="UTF-8"?>
<actor PGFVersion="0.22" id="id868425" GSCVersion="0.13.14"><attributes><text id="name">Safe</text><real id="time">0</real><point id="position"><real id="x">0</real><real id="y">0</real></point><size id="size"><real id="width">272</real><real id="height">277</real></size><angle id="rotation">0</angle><color id="color"><real id="red">1</real><real id="green">1</real><real id="blue">1</real><real id="alpha">1</real></color><image id="image">UI_Results.png2</image><text id="tags">UI</text><boolean id="preloadArt">true</boolean><real name="CoinScatter" id="id270310">0</real></attributes><behaviors><behavior id="id392434" class="CompoundBehavior" enabled="true"><attributes><text id="name">Safe Group</text><text id="bundleName">Group.behavior</text></attributes><behaviors><behavior id="id151232" class="SpawnAction" enabled="true"><attributes><text id="name">Sucessful Landing</text><text id="bundleName">Spawn.behavior</text><text id="prototypeKey">id239381</text><angle id="direction">0</angle><index id="directionSpace">0</index><real id="x"><expression><string xml:space="preserve">0</string></expression></real><real id="y">113</real><index id="positionSpace">0</index><index id="layerOrder">0</index></attributes></behavior><behavior id="id767884" class="SpawnAction" enabled="true"><attributes><text id="name">Spawn Score</text><text id="bundleName">Spawn.behavior</text><text id="prototypeKey">id352487</text><angle id="direction">0</angle><index id="directionSpace">0</index><real id="x">-36</real><real id="y">45</real><index id="positionSpace">0</index><index id="layerOrder">0</index></attributes></behavior><behavior id="id434510" class="SpawnAction" enabled="true"><attributes><text id="name">Spawn High Score</text><text id="bundleName">Spawn.behavior</text><text id="prototypeKey">id140204</text><angle id="direction">0</angle><index id="directionSpace">0</index><real id="x">110</real><real id="y">45</real><index id="positionSpace">0</index><index id="layerOrder">0</index></attributes></behavior><behavior id="id813960" class="SpawnAction" enabled="true"><attributes><text id="name">ReRplay Button</text><text id="bundleName">Spawn.behavior</text><text id="prototypeKey">id503845</text><angle id="direction">0</angle><index id="directionSpace">1</index><real id="x">0</real><real id="y">-110</real><index id="positionSpace">0</index><index id="layerOrder">0</index></attributes></behavior><behavior id="id828063" class="SpawnAction" enabled="true"><attributes><text id="name">TweetBtn</text><text id="bundleName">Spawn.behavior</text><text id="prototypeKey">id722225</text><angle id="direction">0</angle><index id="directionSpace">1</index><real id="x">75</real><real id="y">-110</real><index id="positionSpace">0</index><index id="layerOrder">0</index></attributes></behavior><behavior id="id270013" class="SpawnAction" enabled="true"><attributes><text id="name">Home Button</text><text id="bundleName">Spawn.behavior</text><text id="prototypeKey">id395067</text><angle id="direction">0</angle><index id="directionSpace">1</index><real id="x">-75</real><real id="y">-110</real><index id="positionSpace">0</index><index id="layerOrder">0</index></attributes></behavior><behavior id="id371775" class="SpawnAction" enabled="true"><attributes><text id="name">Coin Bank #</text><text id="bundleName">Spawn.behavior</text><text id="prototypeKey">id317416</text><angle id="direction">0</angle><index id="directionSpace">0</index><real id="x">-36</real><real id="y">-10</real><index id="positionSpace">0</index><index id="layerOrder">0</index></attributes></behavior><behavior id="id913716" class="SpawnAction" enabled="true"><attributes><text id="name">Prize Button</text><text id="bundleName">Spawn.behavior</text><text id="prototypeKey">id333344</text><angle id="direction">0</angle><index id="directionSpace">0</index><real id="x">65</real><real id="y">-10</real><index id="positionSpace">0</index><index id="layerOrder">0</index></attributes></behavior><behavior id="id725835" class="SpawnAction" enabled="true"><attributes><text id="name">Mini Fuel bar</text><text id="bundleName">Spawn.behavior</text><text id="prototypeKey">id526047</text><angle id="direction">0</angle><index id="directionSpace">0</index><real id="x">0</real><real id="y">-64</real><index id="positionSpace">0</index><index id="layerOrder">0</index></attributes></behavior></behaviors></behavior></behaviors><aspects><graphics><attributes><boolean id="visible">true</boolean><enumeration id="blendingMode">0</enumeration><enumeration id="horizontalWrap">0</enumeration><enumeration id="verticalWrap">0</enumeration><enumeration id="horizontalAnchor">0</enumeration><enumeration id="verticalAnchor">0</enumeration><boolean id="flipHorizontally">false</boolean><boolean id="flipVertically">false</boolean><integer id="tileWidth">272</integer><integer id="tileHeight">277</integer></attributes></graphics><motion><attributes><point id="linearVelocity"><real id="x">0</real><real id="y">0</real></point><real id="angularVelocity">0</real><real id="maxSpeed">0</real><boolean id="applyMaxSpeed">false</boolean></attributes></motion><physics><attributes><real id="density">1</real><real id="friction">3</real><real id="restitution">1</real><boolean id="fixedRotation">false</boolean><boolean id="movable">false</boolean><enumeration id="collisionShape">0</enumeration><real id="drag">0</real><real id="angularDrag">0</real></attributes></physics></aspects></actor>
