<?xml version="1.0" encoding="UTF-8"?>
<actor PGFVersion="0.22" id="id458632" GSCVersion="0.13.14"><attributes><text id="name">smokePillar</text><real id="time">0</real><point id="position"><real id="x">0</real><real id="y">0</real></point><size id="size"><real id="width">30</real><real id="height">30</real></size><angle id="rotation">0</angle><color id="color"><real id="red">0.381081</real><real id="green">0.385126</real><real id="blue">1</real><real id="alpha">0.47</real></color><image id="image"></image><text id="tags"></text><boolean id="preloadArt">true</boolean><real name="emitAngle" id="id360733">90</real><real name="emitSpeed" id="id102087">55</real><real name="emitInitialRotation" id="id132392">90</real><real name="emitStartUpTime" id="id105304">0.4</real><real name="emitParticleLifetime" id="id993628">5</real><integer name="numberOfParticles" id="id443232">24</integer><integer name="emitOffsetXMin" id="id777587">-5</integer><integer name="emitOffsetXMax" id="id734657">5</integer><integer name="emitOffsetYMin" id="id257744">0</integer><integer name="emitOffsetYMax" id="id366571">0</integer><integer name="emitSizeStartPixels" id="id529096">34</integer><integer name="emitSizeEndPixels" id="id676013">64</integer><real name="emitSizeChangeDuration" id="id577829">6</real><real name="emitColourChangeSpeed" id="id205360">3</real><real name="emitAngularVelocity" id="id747896">-20</real><real name="particleScale" id="id576021">0.5</real><integer name="startX" id="id535175">0</integer><integer name="startY" id="id294362">0</integer></attributes><behaviors><behavior id="id373047" class="CompoundBehavior" enabled="true"><attributes><text id="name">Group: Start</text><text id="bundleName">Group.behavior</text></attributes><behaviors><behavior id="id814306" class="NoteBehavior" enabled="true"><attributes><text id="name">Note</text><text id="bundleName">Note.behavior</text><text id="note">Collect start X and Y Position and set the default actor to transparent.</text></attributes></behavior><behavior id="id706132" class="ChangeAttributeAction" enabled="true"><attributes><text id="name">Change Attribute</text><text id="bundleName">ChangeAttribute.behavior</text><text id="targetAttribute">self.attributes.color.alpha</text><text id="RHS"><expression><string xml:space="preserve">0</string></expression></text></attributes></behavior><behavior id="id824349" class="ChangeAttributeAction" enabled="true"><attributes><text id="name">Change Attribute</text><text id="bundleName">ChangeAttribute.behavior</text><text id="targetAttribute">self.attributes.id535175</text><text id="RHS"><expression><reference keypath="self.attributes.position.x"/></expression></text></attributes></behavior><behavior id="id981026" class="ChangeAttributeAction" enabled="true"><attributes><text id="name">Change Attribute</text><text id="bundleName">ChangeAttribute.behavior</text><text id="targetAttribute">self.attributes.id294362</text><text id="RHS"><expression><reference keypath="self.attributes.position.y"/></expression></text></attributes></behavior></behaviors></behavior><behavior id="id862927" class="CompoundBehavior" enabled="true"><attributes><text id="name">Group: Smoke Particles</text><text id="bundleName">Group.behavior</text></attributes><behaviors><behavior id="id559573" class="NoteBehavior" enabled="true"><attributes><text id="name">Note</text><text id="bundleName">Note.behavior</text><text id="note">Create a collection of Particle behaviors mainly controlled by the added variables to create smoke.</text></attributes></behavior><behavior id="id957304" class="ParticlesBehavior" enabled="true"><attributes><text id="name">Particles: Smoke stage 1</text><text id="bundleName">Particles.behavior</text><index id="numParticles"><expression><reference keypath="self.attributes.id443232"/></expression></index><real id="size"><expression><reference keypath="self.attributes.id529096"/><string xml:space="preserve">*</string><reference keypath="self.attributes.id576021"/></expression></real><real id="lifetime"><expression><reference keypath="self.attributes.id993628"/></expression></real><real id="startupTime"><expression><reference keypath="self.attributes.id105304"/></expression></real><angle id="direction"><expression><reference keypath="self.attributes.id360733"/></expression></angle><real id="speed"><expression><string xml:space="preserve">(</string><reference keypath="self.attributes.id102087"/><string xml:space="preserve">)*(</string><reference keypath="self.attributes.id576021"/><string xml:space="preserve">)</string></expression></real><image id="image">smoke5</image><angle id="rotation"><expression><string xml:space="preserve">random(-90,90)</string></expression></angle><real id="angularVelocity"><expression><reference keypath="self.attributes.id747896"/></expression></real><index id="directionRelativity">0</index><real id="emitterOffsetX"><expression><string xml:space="preserve">random(</string><reference keypath="self.attributes.id777587"/><string xml:space="preserve">,</string><reference keypath="self.attributes.id734657"/><string xml:space="preserve">)</string></expression></real><real id="emitterOffsetY"><expression><string xml:space="preserve">random(</string><reference keypath="self.attributes.id257744"/><string xml:space="preserve">,</string><reference keypath="self.attributes.id366571"/><string xml:space="preserve">)</string></expression></real><boolean id="colorChange">true</boolean><boolean id="sizeChange">true</boolean><real id="colorTransitionTime"><expression><reference keypath="self.attributes.id205360"/></expression></real><real id="sizeTarget"><expression><reference keypath="self.attributes.id676013"/><string xml:space="preserve">*</string><reference keypath="self.attributes.id576021"/></expression></real><real id="sizeTransitionTime"><expression><reference keypath="self.attributes.id577829"/><string xml:space="preserve">*</string><reference keypath="self.attributes.id576021"/></expression></real><color id="color"><real id="red">1</real><real id="green">1</real><real id="blue">1</real><real id="alpha">0.43</real></color><color id="colorTarget"><real id="red">1</real><real id="green">1</real><real id="blue">1</real><real id="alpha">0.06</real></color><boolean id="affectedByGravity">false</boolean><enumeration id="blendingMode">0</enumeration></attributes></behavior><behavior id="id399605" class="ParticlesBehavior" enabled="true"><attributes><text id="name">Particles: Smoke stage 1</text><text id="bundleName">Particles.behavior</text><index id="numParticles"><expression><reference keypath="self.attributes.id443232"/></expression></index><real id="size"><expression><string xml:space="preserve">(</string><reference keypath="self.attributes.id529096"/><string xml:space="preserve">/2)*</string><reference keypath="self.attributes.id576021"/></expression></real><real id="lifetime"><expression><reference keypath="self.attributes.id993628"/></expression></real><real id="startupTime"><expression><reference keypath="self.attributes.id105304"/></expression></real><angle id="direction"><expression><reference keypath="self.attributes.id360733"/></expression></angle><real id="speed"><expression><string xml:space="preserve">(</string><reference keypath="self.attributes.id102087"/><string xml:space="preserve">*1.4)*(</string><reference keypath="self.attributes.id576021"/><string xml:space="preserve">)</string></expression></real><image id="image">smoke5</image><angle id="rotation"><expression><reference keypath="self.attributes.id132392"/></expression></angle><real id="angularVelocity"><expression><reference keypath="self.attributes.id747896"/></expression></real><index id="directionRelativity">0</index><real id="emitterOffsetX"><expression><string xml:space="preserve">random(</string><reference keypath="self.attributes.id777587"/><string xml:space="preserve">,</string><reference keypath="self.attributes.id734657"/><string xml:space="preserve">)</string></expression></real><real id="emitterOffsetY"><expression><string xml:space="preserve">random(</string><reference keypath="self.attributes.id257744"/><string xml:space="preserve">,</string><reference keypath="self.attributes.id366571"/><string xml:space="preserve">)</string></expression></real><boolean id="colorChange">true</boolean><boolean id="sizeChange">true</boolean><real id="colorTransitionTime"><expression><reference keypath="self.attributes.id205360"/></expression></real><real id="sizeTarget"><expression><string xml:space="preserve">(</string><reference keypath="self.attributes.id676013"/><string xml:space="preserve">/2)*</string><reference keypath="self.attributes.id576021"/></expression></real><real id="sizeTransitionTime"><expression><reference keypath="self.attributes.id577829"/><string xml:space="preserve">*</string><reference keypath="self.attributes.id576021"/></expression></real><color id="color"><real id="red">1</real><real id="green">1</real><real id="blue">1</real><real id="alpha">0.33</real></color><color id="colorTarget"><real id="red">1</real><real id="green">1</real><real id="blue">1</real><real id="alpha">0.06</real></color><boolean id="affectedByGravity">false</boolean><enumeration id="blendingMode">0</enumeration></attributes></behavior></behaviors></behavior></behaviors><aspects><graphics><attributes><boolean id="visible">true</boolean><enumeration id="blendingMode">0</enumeration><enumeration id="horizontalWrap">0</enumeration><enumeration id="verticalWrap">0</enumeration><enumeration id="horizontalAnchor">0</enumeration><enumeration id="verticalAnchor">0</enumeration><boolean id="flipHorizontally">false</boolean><boolean id="flipVertically">false</boolean><integer id="tileWidth">30</integer><integer id="tileHeight">30</integer></attributes></graphics><motion><attributes><point id="linearVelocity"><real id="x">0</real><real id="y">0</real></point><real id="angularVelocity">0</real><real id="maxSpeed">0</real><boolean id="applyMaxSpeed">false</boolean></attributes></motion><physics><attributes><real id="density">1</real><real id="friction">3</real><real id="restitution">1</real><boolean id="fixedRotation">false</boolean><boolean id="movable">false</boolean><enumeration id="collisionShape">0</enumeration><real id="drag">0</real><real id="angularDrag">0</real></attributes></physics></aspects></actor>
