<?xml version="1.0" encoding="UTF-8"?>
<actor PGFVersion="0.22" id="id675175" GSCVersion="0.13.14"><attributes><text id="name">Cloud</text><real id="time">0</real><point id="position"><real id="x">0</real><real id="y">0</real></point><size id="size"><real id="width">332</real><real id="height">158</real></size><angle id="rotation">0</angle><color id="color"><real id="red">1</real><real id="green">1</real><real id="blue">1</real><real id="alpha">1</real></color><image id="image">cloud2</image><text id="tags"></text><boolean id="preloadArt">false</boolean><real name="ParallaxSpeedFactor" id="id304959">0.6</real><integer name="StartPosition" id="id196795">0</integer><text name="baseImage" id="id622918">cloud</text></attributes><behaviors><behavior id="id724279" class="NoteBehavior" enabled="true"><attributes><text id="name">Note</text><text id="bundleName">Note.behavior</text><text id="note">Although there is a screen wrap on the X, the position of this actor is constrained based on width of the scene.
ParallaxSpeedFactor is changed on the instances to create layer effects.
</text></attributes></behavior><behavior id="id693099" class="ChangeAttributeAction" enabled="false"><attributes><text id="name">Change Attribute: Store this actor's initial start position.</text><text id="bundleName">ChangeAttribute.behavior</text><text id="targetAttribute">self.attributes.id196795</text><text id="RHS"><expression><reference keypath="self.attributes.position.x"/></expression></text></attributes></behavior><behavior id="id129696" class="NoteBehavior" enabled="true"><attributes><text id="name">Note: About the constrain attribute behavior below.</text><text id="bundleName">Note.behavior</text><text id="note">In the constrain of the position, the mod(?,1000) is used to allow the cloud to &quot;wrap&quot; because the scene is 1000 px in width.
Subtracting half the width of the actor gives an offset to the constrained position so the actor properly leaves the screen before going back to the other side of the screen.

mod( self.StartPosition - self.ParallaxSpeedFactor * game.Distance ,1000)- self.Size.Width /2</text></attributes></behavior><behavior id="id151369" class="ConstrainAttributeBehavior" enabled="false"><attributes><text id="name">Constrain Attribute: Set the X position of the cloud based on this distance travelled including the initial start position.</text><text id="bundleName">ConstrainAttribute.behavior</text><text id="targetAttribute">self.attributes.position.x</text><text id="RHS"><expression><string xml:space="preserve">mod(</string><reference keypath="self.attributes.id196795"/><string xml:space="preserve">-</string><reference keypath="self.attributes.id304959"/><string xml:space="preserve">*50,360)-</string><reference keypath="self.attributes.size.width"/><string xml:space="preserve">/2</string></expression></text></attributes></behavior><behavior enabled="true" id="id892474" class="RuleBehavior"><attributes><text id="name">Rule: Change the cloud to one of the 2 images when off screen</text><text id="bundleName">Rule.behavior</text><real id="compoundConditionKind">0</real></attributes><conditions><condition id="id665311" pluginPredicateTypeIndex="0" eventType="mouse position"><attributes><index id="conditionType">1</index><text id="subjectAttribute">self.attributes.position.x</text></attributes><predicate type="number"><attributes><text id="operator">&gt;</text><real id="RHS">750</real></attributes></predicate></condition></conditions><behaviors><behavior id="id249178" class="ChangeAttributeAction" enabled="true"><attributes><text id="name">Change Attribute</text><text id="bundleName">ChangeAttribute.behavior</text><text id="targetAttribute">self.attributes.image</text><text id="RHS"><expression><reference keypath="self.attributes.id622918"/><string xml:space="preserve">..random(1,2)</string></expression></text></attributes></behavior></behaviors><elseBehaviors/></behavior></behaviors><aspects><graphics><attributes><boolean id="visible">true</boolean><enumeration id="blendingMode">0</enumeration><enumeration id="horizontalWrap">0</enumeration><enumeration id="verticalWrap">0</enumeration><enumeration id="horizontalAnchor">0</enumeration><enumeration id="verticalAnchor">0</enumeration><boolean id="flipHorizontally">false</boolean><boolean id="flipVertically">false</boolean><integer id="tileWidth">332</integer><integer id="tileHeight">158</integer></attributes></graphics><motion><attributes><point id="linearVelocity"><real id="x">0</real><real id="y">0</real></point><real id="angularVelocity">0</real><real id="maxSpeed">0</real><boolean id="applyMaxSpeed">false</boolean></attributes></motion><physics><attributes><real id="density">1</real><real id="friction">3</real><real id="restitution">1</real><boolean id="fixedRotation">false</boolean><boolean id="movable">false</boolean><enumeration id="collisionShape">0</enumeration><real id="drag">0</real><real id="angularDrag">0</real></attributes></physics></aspects></actor>
