<?xml version="1.0" encoding="UTF-8"?>
<actor PGFVersion="0.22" id="id174716" GSCVersion="0.13.14"><attributes><text id="name">MainMenuClouds</text><real id="time">0</real><point id="position"><real id="x">0</real><real id="y">0</real></point><size id="size"><real id="width">664</real><real id="height">316</real></size><angle id="rotation">0</angle><color id="color"><real id="red">1</real><real id="green">1</real><real id="blue">1</real><real id="alpha">1</real></color><image id="image">cloud1</image><text id="tags"></text><boolean id="preloadArt">false</boolean><text name="baseImage" id="id191958">cloud</text></attributes><behaviors><behavior id="id374122" class="NoteBehavior" enabled="true"><attributes><text id="name">Note</text><text id="bundleName">Note.behavior</text><text id="note">This is the actor used in the Main Menu for the moving clouds.
The lighter clouds near the top use images cloud1 and cloud2. At the beginning of the app, the Y position is randomized and the image is set randomly to one of those images.

The lower clouds use cloudBottom1 and cloudBottom2. Those actor instances do not change images and slowly move across the screen.</text></attributes></behavior><behavior enabled="true" id="id718313" class="RuleBehavior"><attributes><text id="name">Rule: If the baseImage is cloud this actor is an upper lighter clouds.</text><text id="bundleName">Rule.behavior</text><real id="compoundConditionKind">0</real></attributes><conditions><condition id="id542084" pluginPredicateTypeIndex="0" eventType="mouse position"><attributes><index id="conditionType">1</index><text id="subjectAttribute">self.attributes.id191958</text></attributes><predicate type="string"><attributes><text id="operator">is</text><text id="RHS">cloud</text></attributes></predicate></condition></conditions><behaviors><behavior id="id691946" class="ChangeAttributeAction" enabled="true"><attributes><text id="name">Change Attribute</text><text id="bundleName">ChangeAttribute.behavior</text><text id="targetAttribute">self.attributes.position.y</text><text id="RHS"><expression><reference keypath="self.attributes.position.y"/><string xml:space="preserve">+random(-100,100)</string></expression></text></attributes></behavior><behavior id="id379655" class="ChangeAttributeAction" enabled="true"><attributes><text id="name">Change Attribute</text><text id="bundleName">ChangeAttribute.behavior</text><text id="targetAttribute">self.attributes.image</text><text id="RHS"><expression><reference keypath="self.attributes.id191958"/><string xml:space="preserve">..random(1,2)</string></expression></text></attributes></behavior><behavior id="id741047" class="ChangeAttributeAction" enabled="true"><attributes><text id="name">Change Attribute</text><text id="bundleName">ChangeAttribute.behavior</text><text id="targetAttribute">self.aspects.motion.attributes.linearVelocity.x</text><text id="RHS"><expression><string xml:space="preserve">random(-18,-12)</string></expression></text></attributes></behavior></behaviors><elseBehaviors><behavior id="id338697" class="ChangeAttributeAction" enabled="true"><attributes><text id="name">Change Attribute</text><text id="bundleName">ChangeAttribute.behavior</text><text id="targetAttribute">self.aspects.motion.attributes.linearVelocity.x</text><text id="RHS">-5</text></attributes></behavior></elseBehaviors></behavior></behaviors><aspects><graphics><attributes><boolean id="visible">true</boolean><enumeration id="blendingMode">0</enumeration><enumeration id="horizontalWrap">0</enumeration><enumeration id="verticalWrap">0</enumeration><enumeration id="horizontalAnchor">0</enumeration><enumeration id="verticalAnchor">0</enumeration><boolean id="flipHorizontally">false</boolean><boolean id="flipVertically">false</boolean><integer id="tileWidth">664</integer><integer id="tileHeight">316</integer></attributes></graphics><motion><attributes><point id="linearVelocity"><real id="x">-15</real><real id="y">0</real></point><real id="angularVelocity">0</real><real id="maxSpeed">0</real><boolean id="applyMaxSpeed">false</boolean></attributes></motion><physics><attributes><real id="density">1</real><real id="friction">3</real><real id="restitution">1</real><boolean id="fixedRotation">false</boolean><boolean id="movable">true</boolean><enumeration id="collisionShape">0</enumeration><real id="drag">0</real><real id="angularDrag">0</real></attributes></physics></aspects></actor>
