<?xml version="1.0" encoding="UTF-8"?>
<actor PGFVersion="0.22" id="id274633" GSCVersion="0.13.14"><attributes><text id="name">Galaxy Name</text><real id="time">0</real><point id="position"><real id="x">0</real><real id="y">0</real></point><size id="size"><real id="width">100</real><real id="height">50</real></size><angle id="rotation">0</angle><color id="color"><real id="red">1</real><real id="green">1</real><real id="blue">1</real><real id="alpha">0</real></color><image id="image"></image><text id="tags"></text><boolean id="preloadArt">true</boolean></attributes><behaviors><behavior id="id197906" class="DisplayTextBehavior" enabled="true"><attributes><text id="name">Display Text</text><text id="bundleName">DisplayText.behavior</text><text id="text"><expression><string xml:space="preserve">tableCellValue(</string><reference keypath="game.attributes.id291466"/><string xml:space="preserve">,random(1,tableRowCount(</string><reference keypath="game.attributes.id140252"/><string xml:space="preserve">)),1)</string></expression></text><text id="font">American Typewriter</text><real id="size">30</real><index id="alignment">1</index><boolean id="wrap">false</boolean><color id="color"><real id="red">1</real><real id="green">1</real><real id="blue">1</real><real id="alpha">1</real></color><real id="offsetx">0</real><real id="offsety">0</real><index id="space">0</index><index id="directionSpace">0</index><angle id="direction">0</angle></attributes></behavior><behavior id="id483046" class="CompoundBehavior" enabled="true"><attributes><text id="name">Group</text><text id="bundleName">Group.behavior</text></attributes><behaviors><behavior id="id656992" class="ChangeAttributeAction" enabled="true"><attributes><text id="name">Set to minimum Height</text><text id="bundleName">ChangeAttribute.behavior</text><text id="targetAttribute">game.attributes.id539126</text><text id="RHS"><expression><string xml:space="preserve">tableCellValue(</string><reference keypath="game.attributes.id966040"/><string xml:space="preserve">,1,1)</string></expression></text></attributes></behavior><behavior id="id254884" class="ChangeAttributeAction" enabled="true"><attributes><text id="name">Change Attribute</text><text id="bundleName">ChangeAttribute.behavior</text><text id="targetAttribute">game.attributes.id398273</text><text id="RHS">false</text></attributes></behavior><behavior id="id597032" class="ChangeAttributeAction" enabled="true"><attributes><text id="name">Change Attribute</text><text id="bundleName">ChangeAttribute.behavior</text><text id="targetAttribute">game.attributes.id751059</text><text id="RHS">false</text></attributes></behavior><behavior id="id719606" class="ChangeAttributeAction" enabled="true"><attributes><text id="name">Change Attribute</text><text id="bundleName">ChangeAttribute.behavior</text><text id="targetAttribute">game.attributes.id272795</text><text id="RHS">false</text></attributes></behavior><behavior id="id791733" class="ChangeAttributeAction" enabled="true"><attributes><text id="name">Drop #</text><text id="bundleName">ChangeAttribute.behavior</text><text id="targetAttribute">game.attributes.id123485</text><text id="RHS"><expression><reference keypath="game.attributes.id123485"/><string xml:space="preserve">+1</string></expression></text></attributes></behavior></behaviors></behavior><behavior enabled="false" id="id745174" class="RuleBehavior"><attributes><text id="name">Reset Scene</text><text id="bundleName">Rule.behavior</text><real id="compoundConditionKind">0</real></attributes><conditions><condition id="id275007" pluginPredicateTypeIndex="0" eventType="touch"><attributes><index id="conditionType">0</index></attributes><predicate type="touch" conditionType="pressed"><attributes/></predicate></condition></conditions><behaviors><behavior id="id277650" class="ResetSceneAction" enabled="true"><attributes><text id="name">Reset Scene</text><text id="bundleName">ResetScene.behavior</text><boolean id="enableAdvertisement">true</boolean></attributes></behavior></behaviors><elseBehaviors/></behavior><behavior enabled="true" id="id835531" class="RuleBehavior"><attributes><text id="name">Rule</text><text id="bundleName">Rule.behavior</text><real id="compoundConditionKind">0</real></attributes><conditions><condition id="id281414" pluginPredicateTypeIndex="0" eventType="touch"><attributes><index id="conditionType">0</index></attributes><predicate type="touch" conditionType="pressed"><attributes/></predicate></condition></conditions><behaviors><behavior id="id670263" class="ChangeSceneAction" enabled="true"><attributes><text id="name">Return to Game</text><text id="bundleName">ChangeScene.behavior</text><text id="sceneKey">id659294</text><boolean id="enableAdvertisement">true</boolean><index id="index">1</index></attributes></behavior></behaviors><elseBehaviors/></behavior><behavior id="id412826" class="TimerBehavior" enabled="true"><attributes><text id="name">Timer</text><text id="bundleName">Timer.behavior</text><index id="timerType">1</index><real id="interval">2</real><boolean id="runToCompletion">false</boolean></attributes><behaviors><behavior id="id439387" class="ChangeSceneAction" enabled="true"><attributes><text id="name">Return to Game</text><text id="bundleName">ChangeScene.behavior</text><text id="sceneKey">id659294</text><boolean id="enableAdvertisement">true</boolean><index id="index">1</index></attributes></behavior></behaviors></behavior></behaviors><aspects><graphics><attributes><boolean id="visible">true</boolean><enumeration id="blendingMode">0</enumeration><enumeration id="horizontalWrap">0</enumeration><enumeration id="verticalWrap">0</enumeration><enumeration id="horizontalAnchor">0</enumeration><enumeration id="verticalAnchor">0</enumeration><boolean id="flipHorizontally">false</boolean><boolean id="flipVertically">false</boolean><integer id="tileWidth">0</integer><integer id="tileHeight">50</integer></attributes></graphics><motion><attributes><point id="linearVelocity"><real id="x">0</real><real id="y">0</real></point><real id="angularVelocity">0</real><real id="maxSpeed">0</real><boolean id="applyMaxSpeed">false</boolean></attributes></motion><physics><attributes><real id="density">1</real><real id="friction">3</real><real id="restitution">1</real><boolean id="fixedRotation">false</boolean><boolean id="movable">true</boolean><enumeration id="collisionShape">0</enumeration><real id="drag">0</real><real id="angularDrag">0</real></attributes></physics></aspects></actor>
