<?xml version="1.0" encoding="UTF-8"?>
<actor PGFVersion="0.22" id="id677891" GSCVersion="0.13.14"><attributes><text id="name">bg_asteroids</text><real id="time">0</real><point id="position"><real id="x">0</real><real id="y">0</real></point><size id="size"><real id="width">400</real><real id="height">600</real></size><angle id="rotation">0</angle><color id="color"><real id="red">1</real><real id="green">1</real><real id="blue">1</real><real id="alpha">1</real></color><image id="image">bg_asteroids</image><text id="tags"></text><boolean id="preloadArt">true</boolean></attributes><behaviors><behavior id="id346878" class="SpawnAction" enabled="true"><attributes><text id="name">Spawn Actor</text><text id="bundleName">Spawn.behavior</text><text id="prototypeKey">id785176</text><angle id="direction">0</angle><index id="directionSpace">0</index><real id="x">0</real><real id="y">0</real><index id="positionSpace">0</index><index id="layerOrder">3</index></attributes></behavior><behavior id="id390646" class="InterpolateBehavior" enabled="true"><attributes><text id="name">Interpolate</text><text id="bundleName">Interpolate.behavior</text><boolean id="runToCompletion">true</boolean><text id="targetAttribute">self.attributes.color.alpha</text><real id="finalValue">0</real><real id="duration">0.75</real><index id="easing">0</index></attributes></behavior></behaviors><aspects><graphics><attributes><boolean id="visible">true</boolean><enumeration id="blendingMode">0</enumeration><enumeration id="horizontalWrap">0</enumeration><enumeration id="verticalWrap">0</enumeration><enumeration id="horizontalAnchor">0</enumeration><enumeration id="verticalAnchor">0</enumeration><boolean id="flipHorizontally">false</boolean><boolean id="flipVertically">false</boolean><integer id="tileWidth">400</integer><integer id="tileHeight">600</integer></attributes></graphics><motion><attributes><point id="linearVelocity"><real id="x">0</real><real id="y">0</real></point><real id="angularVelocity">0</real><real id="maxSpeed">0</real><boolean id="applyMaxSpeed">false</boolean></attributes></motion><physics><attributes><real id="density">1</real><real id="friction">3</real><real id="restitution">1</real><boolean id="fixedRotation">false</boolean><boolean id="movable">true</boolean><enumeration id="collisionShape">0</enumeration><real id="drag">0</real><real id="angularDrag">0</real></attributes></physics></aspects></actor>
