<?xml version="1.0" encoding="UTF-8"?>
<actor PGFVersion="0.22" id="id267884" GSCVersion="0.13.14"><attributes><text id="name">UFO</text><real id="time">0</real><point id="position"><real id="x">0</real><real id="y">0</real></point><size id="size"><real id="width">46</real><real id="height">46</real></size><angle id="rotation">0</angle><color id="color"><real id="red">1</real><real id="green">1</real><real id="blue">1</real><real id="alpha">1</real></color><image id="image">UI_Mine</image><text id="tags"></text><boolean id="preloadArt">true</boolean></attributes><behaviors><behavior id="id862472" class="MoveBehavior" enabled="true"><attributes><text id="name">Move</text><text id="bundleName">Move.behavior</text><angle id="direction">180</angle><index id="space">1</index><index id="moveType">0</index><real id="speed"><expression><string xml:space="preserve">random(100,200)</string></expression></real><boolean id="haltWhenBehaviorStops">true</boolean></attributes></behavior><behavior id="id889650" class="RotateBehavior" enabled="true"><attributes><text id="name">Rotate</text><text id="bundleName">Rotate.behavior</text><real id="angularVelocity">90</real><index id="direction">1</index><boolean id="haltWhenBehaviorStops">true</boolean></attributes></behavior><behavior enabled="true" id="id861118" class="RuleBehavior"><attributes><text id="name">Recycle me back to the right side of the screen</text><text id="bundleName">Rule.behavior</text><real id="compoundConditionKind">0</real></attributes><conditions><condition id="id605824" pluginPredicateTypeIndex="0" eventType="mouse position"><attributes><index id="conditionType">1</index><text id="subjectAttribute">self.attributes.position.x</text></attributes><predicate type="number"><attributes><text id="operator">&gt;</text><real id="RHS"><expression><reference keypath="self.attributes.size.width"/><string xml:space="preserve">*2</string></expression></real></attributes></predicate></condition></conditions><behaviors><behavior id="id733467" class="ChangeAttributeAction" enabled="true"><attributes><text id="name">Change Attribute</text><text id="bundleName">ChangeAttribute.behavior</text><text id="targetAttribute">self.attributes.position.y</text><text id="RHS"><expression><string xml:space="preserve">random(1000,1500)</string></expression></text></attributes></behavior></behaviors><elseBehaviors/></behavior><behavior enabled="true" id="id995434" class="RuleBehavior"><attributes><text id="name">Collides with Lander</text><text id="bundleName">Rule.behavior</text><real id="compoundConditionKind">0</real></attributes><conditions><condition id="id892151" pluginPredicateTypeIndex="0" eventType="overlaps or collides"><attributes><index id="conditionType">0</index></attributes><predicate type="collision"><attributes><text id="prototypeKey">id996330</text><text id="actorTag">Rocks</text><real id="mode">0</real></attributes></predicate></condition></conditions><behaviors><behavior id="id969710" class="ChangeAttributeAction" enabled="true"><attributes><text id="name">Change Attribute</text><text id="bundleName">ChangeAttribute.behavior</text><text id="targetAttribute">game.attributes.id272795</text><text id="RHS">1</text></attributes></behavior><behavior id="id680775" class="SpawnAction" enabled="true"><attributes><text id="name">Spawn Actor</text><text id="bundleName">Spawn.behavior</text><text id="prototypeKey">id200690</text><angle id="direction">0</angle><index id="directionSpace">0</index><real id="x">0</real><real id="y">0</real><index id="positionSpace">0</index><index id="layerOrder">0</index></attributes></behavior><behavior id="id725427" class="SpawnAction" enabled="true"><attributes><text id="name">Spawn Actor</text><text id="bundleName">Spawn.behavior</text><text id="prototypeKey">id359394</text><angle id="direction">0</angle><index id="directionSpace">0</index><real id="x">0</real><real id="y">0</real><index id="positionSpace">0</index><index id="layerOrder">2</index></attributes></behavior><behavior id="id982408" class="DestroyAction" enabled="true"><attributes><text id="name">Destroy</text><text id="bundleName">Destroy.behavior</text></attributes></behavior></behaviors><elseBehaviors/></behavior><behavior id="id621351" class="ParticlesBehavior" enabled="true"><attributes><text id="name">Particles</text><text id="bundleName">Particles.behavior</text><index id="numParticles">40</index><real id="size"><expression><string xml:space="preserve">random(40,100)</string></expression></real><real id="lifetime">0.4</real><real id="startupTime">0.2</real><angle id="direction"><expression><string xml:space="preserve">((</string><reference keypath="self.attributes.time"/><string xml:space="preserve">*1700)%360)</string></expression></angle><real id="speed"><expression><string xml:space="preserve">random(50,100)</string></expression></real><image id="image">sparkle2</image><angle id="rotation"><expression><string xml:space="preserve">((</string><reference keypath="self.attributes.time"/><string xml:space="preserve">*1700)%360)+90</string></expression></angle><real id="angularVelocity">100</real><index id="directionRelativity">0</index><real id="emitterOffsetX"><expression><string xml:space="preserve">random(-28,28)</string></expression></real><real id="emitterOffsetY"><expression><string xml:space="preserve">random(-28,28)</string></expression></real><boolean id="colorChange">true</boolean><boolean id="sizeChange">true</boolean><real id="colorTransitionTime">0.4</real><real id="sizeTarget"><expression><string xml:space="preserve">random(15,40)</string></expression></real><real id="sizeTransitionTime">0.4</real><color id="color"><real id="red">0.50196081399918</real><real id="green">0</real><real id="blue">0</real><real id="alpha">1</real></color><color id="colorTarget"><real id="red">1</real><real id="green">1</real><real id="blue">1</real><real id="alpha">0</real></color><boolean id="affectedByGravity">false</boolean><enumeration id="blendingMode">0</enumeration></attributes></behavior></behaviors><aspects><graphics><attributes><boolean id="visible">true</boolean><enumeration id="blendingMode">0</enumeration><enumeration id="horizontalWrap">0</enumeration><enumeration id="verticalWrap">0</enumeration><enumeration id="horizontalAnchor">0</enumeration><enumeration id="verticalAnchor">0</enumeration><boolean id="flipHorizontally">false</boolean><boolean id="flipVertically">false</boolean><integer id="tileWidth">46</integer><integer id="tileHeight">46</integer></attributes></graphics><motion><attributes><point id="linearVelocity"><real id="x">0</real><real id="y">0</real></point><real id="angularVelocity">0</real><real id="maxSpeed">0</real><boolean id="applyMaxSpeed">false</boolean></attributes></motion><physics><attributes><real id="density">1</real><real id="friction">3</real><real id="restitution">1</real><boolean id="fixedRotation">false</boolean><boolean id="movable">true</boolean><enumeration id="collisionShape">0</enumeration><real id="drag">0</real><real id="angularDrag">0</real></attributes></physics></aspects></actor>
