<?xml version="1.0" encoding="UTF-8"?>
<actor PGFVersion="0.22" id="id929714" GSCVersion="0.13.14"><attributes><text id="name">FuelForCoin</text><real id="time">0</real><point id="position"><real id="x">0</real><real id="y">0</real></point><size id="size"><real id="width">99</real><real id="height">39</real></size><angle id="rotation">0</angle><color id="color"><real id="red">1</real><real id="green">1</real><real id="blue">1</real><real id="alpha">1</real></color><image id="image">UI_CreditForFuelBtn</image><text id="tags">UI</text><boolean id="preloadArt">true</boolean></attributes><behaviors><behavior enabled="true" id="id222957" class="RuleBehavior"><attributes><text id="name">Refuel Ship</text><text id="bundleName">Rule.behavior</text><real id="compoundConditionKind">0</real></attributes><conditions><condition id="id587547" pluginPredicateTypeIndex="0" eventType="touch"><attributes><index id="conditionType">0</index></attributes><predicate type="touch" conditionType="pressed"><attributes/></predicate></condition></conditions><behaviors><behavior enabled="true" id="id311131" class="RuleBehavior"><attributes><text id="name">Check for enough Credits</text><text id="bundleName">Rule.behavior</text><real id="compoundConditionKind">0</real></attributes><conditions><condition id="id504569" pluginPredicateTypeIndex="0" eventType="mouse position"><attributes><index id="conditionType">1</index><text id="subjectAttribute">game.attributes.id584946</text></attributes><predicate type="number"><attributes><text id="operator">&gt;=</text><real id="RHS"><expression><string xml:space="preserve">50</string></expression></real></attributes></predicate></condition></conditions><behaviors><behavior id="id116027" class="SpawnAction" enabled="true"><attributes><text id="name">Safe Landing Button</text><text id="bundleName">Spawn.behavior</text><text id="prototypeKey">id868425</text><angle id="direction">0</angle><index id="directionSpace">1</index><real id="x">160</real><real id="y">265</real><index id="positionSpace">1</index><index id="layerOrder">0</index></attributes></behavior><behavior id="id644289" class="ChangeAttributeAction" enabled="true"><attributes><text id="name">Change PopUp UI to True</text><text id="bundleName">ChangeAttribute.behavior</text><text id="targetAttribute">game.attributes.id556827</text><text id="RHS">1</text></attributes></behavior><behavior id="id372267" class="ChangeAttributeAction" enabled="true"><attributes><text id="name">Subtract from Coin Bank</text><text id="bundleName">ChangeAttribute.behavior</text><text id="targetAttribute">game.attributes.id584946</text><text id="RHS"><expression><reference keypath="game.attributes.id584946"/><string xml:space="preserve">-50</string></expression></text></attributes></behavior><behavior id="id507755" class="ChangeAttributeAction" enabled="true"><attributes><text id="name">Refuel Tank</text><text id="bundleName">ChangeAttribute.behavior</text><text id="targetAttribute">game.attributes.id461361</text><text id="RHS"><expression><string xml:space="preserve">325</string></expression></text></attributes></behavior><behavior id="id647285" class="PlaySoundAction" enabled="true"><attributes><text id="name">Play Sound</text><text id="bundleName">PlaySound.behavior</text><sound id="soundName">Coin2</sound><boolean id="loop">false</boolean><boolean id="runToCompletion">true</boolean><boolean id="positional">false</boolean><boolean id="dopplerShift">false</boolean><real id="volume">1</real><real id="pitch">1</real></attributes></behavior></behaviors><elseBehaviors/></behavior></behaviors><elseBehaviors/></behavior><behavior enabled="true" id="id255144" class="RuleBehavior"><attributes><text id="name">Destroy After use</text><text id="bundleName">Rule.behavior</text><real id="compoundConditionKind">0</real></attributes><conditions><condition id="id161912" pluginPredicateTypeIndex="0" eventType="mouse position"><attributes><index id="conditionType">1</index><text id="subjectAttribute">game.attributes.id556827</text></attributes><predicate type="boolean"><attributes><index id="RHS">1</index></attributes></predicate></condition></conditions><behaviors><behavior id="id744950" class="DestroyAction" enabled="true"><attributes><text id="name">Destroy</text><text id="bundleName">Destroy.behavior</text></attributes></behavior></behaviors><elseBehaviors/></behavior><behavior enabled="true" id="id575469" class="RuleBehavior"><attributes><text id="name">Rule</text><text id="bundleName">Rule.behavior</text><real id="compoundConditionKind">0</real></attributes><conditions><condition id="id326755" pluginPredicateTypeIndex="0" eventType="mouse position"><attributes><index id="conditionType">1</index><text id="subjectAttribute">game.attributes.id584946</text></attributes><predicate type="number"><attributes><text id="operator">&lt;</text><real id="RHS"><expression><string xml:space="preserve">50</string></expression></real></attributes></predicate></condition></conditions><behaviors><behavior id="id223474" class="ChangeImageAction" enabled="true"><attributes><text id="name">Change Image</text><text id="bundleName">ChangeImage.behavior</text><image id="image">UI_NoCreditBtn</image></attributes></behavior></behaviors><elseBehaviors/></behavior></behaviors><aspects><graphics><attributes><boolean id="visible">true</boolean><enumeration id="blendingMode">0</enumeration><enumeration id="horizontalWrap">0</enumeration><enumeration id="verticalWrap">0</enumeration><enumeration id="horizontalAnchor">0</enumeration><enumeration id="verticalAnchor">0</enumeration><boolean id="flipHorizontally">false</boolean><boolean id="flipVertically">false</boolean><integer id="tileWidth">99</integer><integer id="tileHeight">39</integer></attributes></graphics><motion><attributes><point id="linearVelocity"><real id="x">0</real><real id="y">0</real></point><real id="angularVelocity">0</real><real id="maxSpeed">0</real><boolean id="applyMaxSpeed">false</boolean></attributes></motion><physics><attributes><real id="density">1</real><real id="friction">3</real><real id="restitution">1</real><boolean id="fixedRotation">false</boolean><boolean id="movable">false</boolean><enumeration id="collisionShape">0</enumeration><real id="drag">0</real><real id="angularDrag">0</real></attributes></physics></aspects></actor>
