<?xml version="1.0" encoding="UTF-8"?>
<actor PGFVersion="0.22" id="id610707" GSCVersion="0.13.14"><attributes><text id="name">FuelPickup</text><real id="time">0</real><point id="position"><real id="x">0</real><real id="y">0</real></point><size id="size"><real id="width">48</real><real id="height">71</real></size><angle id="rotation">0</angle><color id="color"><real id="red">1</real><real id="green">1</real><real id="blue">1</real><real id="alpha">1</real></color><image id="image">UI_cannister2</image><text id="tags"></text><boolean id="preloadArt">true</boolean></attributes><behaviors><behavior id="id862472" class="MoveBehavior" enabled="true"><attributes><text id="name">Move</text><text id="bundleName">Move.behavior</text><angle id="direction">180</angle><index id="space">1</index><index id="moveType">0</index><real id="speed">100</real><boolean id="haltWhenBehaviorStops">true</boolean></attributes></behavior><behavior id="id272813" class="RotateBehavior" enabled="true"><attributes><text id="name">Rotate</text><text id="bundleName">Rotate.behavior</text><real id="angularVelocity">90</real><index id="direction">1</index><boolean id="haltWhenBehaviorStops">true</boolean></attributes></behavior><behavior id="id333277" class="ParticlesBehavior" enabled="true"><attributes><text id="name">Particles</text><text id="bundleName">Particles.behavior</text><index id="numParticles"><expression><string xml:space="preserve">random(30,50)</string></expression></index><real id="size"><expression><string xml:space="preserve">random(3,7)</string></expression></real><real id="lifetime"><expression><string xml:space="preserve">random(2,3)</string></expression></real><real id="startupTime">1</real><angle id="direction"><expression><string xml:space="preserve">random(0,259)</string></expression></angle><real id="speed"><expression><string xml:space="preserve">random(30,50)</string></expression></real><image id="image">bubble</image><angle id="rotation">0</angle><real id="angularVelocity">0</real><index id="directionRelativity">0</index><real id="emitterOffsetX"><expression><string xml:space="preserve">random(-1,1)</string></expression></real><real id="emitterOffsetY"><expression><reference keypath="self.attributes.size.height"/><string xml:space="preserve">-(</string><reference keypath="self.attributes.size.height"/><string xml:space="preserve">/2)</string></expression></real><boolean id="colorChange">true</boolean><boolean id="sizeChange">false</boolean><real id="colorTransitionTime">5</real><real id="sizeTarget">5</real><real id="sizeTransitionTime">0</real><color id="color"><real id="red">0.40000000596046</real><real id="green">1</real><real id="blue">0.40000000596046</real><real id="alpha">1</real></color><color id="colorTarget"><real id="red">1</real><real id="green">1</real><real id="blue">1</real><real id="alpha">0</real></color><boolean id="affectedByGravity">false</boolean><enumeration id="blendingMode">0</enumeration></attributes></behavior><behavior enabled="true" id="id861118" class="RuleBehavior"><attributes><text id="name">Recycle me back to the right side of the screen</text><text id="bundleName">Rule.behavior</text><real id="compoundConditionKind">1</real></attributes><conditions><condition id="id605824" pluginPredicateTypeIndex="0" eventType="mouse position"><attributes><index id="conditionType">1</index><text id="subjectAttribute">self.attributes.position.x</text></attributes><predicate type="number"><attributes><text id="operator">&lt;</text><real id="RHS"><expression><reference keypath="self.attributes.size.width"/><string xml:space="preserve">*2</string></expression></real></attributes></predicate></condition></conditions><behaviors><behavior id="id630834" class="ChangeAttributeAction" enabled="true"><attributes><text id="name">Change Attribute</text><text id="bundleName">ChangeAttribute.behavior</text><text id="targetAttribute">self.attributes.position.y</text><text id="RHS"><expression><string xml:space="preserve">random(2000,3000)</string></expression></text></attributes></behavior><behavior id="id857724" class="ChangeAttributeAction" enabled="true"><attributes><text id="name">Change Attribute</text><text id="bundleName">ChangeAttribute.behavior</text><text id="targetAttribute">self.attributes.position.x</text><text id="RHS"><expression><string xml:space="preserve">450</string></expression></text></attributes></behavior></behaviors><elseBehaviors/></behavior><behavior enabled="true" id="id995434" class="RuleBehavior"><attributes><text id="name">Rule</text><text id="bundleName">Rule.behavior</text><real id="compoundConditionKind">0</real></attributes><conditions><condition id="id892151" pluginPredicateTypeIndex="0" eventType="overlaps or collides"><attributes><index id="conditionType">0</index></attributes><predicate type="collision"><attributes><text id="prototypeKey">id996330</text><text id="actorTag">Rocks</text><real id="mode">0</real></attributes></predicate></condition></conditions><behaviors><behavior enabled="true" id="id480792" class="RuleBehavior"><attributes><text id="name">Rule</text><text id="bundleName">Rule.behavior</text><real id="compoundConditionKind">0</real></attributes><conditions><condition pluginPredicateTypeIndex="0" id="id142165" eventType="mouse position"><attributes><index id="conditionType">2</index></attributes><predicate type="number"><attributes><text id="operator">=</text><real id="RHS"><expression><string xml:space="preserve">1</string></expression></real></attributes></predicate><subjectPredicate type="number"><attributes><text id="operator">=</text><real id="RHS"><expression><string xml:space="preserve">random(1,2)</string></expression></real></attributes></subjectPredicate></condition></conditions><behaviors><behavior enabled="true" id="id915510" class="RuleBehavior"><attributes><text id="name">Rule</text><text id="bundleName">Rule.behavior</text><real id="compoundConditionKind">0</real></attributes><conditions><condition id="id448544" pluginPredicateTypeIndex="0" eventType="mouse position"><attributes><index id="conditionType">1</index><text id="subjectAttribute">game.attributes.id461361</text></attributes><predicate type="number"><attributes><text id="operator">&lt;=</text><real id="RHS"><expression><string xml:space="preserve">225</string></expression></real></attributes></predicate></condition></conditions><behaviors><behavior id="id401632" class="ChangeImageAction" enabled="true"><attributes><text id="name">Change Image</text><text id="bundleName">ChangeImage.behavior</text><image id="image">UI_cannister2</image></attributes></behavior><behavior id="id425017" class="ChangeAttributeAction" enabled="true"><attributes><text id="name">Change Attribute</text><text id="bundleName">ChangeAttribute.behavior</text><text id="targetAttribute">game.attributes.id461361</text><text id="RHS"><expression><reference keypath="game.attributes.id461361"/><string xml:space="preserve">+random(25,100)</string></expression></text></attributes></behavior></behaviors><elseBehaviors><behavior id="id109098" class="ChangeAttributeAction" enabled="true"><attributes><text id="name">Change Attribute</text><text id="bundleName">ChangeAttribute.behavior</text><text id="targetAttribute">game.attributes.id461361</text><text id="RHS">325</text></attributes></behavior></elseBehaviors></behavior></behaviors><elseBehaviors><behavior id="id377916" class="ChangeImageAction" enabled="true"><attributes><text id="name">Change Image</text><text id="bundleName">ChangeImage.behavior</text><image id="image">UI_cannister1</image></attributes></behavior><behavior id="id352057" class="SpawnAction" enabled="true"><attributes><text id="name">Spawn Actor</text><text id="bundleName">Spawn.behavior</text><text id="prototypeKey">id775067</text><angle id="direction">0</angle><index id="directionSpace">0</index><real id="x">0</real><real id="y">0</real><index id="positionSpace">0</index><index id="layerOrder">2</index></attributes></behavior></elseBehaviors></behavior><behavior id="id176963" class="DestroyAction" enabled="true"><attributes><text id="name">Destroy</text><text id="bundleName">Destroy.behavior</text></attributes></behavior></behaviors><elseBehaviors/></behavior></behaviors><aspects><graphics><attributes><boolean id="visible">true</boolean><enumeration id="blendingMode">0</enumeration><enumeration id="horizontalWrap">0</enumeration><enumeration id="verticalWrap">0</enumeration><enumeration id="horizontalAnchor">0</enumeration><enumeration id="verticalAnchor">0</enumeration><boolean id="flipHorizontally">false</boolean><boolean id="flipVertically">false</boolean><integer id="tileWidth">48</integer><integer id="tileHeight">71</integer></attributes></graphics><motion><attributes><point id="linearVelocity"><real id="x">0</real><real id="y">0</real></point><real id="angularVelocity">0</real><real id="maxSpeed">0</real><boolean id="applyMaxSpeed">false</boolean></attributes></motion><physics><attributes><real id="density">1</real><real id="friction">3</real><real id="restitution">1</real><boolean id="fixedRotation">false</boolean><boolean id="movable">true</boolean><enumeration id="collisionShape">0</enumeration><real id="drag">0</real><real id="angularDrag">0</real></attributes></physics></aspects></actor>
