<?xml version="1.0" encoding="UTF-8"?>
<actor PGFVersion="0.22" id="id805530" GSCVersion="0.13.14"><attributes><text id="name">Cafe-Sign</text><real id="time">0</real><point id="position"><real id="x">0</real><real id="y">0</real></point><size id="size"><real id="width">127</real><real id="height">100</real></size><angle id="rotation">0</angle><color id="color"><real id="red">1</real><real id="green">1</real><real id="blue">1</real><real id="alpha">1</real></color><image id="image">Cafe-Sign2</image><text id="tags"></text><boolean id="preloadArt">true</boolean></attributes><behaviors><behavior id="id174329" class="CompoundBehavior" enabled="true"><attributes><text id="name">Building Color effect</text><text id="bundleName">Group.behavior</text></attributes><behaviors><behavior id="id583737" class="ChangeAttributeAction" enabled="true"><attributes><text id="name">Change Sky color</text><text id="bundleName">ChangeAttribute.behavior</text><text id="targetAttribute">self.attributes.color.red</text><text id="RHS"><expression><reference keypath="game.attributes.id341245"/></expression></text></attributes></behavior><behavior id="id592850" class="ChangeAttributeAction" enabled="true"><attributes><text id="name">Change Attribute</text><text id="bundleName">ChangeAttribute.behavior</text><text id="targetAttribute">self.attributes.color.green</text><text id="RHS"><expression><reference keypath="game.attributes.id220432"/></expression></text></attributes></behavior><behavior id="id457462" class="ChangeAttributeAction" enabled="true"><attributes><text id="name">Change Attribute</text><text id="bundleName">ChangeAttribute.behavior</text><text id="targetAttribute">self.attributes.color.blue</text><text id="RHS"><expression><reference keypath="game.attributes.id109646"/></expression></text></attributes></behavior></behaviors></behavior><behavior id="id806365" class="ChangeAttributeAction" enabled="true"><attributes><text id="name">Set UI Close to False</text><text id="bundleName">ChangeAttribute.behavior</text><text id="targetAttribute">game.attributes.id602623</text><text id="RHS">0</text></attributes></behavior><behavior id="id838538" class="ParticlesBehavior" enabled="true"><attributes><text id="name">Light 1</text><text id="bundleName">Particles.behavior</text><index id="numParticles">1</index><real id="size">50</real><real id="lifetime">2</real><real id="startupTime">2</real><angle id="direction">0</angle><real id="speed">0</real><image id="image">sparkle2</image><angle id="rotation">0</angle><real id="angularVelocity">0</real><index id="directionRelativity">0</index><real id="emitterOffsetX">-50</real><real id="emitterOffsetY">40</real><boolean id="colorChange">true</boolean><boolean id="sizeChange">false</boolean><real id="colorTransitionTime">1</real><real id="sizeTarget">5</real><real id="sizeTransitionTime">0</real><color id="color"><real id="red">1</real><real id="green">0</real><real id="blue">0</real><real id="alpha">1</real></color><color id="colorTarget"><real id="red">1</real><real id="green">1</real><real id="blue">1</real><real id="alpha">0.029999999329448</real></color><boolean id="affectedByGravity">false</boolean><enumeration id="blendingMode">3</enumeration></attributes></behavior><behavior id="id325772" class="ParticlesBehavior" enabled="true"><attributes><text id="name">Light 2</text><text id="bundleName">Particles.behavior</text><index id="numParticles">1</index><real id="size">50</real><real id="lifetime">2</real><real id="startupTime">2</real><angle id="direction">0</angle><real id="speed">0</real><image id="image">sparkle2</image><angle id="rotation">0</angle><real id="angularVelocity">0</real><index id="directionRelativity">0</index><real id="emitterOffsetX">-25</real><real id="emitterOffsetY">40</real><boolean id="colorChange">true</boolean><boolean id="sizeChange">false</boolean><real id="colorTransitionTime">1</real><real id="sizeTarget">5</real><real id="sizeTransitionTime">0</real><color id="color"><real id="red">1</real><real id="green">0</real><real id="blue">0</real><real id="alpha">1</real></color><color id="colorTarget"><real id="red">1</real><real id="green">1</real><real id="blue">1</real><real id="alpha">0.029999999329448</real></color><boolean id="affectedByGravity">false</boolean><enumeration id="blendingMode">3</enumeration></attributes></behavior><behavior id="id636276" class="ParticlesBehavior" enabled="true"><attributes><text id="name">Light 3</text><text id="bundleName">Particles.behavior</text><index id="numParticles">1</index><real id="size">50</real><real id="lifetime">2</real><real id="startupTime">2</real><angle id="direction">0</angle><real id="speed">0</real><image id="image">sparkle2</image><angle id="rotation">0</angle><real id="angularVelocity">0</real><index id="directionRelativity">0</index><real id="emitterOffsetX">0</real><real id="emitterOffsetY">40</real><boolean id="colorChange">true</boolean><boolean id="sizeChange">false</boolean><real id="colorTransitionTime">1</real><real id="sizeTarget">5</real><real id="sizeTransitionTime">0</real><color id="color"><real id="red">1</real><real id="green">0</real><real id="blue">0</real><real id="alpha">1</real></color><color id="colorTarget"><real id="red">1</real><real id="green">1</real><real id="blue">1</real><real id="alpha">0.029999999329448</real></color><boolean id="affectedByGravity">false</boolean><enumeration id="blendingMode">3</enumeration></attributes></behavior><behavior id="id854796" class="ParticlesBehavior" enabled="true"><attributes><text id="name">Light 4</text><text id="bundleName">Particles.behavior</text><index id="numParticles">1</index><real id="size">50</real><real id="lifetime">2</real><real id="startupTime">2</real><angle id="direction">0</angle><real id="speed">0</real><image id="image">sparkle2</image><angle id="rotation">0</angle><real id="angularVelocity">0</real><index id="directionRelativity">0</index><real id="emitterOffsetX">0</real><real id="emitterOffsetY">40</real><boolean id="colorChange">true</boolean><boolean id="sizeChange">false</boolean><real id="colorTransitionTime">1</real><real id="sizeTarget">5</real><real id="sizeTransitionTime">0</real><color id="color"><real id="red">1</real><real id="green">0</real><real id="blue">0</real><real id="alpha">1</real></color><color id="colorTarget"><real id="red">1</real><real id="green">1</real><real id="blue">1</real><real id="alpha">0.029999999329448</real></color><boolean id="affectedByGravity">false</boolean><enumeration id="blendingMode">0</enumeration></attributes></behavior><behavior id="id223496" class="ParticlesBehavior" enabled="true"><attributes><text id="name">Light 5</text><text id="bundleName">Particles.behavior</text><index id="numParticles">1</index><real id="size">50</real><real id="lifetime">2</real><real id="startupTime">2</real><angle id="direction">0</angle><real id="speed">0</real><image id="image">sparkle2</image><angle id="rotation">0</angle><real id="angularVelocity">0</real><index id="directionRelativity">0</index><real id="emitterOffsetX">50</real><real id="emitterOffsetY">40</real><boolean id="colorChange">true</boolean><boolean id="sizeChange">false</boolean><real id="colorTransitionTime">1</real><real id="sizeTarget">5</real><real id="sizeTransitionTime">0</real><color id="color"><real id="red">1</real><real id="green">0</real><real id="blue">0</real><real id="alpha">1</real></color><color id="colorTarget"><real id="red">1</real><real id="green">1</real><real id="blue">1</real><real id="alpha">0.029999999329448</real></color><boolean id="affectedByGravity">false</boolean><enumeration id="blendingMode">0</enumeration></attributes></behavior><behavior enabled="true" id="id989759" class="RuleBehavior"><attributes><text id="name">Close UI</text><text id="bundleName">Rule.behavior</text><real id="compoundConditionKind">0</real></attributes><conditions><condition id="id176083" pluginPredicateTypeIndex="0" eventType="mouse position"><attributes><index id="conditionType">1</index><text id="subjectAttribute">game.attributes.id602623</text></attributes><predicate type="boolean"><attributes><index id="RHS">1</index></attributes></predicate></condition></conditions><behaviors><behavior id="id778320" class="DestroyAction" enabled="true"><attributes><text id="name">Destroy</text><text id="bundleName">Destroy.behavior</text></attributes></behavior></behaviors><elseBehaviors/></behavior><behavior id="id366099" class="AnimateBehavior" enabled="true"><attributes><text id="name">Animate</text><text id="bundleName">Animate.behavior</text><text id="images">Cafe-Sign3	Cafe-Sign3	Cafe-Sign3	Cafe-Sign3	Cafe-Sign2	Cafe-Sign3	Cafe-Sign2	Cafe-Sign2	Cafe-Sign3	Cafe-Sign3	Cafe-Sign3	Cafe-Sign2	Cafe-Sign2	Cafe-Sign2</text><index id="speed">1</index><boolean id="loop">true</boolean><boolean id="restoreActorImage">true</boolean></attributes></behavior></behaviors><aspects><graphics><attributes><boolean id="visible">true</boolean><enumeration id="blendingMode">0</enumeration><enumeration id="horizontalWrap">0</enumeration><enumeration id="verticalWrap">0</enumeration><enumeration id="horizontalAnchor">0</enumeration><enumeration id="verticalAnchor">0</enumeration><boolean id="flipHorizontally">false</boolean><boolean id="flipVertically">false</boolean><integer id="tileWidth">127</integer><integer id="tileHeight">100</integer></attributes></graphics><motion><attributes><point id="linearVelocity"><real id="x">0</real><real id="y">0</real></point><real id="angularVelocity">0</real><real id="maxSpeed">0</real><boolean id="applyMaxSpeed">false</boolean></attributes></motion><physics><attributes><real id="density">1</real><real id="friction">3</real><real id="restitution">1</real><boolean id="fixedRotation">false</boolean><boolean id="movable">true</boolean><enumeration id="collisionShape">0</enumeration><real id="drag">0</real><real id="angularDrag">0</real></attributes></physics></aspects></actor>
