<?xml version="1.0" encoding="utf-8"?>
<table version="1.000000" name="PlanetTable" numRows="100" numCols="10" flags="9" tableType="0">
    <rows>
        <row id="0" name=""/>
        <row id="1" name=""/>
        <row id="2" name=""/>
        <row id="3" name=""/>
        <row id="4" name=""/>
        <row id="5" name=""/>
        <row id="6" name=""/>
        <row id="7" name=""/>
        <row id="8" name=""/>
        <row id="9" name=""/>
        <row id="10" name=""/>
        <row id="11" name=""/>
        <row id="12" name=""/>
        <row id="13" name=""/>
        <row id="14" name=""/>
        <row id="15" name=""/>
        <row id="16" name=""/>
        <row id="17" name=""/>
        <row id="18" name=""/>
        <row id="19" name=""/>
        <row id="20" name=""/>
        <row id="21" name=""/>
        <row id="22" name=""/>
        <row id="23" name=""/>
        <row id="24" name=""/>
        <row id="25" name=""/>
        <row id="26" name=""/>
        <row id="27" name=""/>
        <row id="28" name=""/>
        <row id="29" name=""/>
        <row id="30" name=""/>
        <row id="31" name=""/>
        <row id="32" name=""/>
        <row id="33" name=""/>
        <row id="34" name=""/>
        <row id="35" name=""/>
        <row id="36" name=""/>
        <row id="37" name=""/>
        <row id="38" name=""/>
        <row id="39" name=""/>
        <row id="40" name=""/>
        <row id="41" name=""/>
        <row id="42" name=""/>
        <row id="43" name=""/>
        <row id="44" name=""/>
        <row id="45" name=""/>
        <row id="46" name=""/>
        <row id="47" name=""/>
        <row id="48" name=""/>
        <row id="49" name=""/>
        <row id="50" name=""/>
        <row id="51" name=""/>
        <row id="52" name=""/>
        <row id="53" name=""/>
        <row id="54" name=""/>
        <row id="55" name=""/>
        <row id="56" name=""/>
        <row id="57" name=""/>
        <row id="58" name=""/>
        <row id="59" name=""/>
        <row id="60" name=""/>
        <row id="61" name=""/>
        <row id="62" name=""/>
        <row id="63" name=""/>
        <row id="64" name=""/>
        <row id="65" name=""/>
        <row id="66" name=""/>
        <row id="67" name=""/>
        <row id="68" name=""/>
        <row id="69" name=""/>
        <row id="70" name=""/>
        <row id="71" name=""/>
        <row id="72" name=""/>
        <row id="73" name=""/>
        <row id="74" name=""/>
        <row id="75" name=""/>
        <row id="76" name=""/>
        <row id="77" name=""/>
        <row id="78" name=""/>
        <row id="79" name=""/>
        <row id="80" name=""/>
        <row id="81" name=""/>
        <row id="82" name=""/>
        <row id="83" name=""/>
        <row id="84" name=""/>
        <row id="85" name=""/>
        <row id="86" name=""/>
        <row id="87" name=""/>
        <row id="88" name=""/>
        <row id="89" name=""/>
        <row id="90" name=""/>
        <row id="91" name=""/>
        <row id="92" name=""/>
        <row id="93" name=""/>
        <row id="94" name=""/>
        <row id="95" name=""/>
        <row id="96" name=""/>
        <row id="97" name=""/>
        <row id="98" name=""/>
        <row id="99" name=""/>
    </rows>
    <columns>
        <column id="0" name="Planet Name" type="1" readonly="0">Pafruynus,Wesnauwei,Suswiea,Cogrolla,Nuigawa,Hiunus,Flodubos,Skabunerth,Striea,Scilles,Ushiobos,Tobraylia,Wacradus,Neprurn,Saunope,Aulara,Blodarus,Frecucury,Gronoe,Smeon,Iosciythea,Labriuzuno,Fobrilia,Xabryke,Oarus,Tourilia,Drecohines,Frabetune,Chyke,Drilia,Fatroaria,Xawhiylara,Fudrade,Jeprides,Waolara,Sueliv,Skecahines,Chufanus,Glorix,Griea,Hobreacarro,Fostroetune,Eprurn,Rebroria,Aylea,Quyliv,Smodulara,Drabustea,Shao,Shillon,Kotretune,Gacreoter,Paflorix,Iuswarvis,Fuihiri,Moiyama,Shodohines,Prodanides,Glao,Slion,Mosmaonus,Iaplaywei,Fuspore,Oscyria,Luygawa,Ioeter,Scabazuno,Scodecury,Blorth,Plomia,Usheanus,Oscuyrus,Bofrora,Detreshan,Uonope,Xuygawa,Stodonov,Brodarilia,Blara,Chara,Bobraugantu,Cafleter,Nubrov,Aplides,Oinus,Sourilia,Glabater,Grufebos,Cruna,Frinda,Vewhiynope,Vewheytov,Joshiea,Becluna,Woenov,Koeria,Braberus,Flodugawa,Criri,Scarth</column>
        <column id="1" name="Gravity Setting" type="3" readonly="0">300.000000,310.000000,320.000000,330.000000,340.000000,350.000000,360.000000,370.000000,380.000000,400.000000,0.000000,0.000000,0.000000,0.000000,0.000000,0.000000,0.000000,0.000000,0.000000,0.000000,0.000000,0.000000,0.000000,0.000000,0.000000,0.000000,0.000000,0.000000,0.000000,0.000000,0.000000,0.000000,0.000000,0.000000,0.000000,0.000000,0.000000,0.000000,0.000000,0.000000,0.000000,0.000000,0.000000,0.000000,0.000000,0.000000,0.000000,0.000000,0.000000,0.000000,0.000000,0.000000,0.000000,0.000000,0.000000,0.000000,0.000000,0.000000,0.000000,0.000000,0.000000,0.000000,0.000000,0.000000,0.000000,0.000000,0.000000,0.000000,0.000000,0.000000,0.000000,0.000000,0.000000,0.000000,0.000000,0.000000,0.000000,0.000000,0.000000,0.000000,0.000000,0.000000,0.000000,0.000000,0.000000,0.000000,0.000000,0.000000,0.000000,0.000000,0.000000,0.000000,0.000000,0.000000,0.000000,0.000000,0.000000,0.000000,0.000000,0.000000</column>
        <column id="2" name="Space" type="1" readonly="0">,,,,,,,,,,,,,,,,,,,,,,,,,,,,,,,,,,,,,,,,,,,,,,,,,,,,,,,,,,,,,,,,,,,,,,,,,,,,,,,,,,,,,,,,,,,,,,,,,,,</column>
        <column id="3" name="Atmosphere" type="1" readonly="0">,,,,,,,,,,,,,,,,,,,,,,,,,,,,,,,,,,,,,,,,,,,,,,,,,,,,,,,,,,,,,,,,,,,,,,,,,,,,,,,,,,,,,,,,,,,,,,,,,,,</column>
        <column id="4" name="City" type="1" readonly="1">,,,,,,,,,,,,,,,,,,,,,,,,,,,,,,,,,,,,,,,,,,,,,,,,,,,,,,,,,,,,,,,,,,,,,,,,,,,,,,,,,,,,,,,,,,,,,,,,,,,</column>
        <column id="5" name="Landing Pad" type="1" readonly="1">,,,,,,,,,,,,,,,,,,,,,,,,,,,,,,,,,,,,,,,,,,,,,,,,,,,,,,,,,,,,,,,,,,,,,,,,,,,,,,,,,,,,,,,,,,,,,,,,,,,</column>
        <column id="6" name="People" type="1" readonly="1">,,,,,,,,,,,,,,,,,,,,,,,,,,,,,,,,,,,,,,,,,,,,,,,,,,,,,,,,,,,,,,,,,,,,,,,,,,,,,,,,,,,,,,,,,,,,,,,,,,,</column>
        <column id="7" name="" type="1" readonly="1">,,,,,,,,,,,,,,,,,,,,,,,,,,,,,,,,,,,,,,,,,,,,,,,,,,,,,,,,,,,,,,,,,,,,,,,,,,,,,,,,,,,,,,,,,,,,,,,,,,,</column>
        <column id="8" name="" type="1" readonly="1">,,,,,,,,,,,,,,,,,,,,,,,,,,,,,,,,,,,,,,,,,,,,,,,,,,,,,,,,,,,,,,,,,,,,,,,,,,,,,,,,,,,,,,,,,,,,,,,,,,,</column>
        <column id="9" name="" type="1" readonly="1">,,,,,,,,,,,,,,,,,,,,,,,,,,,,,,,,,,,,,,,,,,,,,,,,,,,,,,,,,,,,,,,,,,,,,,,,,,,,,,,,,,,,,,,,,,,,,,,,,,,</column>
    </columns>
</table>
