<?xml version="1.0" encoding="utf-8"?>
<table version="1.000000" name="Galaxies" numRows="100" numCols="1" flags="9" tableType="0">
    <rows>
        <row id="0" name=""/>
        <row id="1" name=""/>
        <row id="2" name=""/>
        <row id="3" name=""/>
        <row id="4" name=""/>
        <row id="5" name=""/>
        <row id="6" name=""/>
        <row id="7" name=""/>
        <row id="8" name=""/>
        <row id="9" name=""/>
        <row id="10" name=""/>
        <row id="11" name=""/>
        <row id="12" name=""/>
        <row id="13" name=""/>
        <row id="14" name=""/>
        <row id="15" name=""/>
        <row id="16" name=""/>
        <row id="17" name=""/>
        <row id="18" name=""/>
        <row id="19" name=""/>
        <row id="20" name=""/>
        <row id="21" name=""/>
        <row id="22" name=""/>
        <row id="23" name=""/>
        <row id="24" name=""/>
        <row id="25" name=""/>
        <row id="26" name=""/>
        <row id="27" name=""/>
        <row id="28" name=""/>
        <row id="29" name=""/>
        <row id="30" name=""/>
        <row id="31" name=""/>
        <row id="32" name=""/>
        <row id="33" name=""/>
        <row id="34" name=""/>
        <row id="35" name=""/>
        <row id="36" name=""/>
        <row id="37" name=""/>
        <row id="38" name=""/>
        <row id="39" name=""/>
        <row id="40" name=""/>
        <row id="41" name=""/>
        <row id="42" name=""/>
        <row id="43" name=""/>
        <row id="44" name=""/>
        <row id="45" name=""/>
        <row id="46" name=""/>
        <row id="47" name=""/>
        <row id="48" name=""/>
        <row id="49" name=""/>
        <row id="50" name=""/>
        <row id="51" name=""/>
        <row id="52" name=""/>
        <row id="53" name=""/>
        <row id="54" name=""/>
        <row id="55" name=""/>
        <row id="56" name=""/>
        <row id="57" name=""/>
        <row id="58" name=""/>
        <row id="59" name=""/>
        <row id="60" name=""/>
        <row id="61" name=""/>
        <row id="62" name=""/>
        <row id="63" name=""/>
        <row id="64" name=""/>
        <row id="65" name=""/>
        <row id="66" name=""/>
        <row id="67" name=""/>
        <row id="68" name=""/>
        <row id="69" name=""/>
        <row id="70" name=""/>
        <row id="71" name=""/>
        <row id="72" name=""/>
        <row id="73" name=""/>
        <row id="74" name=""/>
        <row id="75" name=""/>
        <row id="76" name=""/>
        <row id="77" name=""/>
        <row id="78" name=""/>
        <row id="79" name=""/>
        <row id="80" name=""/>
        <row id="81" name=""/>
        <row id="82" name=""/>
        <row id="83" name=""/>
        <row id="84" name=""/>
        <row id="85" name=""/>
        <row id="86" name=""/>
        <row id="87" name=""/>
        <row id="88" name=""/>
        <row id="89" name=""/>
        <row id="90" name=""/>
        <row id="91" name=""/>
        <row id="92" name=""/>
        <row id="93" name=""/>
        <row id="94" name=""/>
        <row id="95" name=""/>
        <row id="96" name=""/>
        <row id="97" name=""/>
        <row id="98" name=""/>
        <row id="99" name=""/>
    </rows>
    <columns>
        <column id="0" name="Galaxy Name" type="1" readonly="0">Sigma Aurigae,Gamma Miriandynus,Beta Capella,Solymus Galaxy,Polystratus Star System,Fishscale Nebula,Eyelash Nebula,Zodiac Star System,Y-602,MAD 19J,Omega Librae,Carina Euthenia,Sigma Draconis,Achelois Galaxy,Polystratus Star System,Octopus Galaxy,Tiger Paw Cloud,Strawberry Star System,WG-506,FTM 02C,Serpens Amphiaraus,Beta Euthenia,Virgo Boreas,Eridani Nebula,Leporis Cloud,Tiger Paw Star System,Potato Star System,Octopus Cloud,PN-44,YAM 57H,Nemo Chronos,Gamma Aquarii,Centauri,Adastreia Cloud,Zagreus Nebula,Falling Star System,Kettle Galaxy,Ponytail Star System,LG-229,JP 22C,Corona Eioneus,Carina Chronos,Sagittarius,Arcturus Galaxy,Perileos Galaxy,Dragontooth Galaxy,Zodiac Cloud,Oculus Cloud,BZ-721,PKO 15F,Vela Peleus,Delta Ophiuchi,Omega Alatheia,Eubuleus Cloud,Solymus Nebula,Blue Ribbon Star System,Teacup Galaxy,Dandelion Cloud,F-430,ALN 51B,Serpens Hyperbius,Serpens Asteropaios,Serpens Miriandynus,Odysseus Nebula,Ophiuchi Galaxy,Fisheye Nebula,Tiger Paw Galaxy,Dragontooth Nebula,DH-420,SLM 80A,Omega Aurigae,Virgo Leporis,Gamma Achelois,Euthenia Nebula,Arcturus Cloud,Exploding Galaxy,Maelstrom Nebula,Turtle Shell Star System,CZ-457,DPT 94E,Carina Draconis,Nemo Acallaris,Canis Eubuleus,Hyperion Cloud,Hyperes Cloud,Abyss Star System,Lilypad Nebula,Iris Cloud,UM-213,ATT 40A,Sagitta Perseus,Sagitta Eubuleus,Borysthenis,Palioxis Galaxy,Zagreus Cloud,Clover Cloud,Clover Galaxy,Cat&apos;s Ear Galaxy,PD-46,DRD 17H</column>
    </columns>
</table>
