<?xml version="1.0" encoding="utf-8"?>
<table version="1.000000" name="ShipStore" numRows="10" numCols="5" flags="9" tableType="0">
    <rows>
        <row id="0" name=""/>
        <row id="1" name=""/>
        <row id="2" name=""/>
        <row id="3" name=""/>
        <row id="4" name=""/>
        <row id="5" name=""/>
        <row id="6" name=""/>
        <row id="7" name=""/>
        <row id="8" name=""/>
        <row id="9" name=""/>
    </rows>
    <columns>
        <column id="0" name="Ship Name" type="1" readonly="1">Tinky,Winky,Dipsy,Laa-Laa,Sun Baby,Jack,Bud,Johnny,Jim,Jameson</column>
        <column id="1" name="Ship Image" type="1" readonly="0">L1,L2,L3,L4,L5,L6,L7,L8,L9,L10</column>
        <column id="2" name="Price" type="3" readonly="1">0.990000,0.990000,0.990000,0.990000,0.990000,0.990000,0.990000,0.990000,0.990000,0.990000</column>
        <column id="3" name="" type="2" readonly="1">0,0,0,0,0,0,0,0,0,0</column>
        <column id="4" name="" type="2" readonly="0">400,400,400,400,400,400,400,400,400,400</column>
    </columns>
</table>
