<?xml version="1.0" encoding="utf-8"?>
<table version="1.000000" name="Ship Settings" numRows="1" numCols="4" flags="9" tableType="0">
    <rows>
        <row id="0" name=""/>
    </rows>
    <columns>
        <column id="0" name="Height" type="3" readonly="0">500.000000</column>
        <column id="1" name="Max Height" type="3" readonly="1">3000.000000</column>
        <column id="2" name="Ship Gravity" type="3" readonly="1">300.000000</column>
        <column id="3" name="Increase Gravity" type="3" readonly="0">75.000000</column>
    </columns>
</table>
